dataset,seed,shot,category,sample_id,sample_index,original_path,visual_contrast,text_contrast,dynamic_contrast,dynamic_minus_visual_contrast,visual_image_score,text_image_score,dynamic_image_score,visual_weight
mvtec,0,4,bottle,bottle-broken_large-000,0,D:\STUDY\My_github\sci_project\data\mvtec\bottle\test\broken_large\000.png,0.5979525446891785,0.6068440675735474,0.24252867698669434,-0.35542386770248413,0.35696208477020264,0.9904986023902893,0.9264829158782959,0.8756372332572937
mvtec,0,4,bottle,bottle-broken_large-001,1,D:\STUDY\My_github\sci_project\data\mvtec\bottle\test\broken_large\001.png,0.577102780342102,0.628084659576416,0.2606108784675598,-0.31649190187454224,0.35908043384552,0.9843782782554626,0.6607292890548706,0.6423099040985107
mvtec,0,4,bottle,bottle-broken_large-002,2,D:\STUDY\My_github\sci_project\data\mvtec\bottle\test\broken_large\002.png,0.4708513915538788,0.4120306968688965,0.27989399433135986,-0.19095739722251892,0.42093196511268616,0.9785203337669373,0.5239120125770569,0.5216495990753174
mvtec,0,4,bottle,bottle-broken_large-003,3,D:\STUDY\My_github\sci_project\data\mvtec\bottle\test\broken_large\003.png,0.427619993686676,0.33769917488098145,0.4911932945251465,0.06357330083847046,0.3815734386444092,0.9701557755470276,0.501102089881897,0.501029372215271
mvtec,0,4,bottle,bottle-broken_large-004,4,D:\STUDY\My_github\sci_project\data\mvtec\bottle\test\broken_large\004.png,0.6140482425689697,0.6815160512924194,0.2866441607475281,-0.32740408182144165,0.3277061879634857,0.9942231774330139,0.9596314430236816,0.8282761573791504
mvtec,0,4,bottle,bottle-broken_large-005,5,D:\STUDY\My_github\sci_project\data\mvtec\bottle\test\broken_large\005.png,0.6186109781265259,0.698015570640564,0.36181938648223877,-0.2567915916442871,0.3217233717441559,0.9908202290534973,0.9322564601898193,0.8787003755569458
mvtec,0,4,bottle,bottle-broken_large-006,6,D:\STUDY\My_github\sci_project\data\mvtec\bottle\test\broken_large\006.png,0.4856189489364624,0.30410873889923096,0.1853967308998108,-0.3002222180366516,0.32324841618537903,0.9883644580841064,0.8610419034957886,0.8214694261550903
mvtec,0,4,bottle,bottle-broken_large-007,7,D:\STUDY\My_github\sci_project\data\mvtec\bottle\test\broken_large\007.png,0.5050873756408691,0.5898363590240479,0.25193291902542114,-0.253154456615448,0.331672728061676,0.982138991355896,0.5817900896072388,0.572841227054596
mvtec,0,4,bottle,bottle-broken_large-008,8,D:\STUDY\My_github\sci_project\data\mvtec\bottle\test\broken_large\008.png,0.475830078125,0.663183331489563,0.2773207426071167,-0.1985093355178833,0.3560335636138916,0.9923288226127625,0.9495848417282104,0.8749561905860901
mvtec,0,4,bottle,bottle-broken_large-009,9,D:\STUDY\My_github\sci_project\data\mvtec\bottle\test\broken_large\009.png,0.4548337161540985,0.27763399481773376,0.296852171421051,-0.15798154473304749,0.33799394965171814,0.9853293299674988,0.7062819600105286,0.6826013922691345
mvtec,0,4,bottle,bottle-broken_large-010,10,D:\STUDY\My_github\sci_project\data\mvtec\bottle\test\broken_large\010.png,0.4919905364513397,0.3933219611644745,0.20281654596328735,-0.28917399048805237,0.35417526960372925,0.987542986869812,0.8229538798332214,0.7871224284172058
mvtec,0,4,bottle,bottle-broken_large-011,11,D:\STUDY\My_github\sci_project\data\mvtec\bottle\test\broken_large\011.png,0.5190843343734741,0.5218622088432312,0.43554723262786865,-0.08353710174560547,0.44760653376579285,0.9751969575881958,0.5072258114814758,0.5066380500793457
mvtec,0,4,bottle,bottle-broken_large-012,12,D:\STUDY\My_github\sci_project\data\mvtec\bottle\test\broken_large\012.png,0.5386657118797302,0.3195865750312805,0.32636964321136475,-0.21229606866836548,0.30825793743133545,0.9881407022476196,0.8512812852859497,0.8126915693283081
mvtec,0,4,bottle,bottle-broken_large-013,13,D:\STUDY\My_github\sci_project\data\mvtec\bottle\test\broken_large\013.png,0.4594903588294983,0.5834682583808899,0.2581424117088318,-0.2013479471206665,0.3698268234729767,0.9867760539054871,0.7831481099128723,0.7512431740760803
mvtec,0,4,bottle,bottle-broken_large-014,14,D:\STUDY\My_github\sci_project\data\mvtec\bottle\test\broken_large\014.png,0.5472486019134521,0.7767898440361023,0.3267788887023926,-0.22046971321105957,0.4238114058971405,0.9958266615867615,0.967195451259613,0.7592850923538208
mvtec,0,4,bottle,bottle-broken_large-015,15,D:\STUDY\My_github\sci_project\data\mvtec\bottle\test\broken_large\015.png,0.5347093343734741,0.6218563914299011,0.2808239459991455,-0.2538853883743286,0.3191121220588684,0.9916526675224304,0.9434830546379089,0.8803247213363647
mvtec,0,4,bottle,bottle-broken_large-016,16,D:\STUDY\My_github\sci_project\data\mvtec\bottle\test\broken_large\016.png,0.5283516645431519,0.5699329972267151,0.2636415362358093,-0.26471012830734253,0.3493061661720276,0.9884055852890015,0.8627802133560181,0.8230288028717041
mvtec,0,4,bottle,bottle-broken_large-017,17,D:\STUDY\My_github\sci_project\data\mvtec\bottle\test\broken_large\017.png,0.5025802254676819,0.3786836266517639,0.241965651512146,-0.2606145739555359,0.3275890052318573,0.9883356094360352,0.8598120808601379,0.8203653693199158
mvtec,0,4,bottle,bottle-broken_large-018,18,D:\STUDY\My_github\sci_project\data\mvtec\bottle\test\broken_large\018.png,0.533649206161499,0.6414870023727417,0.24595487117767334,-0.2876943349838257,0.36804068088531494,0.9935437440872192,0.9566249251365662,0.8502203226089478
mvtec,0,4,bottle,bottle-broken_large-019,19,D:\STUDY\My_github\sci_project\data\mvtec\bottle\test\broken_large\019.png,0.48905590176582336,0.43516671657562256,0.24496722221374512,-0.24408867955207825,0.3530324101448059,0.9896032214164734,0.9051453471183777,0.8599339127540588
mvtec,0,4,bottle,bottle-broken_small-000,20,D:\STUDY\My_github\sci_project\data\mvtec\bottle\test\broken_small\000.png,0.7081441879272461,0.7517215609550476,0.5399252772331238,-0.16821891069412231,0.23338308930397034,0.9784911870956421,0.5236672163009644,0.5214309096336365
mvtec,0,4,bottle,bottle-broken_small-001,21,D:\STUDY\My_github\sci_project\data\mvtec\bottle\test\broken_small\001.png,0.6944512128829956,0.8532665371894836,0.47185635566711426,-0.22259485721588135,0.2802909314632416,0.9928427934646606,0.9529984593391418,0.8668469190597534
mvtec,0,4,bottle,bottle-broken_small-002,22,D:\STUDY\My_github\sci_project\data\mvtec\bottle\test\broken_small\002.png,0.5634768009185791,0.6718571186065674,0.3014938235282898,-0.2619829773902893,0.31820228695869446,0.9928118586540222,0.9528153538703918,0.8674334287643433
mvtec,0,4,bottle,bottle-broken_small-003,23,D:\STUDY\My_github\sci_project\data\mvtec\bottle\test\broken_small\003.png,0.6040048003196716,0.7349826097488403,0.4206089377403259,-0.1833958625793457,0.3190377354621887,0.9881866574287415,0.8533268570899963,0.8145337104797363
mvtec,0,4,bottle,bottle-broken_small-004,24,D:\STUDY\My_github\sci_project\data\mvtec\bottle\test\broken_small\004.png,0.5909391641616821,0.843358039855957,0.3439188003540039,-0.24702036380767822,0.33355721831321716,0.9924490451812744,0.9504613280296326,0.8733714818954468
mvtec,0,4,bottle,bottle-broken_small-005,25,D:\STUDY\My_github\sci_project\data\mvtec\bottle\test\broken_small\005.png,0.70296710729599,0.7686759233474731,0.3079805374145508,-0.3949865698814392,0.32550981640815735,0.9829208254814148,0.6046888828277588,0.5929806232452393
mvtec,0,4,bottle,bottle-broken_small-006,26,D:\STUDY\My_github\sci_project\data\mvtec\bottle\test\broken_small\006.png,0.6743079423904419,0.7441317439079285,0.4044502377510071,-0.2698577046394348,0.2944720685482025,0.9938117265701294,0.9578379988670349,0.8422185778617859
mvtec,0,4,bottle,bottle-broken_small-007,27,D:\STUDY\My_github\sci_project\data\mvtec\bottle\test\broken_small\007.png,0.6677663326263428,0.648705780506134,0.5385551452636719,-0.1292111873626709,0.2652251720428467,0.9858659505844116,0.7342683672904968,0.7074888944625854
mvtec,0,4,bottle,bottle-broken_small-008,28,D:\STUDY\My_github\sci_project\data\mvtec\bottle\test\broken_small\008.png,0.6883862614631653,0.8145193457603455,0.2850266098976135,-0.40335965156555176,0.28665095567703247,0.9933100938796997,0.9555074572563171,0.856465756893158
mvtec,0,4,bottle,bottle-broken_small-009,29,D:\STUDY\My_github\sci_project\data\mvtec\bottle\test\broken_small\009.png,0.7637230753898621,0.8728656768798828,0.3103789687156677,-0.45334410667419434,0.47782638669013977,0.9928256273269653,0.9528971910476685,0.867173969745636
mvtec,0,4,bottle,bottle-broken_small-010,30,D:\STUDY\My_github\sci_project\data\mvtec\bottle\test\broken_small\010.png,0.6415282487869263,0.6950803399085999,0.30497539043426514,-0.33655285835266113,0.3397306501865387,0.9941883087158203,0.9594805240631104,0.8295318484306335
mvtec,0,4,bottle,bottle-broken_small-011,31,D:\STUDY\My_github\sci_project\data\mvtec\bottle\test\broken_small\011.png,0.7088930606842041,0.831748902797699,0.4628869891166687,-0.2460060715675354,0.3335913121700287,0.988645076751709,0.872543215751648,0.8317542672157288
mvtec,0,4,bottle,bottle-broken_small-012,32,D:\STUDY\My_github\sci_project\data\mvtec\bottle\test\broken_small\012.png,0.5760201215744019,0.574168860912323,0.34346288442611694,-0.2325572371482849,0.3772348463535309,0.9854273796081543,0.7113001942634583,0.687055766582489
mvtec,0,4,bottle,bottle-broken_small-013,33,D:\STUDY\My_github\sci_project\data\mvtec\bottle\test\broken_small\013.png,0.472841739654541,0.5898303985595703,0.3647077679634094,-0.10813397169113159,0.24706310033798218,0.9927692413330078,0.9525589942932129,0.868220865726471
mvtec,0,4,bottle,bottle-broken_small-014,34,D:\STUDY\My_github\sci_project\data\mvtec\bottle\test\broken_small\014.png,0.6463788151741028,0.7257112264633179,0.5671732425689697,-0.07920557260513306,0.24183647334575653,0.984271228313446,0.656014621257782,0.6381522417068481
mvtec,0,4,bottle,bottle-broken_small-015,35,D:\STUDY\My_github\sci_project\data\mvtec\bottle\test\broken_small\015.png,0.673896312713623,0.8280524611473083,0.301826536655426,-0.372069776058197,0.31387725472450256,0.9928624033927917,0.9531132578849792,0.866468608379364
mvtec,0,4,bottle,bottle-broken_small-016,36,D:\STUDY\My_github\sci_project\data\mvtec\bottle\test\broken_small\016.png,0.6550748944282532,0.8385693430900574,0.3513050675392151,-0.3037698268890381,0.43134060502052307,0.9923793077468872,0.949959397315979,0.8743139505386353
mvtec,0,4,bottle,bottle-broken_small-017,37,D:\STUDY\My_github\sci_project\data\mvtec\bottle\test\broken_small\017.png,0.654271125793457,0.7678731679916382,0.3692857623100281,-0.28498536348342896,0.32093825936317444,0.9937599301338196,0.9576076865196228,0.8438335657119751
mvtec,0,4,bottle,bottle-broken_small-018,38,D:\STUDY\My_github\sci_project\data\mvtec\bottle\test\broken_small\018.png,0.5644842386245728,0.7873081564903259,0.3104756474494934,-0.25400859117507935,0.4148486256599426,0.9940709471702576,0.9589722156524658,0.8336597084999084
mvtec,0,4,bottle,bottle-broken_small-019,39,D:\STUDY\My_github\sci_project\data\mvtec\bottle\test\broken_small\019.png,0.6618665456771851,0.7268539667129517,0.3031259775161743,-0.35874056816101074,0.4138457179069519,0.9868861436843872,0.7890152335166931,0.756519615650177
mvtec,0,4,bottle,bottle-broken_small-020,40,D:\STUDY\My_github\sci_project\data\mvtec\bottle\test\broken_small\020.png,0.6072007417678833,0.7870011925697327,0.3118612766265869,-0.2953394651412964,0.35574108362197876,0.9936015009880066,0.9568914771080017,0.8485705256462097
mvtec,0,4,bottle,bottle-broken_small-021,41,D:\STUDY\My_github\sci_project\data\mvtec\bottle\test\broken_small\021.png,0.6646221876144409,0.8064184188842773,0.39329975843429565,-0.27132242918014526,0.39904269576072693,0.9935345649719238,0.956582248210907,0.8504787087440491
mvtec,0,4,bottle,bottle-contamination-000,42,D:\STUDY\My_github\sci_project\data\mvtec\bottle\test\contamination\000.png,0.640998125076294,0.45863160490989685,0.25507652759552,-0.3859215974807739,0.39028364419937134,0.9715319275856018,0.5018540024757385,0.5017249584197998
mvtec,0,4,bottle,bottle-contamination-001,43,D:\STUDY\My_github\sci_project\data\mvtec\bottle\test\contamination\001.png,0.5559219121932983,0.23759877681732178,0.21690213680267334,-0.339019775390625,0.2840965688228607,0.964561939239502,0.500121533870697,0.5001148581504822
mvtec,0,4,bottle,bottle-contamination-002,44,D:\STUDY\My_github\sci_project\data\mvtec\bottle\test\contamination\002.png,0.6126766800880432,0.759307324886322,0.4563431739807129,-0.15633350610733032,0.27674710750579834,0.9855761528015137,0.7190037965774536,0.6939005255699158
mvtec,0,4,bottle,bottle-contamination-003,45,D:\STUDY\My_github\sci_project\data\mvtec\bottle\test\contamination\003.png,0.6007131338119507,0.12412416934967041,0.45540714263916016,-0.14530599117279053,0.2657790780067444,0.9522528648376465,0.49999985098838806,0.49999988079071045
mvtec,0,4,bottle,bottle-contamination-004,46,D:\STUDY\My_github\sci_project\data\mvtec\bottle\test\contamination\004.png,0.5609145164489746,0.3623470067977905,0.4362274408340454,-0.1246870756149292,0.3377293348312378,0.9528809189796448,0.49999985098838806,0.49999988079071045
mvtec,0,4,bottle,bottle-contamination-005,47,D:\STUDY\My_github\sci_project\data\mvtec\bottle\test\contamination\005.png,0.6542729139328003,0.5515130758285522,0.2940846085548401,-0.3601883053779602,0.5368642210960388,0.9980436563491821,0.9797073006629944,0.6564149260520935
mvtec,0,4,bottle,bottle-contamination-006,48,D:\STUDY\My_github\sci_project\data\mvtec\bottle\test\contamination\006.png,0.5426240563392639,0.4356392025947571,0.32759928703308105,-0.21502476930618286,0.6227423548698425,0.9707884192466736,0.5014007687568665,0.5013060569763184
mvtec,0,4,bottle,bottle-contamination-007,49,D:\STUDY\My_github\sci_project\data\mvtec\bottle\test\contamination\007.png,0.7509052753448486,0.7017128467559814,0.6605348587036133,-0.09037041664123535,0.7057467103004456,0.9883557558059692,0.8606718182563782,0.8211373090744019
mvtec,0,4,bottle,bottle-contamination-008,50,D:\STUDY\My_github\sci_project\data\mvtec\bottle\test\contamination\008.png,0.4443797767162323,0.19452162086963654,0.23398470878601074,-0.21039506793022156,0.4535888135433197,0.9758782982826233,0.5092657208442688,0.508488655090332
mvtec,0,4,bottle,bottle-contamination-009,51,D:\STUDY\My_github\sci_project\data\mvtec\bottle\test\contamination\009.png,0.4207119941711426,0.1741538941860199,0.2055920958518982,-0.21511989831924438,0.46227580308914185,0.978901207447052,0.5273419618606567,0.5247102975845337
mvtec,0,4,bottle,bottle-contamination-010,52,D:\STUDY\My_github\sci_project\data\mvtec\bottle\test\contamination\010.png,0.4394134283065796,0.15432476997375488,0.21693813800811768,-0.22247529029846191,0.49660158157348633,0.9471526741981506,0.49999985098838806,0.49999988079071045
mvtec,0,4,bottle,bottle-contamination-011,53,D:\STUDY\My_github\sci_project\data\mvtec\bottle\test\contamination\011.png,0.6059162616729736,0.4223175346851349,0.23412907123565674,-0.3717871904373169,0.40504592657089233,0.9728366732597351,0.5030215382575989,0.5027996897697449
mvtec,0,4,bottle,bottle-contamination-012,54,D:\STUDY\My_github\sci_project\data\mvtec\bottle\test\contamination\012.png,0.47964489459991455,0.04482080787420273,0.2626800537109375,-0.21696484088897705,0.3841208815574646,0.9675255417823792,0.5004005432128906,0.5003764629364014
mvtec,0,4,bottle,bottle-contamination-013,55,D:\STUDY\My_github\sci_project\data\mvtec\bottle\test\contamination\013.png,0.7725585103034973,0.43814653158187866,0.508460283279419,-0.26409822702407837,0.5397802591323853,0.937102198600769,0.49999985098838806,0.49999988079071045
mvtec,0,4,bottle,bottle-contamination-014,56,D:\STUDY\My_github\sci_project\data\mvtec\bottle\test\contamination\014.png,0.6186347007751465,0.812587320804596,0.44119328260421753,-0.17744141817092896,0.4538310170173645,0.9862057566642761,0.752465009689331,0.7237338423728943
mvtec,0,4,bottle,bottle-contamination-015,57,D:\STUDY\My_github\sci_project\data\mvtec\bottle\test\contamination\015.png,0.5561361312866211,0.5414308905601501,0.2905071973800659,-0.2656289339065552,0.5112823247909546,0.9821345806121826,0.5816741585731506,0.5727391839027405
mvtec,0,4,bottle,bottle-contamination-016,58,D:\STUDY\My_github\sci_project\data\mvtec\bottle\test\contamination\016.png,0.4652253985404968,0.11798535287380219,0.3458179831504822,-0.11940741539001465,0.3001493215560913,0.9623337984085083,0.5000450611114502,0.500042736530304
mvtec,0,4,bottle,bottle-contamination-017,59,D:\STUDY\My_github\sci_project\data\mvtec\bottle\test\contamination\017.png,0.7365421652793884,0.7894953489303589,0.2864413857460022,-0.45010077953338623,0.5878292918205261,0.9934037327766418,0.955963671207428,0.8540459871292114
mvtec,0,4,bottle,bottle-contamination-018,60,D:\STUDY\My_github\sci_project\data\mvtec\bottle\test\contamination\018.png,0.802963137626648,0.8316805362701416,0.3023534417152405,-0.5006096959114075,0.4625436067581177,0.9978518486022949,0.9786457419395447,0.6645179986953735
mvtec,0,4,bottle,bottle-contamination-019,61,D:\STUDY\My_github\sci_project\data\mvtec\bottle\test\contamination\019.png,0.5072775483131409,0.23055823147296906,0.4350784122943878,-0.07219913601875305,0.22730731964111328,0.9601266384124756,0.5000126957893372,0.5000120997428894
mvtec,0,4,bottle,bottle-contamination-020,62,D:\STUDY\My_github\sci_project\data\mvtec\bottle\test\contamination\020.png,0.4472816586494446,0.09138315171003342,0.26784974336624146,-0.17943191528320312,0.34113240242004395,0.9497323632240295,0.49999985098838806,0.49999988079071045
mvtec,0,4,cable,cable-bent_wire-000,0,D:\STUDY\My_github\sci_project\data\mvtec\cable\test\bent_wire\000.png,0.5758480429649353,0.2760501801967621,0.7120314836502075,0.13618344068527222,0.3492880165576935,0.9178305864334106,0.49999985098838806,0.49999988079071045
mvtec,0,4,cable,cable-bent_wire-001,1,D:\STUDY\My_github\sci_project\data\mvtec\cable\test\bent_wire\001.png,0.6264983415603638,0.5180460810661316,0.7579877376556396,0.13148939609527588,0.37930533289909363,0.9040704965591431,0.49999985098838806,0.49999988079071045
mvtec,0,4,cable,cable-bent_wire-002,2,D:\STUDY\My_github\sci_project\data\mvtec\cable\test\bent_wire\002.png,0.5846805572509766,0.5142183899879456,0.8446014523506165,0.2599208950996399,0.4108022153377533,0.9312905669212341,0.49999985098838806,0.49999988079071045
mvtec,0,4,cable,cable-bent_wire-003,3,D:\STUDY\My_github\sci_project\data\mvtec\cable\test\bent_wire\003.png,0.6734802722930908,0.5006551146507263,0.753935694694519,0.08045542240142822,0.4721826910972595,0.9141479134559631,0.49999985098838806,0.49999988079071045
mvtec,0,4,cable,cable-bent_wire-004,4,D:\STUDY\My_github\sci_project\data\mvtec\cable\test\bent_wire\004.png,0.7032900452613831,0.4233687222003937,0.8210309147834778,0.11774086952209473,0.5873460173606873,0.8815507888793945,0.49999985098838806,0.49999988079071045
mvtec,0,4,cable,cable-bent_wire-005,5,D:\STUDY\My_github\sci_project\data\mvtec\cable\test\bent_wire\005.png,0.6141803860664368,0.47520720958709717,0.7796412706375122,0.16546088457107544,0.4600496292114258,0.9355984926223755,0.49999985098838806,0.49999988079071045
mvtec,0,4,cable,cable-bent_wire-006,6,D:\STUDY\My_github\sci_project\data\mvtec\cable\test\bent_wire\006.png,0.5280442237854004,0.4517945647239685,0.7435329556465149,0.2154887318611145,0.4156797230243683,0.9429313540458679,0.49999985098838806,0.49999988079071045
mvtec,0,4,cable,cable-bent_wire-007,7,D:\STUDY\My_github\sci_project\data\mvtec\cable\test\bent_wire\007.png,0.6342700123786926,0.5096001625061035,0.652949333190918,0.018679320812225342,0.47262126207351685,0.9474102258682251,0.49999985098838806,0.49999988079071045
mvtec,0,4,cable,cable-bent_wire-008,8,D:\STUDY\My_github\sci_project\data\mvtec\cable\test\bent_wire\008.png,0.4956021308898926,0.42415475845336914,0.588115930557251,0.0925137996673584,0.3030208349227905,0.9340529441833496,0.49999985098838806,0.49999988079071045
mvtec,0,4,cable,cable-bent_wire-009,9,D:\STUDY\My_github\sci_project\data\mvtec\cable\test\bent_wire\009.png,0.6229671835899353,0.3619604706764221,0.6890422701835632,0.06607508659362793,0.4695073366165161,0.9075403809547424,0.49999985098838806,0.49999988079071045
mvtec,0,4,cable,cable-bent_wire-010,10,D:\STUDY\My_github\sci_project\data\mvtec\cable\test\bent_wire\010.png,0.6331228613853455,0.3906995952129364,0.6403523087501526,0.007229447364807129,0.5513586401939392,0.8744307160377502,0.49999985098838806,0.49999988079071045
mvtec,0,4,cable,cable-bent_wire-011,11,D:\STUDY\My_github\sci_project\data\mvtec\cable\test\bent_wire\011.png,0.6137334108352661,0.4053206145763397,0.7214609384536743,0.1077275276184082,0.49782007932662964,0.953403651714325,0.49999985098838806,0.49999988079071045
mvtec,0,4,cable,cable-bent_wire-012,12,D:\STUDY\My_github\sci_project\data\mvtec\cable\test\bent_wire\012.png,0.5233372449874878,0.5633544921875,0.8394948840141296,0.31615763902664185,0.4320150911808014,0.949282169342041,0.49999985098838806,0.49999988079071045
mvtec,0,4,cable,cable-cable_swap-000,13,D:\STUDY\My_github\sci_project\data\mvtec\cable\test\cable_swap\000.png,0.19952869415283203,0.21705354750156403,0.39525145292282104,0.195722758769989,0.1961168646812439,0.9289007186889648,0.49999985098838806,0.49999988079071045
mvtec,0,4,cable,cable-cable_swap-001,14,D:\STUDY\My_github\sci_project\data\mvtec\cable\test\cable_swap\001.png,0.13173189759254456,0.16120818257331848,0.42700135707855225,0.2952694594860077,0.22059795260429382,0.9705360531806946,0.49999985098838806,0.49999988079071045
mvtec,0,4,cable,cable-cable_swap-002,15,D:\STUDY\My_github\sci_project\data\mvtec\cable\test\cable_swap\002.png,0.06993472576141357,0.16700083017349243,0.2632746994495392,0.1933399736881256,0.21222275495529175,0.9282817244529724,0.49999985098838806,0.49999988079071045
mvtec,0,4,cable,cable-cable_swap-003,16,D:\STUDY\My_github\sci_project\data\mvtec\cable\test\cable_swap\003.png,0.06239122152328491,0.24216105043888092,0.297781378030777,0.23539015650749207,0.21143238246440887,0.9130232930183411,0.49999985098838806,0.49999988079071045
mvtec,0,4,cable,cable-cable_swap-004,17,D:\STUDY\My_github\sci_project\data\mvtec\cable\test\cable_swap\004.png,0.1729513704776764,0.20202243328094482,0.21671238541603088,0.04376101493835449,0.20383299887180328,0.9633122682571411,0.49999985098838806,0.49999988079071045
mvtec,0,4,cable,cable-cable_swap-005,18,D:\STUDY\My_github\sci_project\data\mvtec\cable\test\cable_swap\005.png,0.09095916152000427,0.22064092755317688,0.3469513952732086,0.25599223375320435,0.1943296194076538,0.9473313689231873,0.49999985098838806,0.49999988079071045
mvtec,0,4,cable,cable-cable_swap-006,19,D:\STUDY\My_github\sci_project\data\mvtec\cable\test\cable_swap\006.png,0.11009296774864197,0.1724020391702652,0.3136844336986542,0.2035914659500122,0.183577299118042,0.9412705898284912,0.49999985098838806,0.49999988079071045
mvtec,0,4,cable,cable-cable_swap-007,20,D:\STUDY\My_github\sci_project\data\mvtec\cable\test\cable_swap\007.png,0.2238115668296814,0.13523747026920319,0.37139013409614563,0.14757856726646423,0.1981540024280548,0.9610974192619324,0.49999985098838806,0.49999988079071045
mvtec,0,4,cable,cable-cable_swap-008,21,D:\STUDY\My_github\sci_project\data\mvtec\cable\test\cable_swap\008.png,0.19848445057868958,0.37572887539863586,0.6232625842094421,0.42477813363075256,0.1997549831867218,0.9502697587013245,0.49999985098838806,0.49999988079071045
mvtec,0,4,cable,cable-cable_swap-009,22,D:\STUDY\My_github\sci_project\data\mvtec\cable\test\cable_swap\009.png,0.1414569765329361,0.16452762484550476,0.37712812423706055,0.23567114770412445,0.2407626211643219,0.9457237124443054,0.49999985098838806,0.49999988079071045
mvtec,0,4,cable,cable-cable_swap-010,23,D:\STUDY\My_github\sci_project\data\mvtec\cable\test\cable_swap\010.png,0.09031134843826294,0.183334618806839,0.3372195363044739,0.24690818786621094,0.1953333467245102,0.9335495233535767,0.49999985098838806,0.49999988079071045
mvtec,0,4,cable,cable-cable_swap-011,24,D:\STUDY\My_github\sci_project\data\mvtec\cable\test\cable_swap\011.png,0.16913607716560364,0.14414331316947937,0.15499813854694366,-0.014137938618659973,0.2059606909751892,0.9556621313095093,0.49999985098838806,0.49999988079071045
mvtec,0,4,cable,cable-combined-000,25,D:\STUDY\My_github\sci_project\data\mvtec\cable\test\combined\000.png,0.46083080768585205,0.468694269657135,0.48141348361968994,0.02058267593383789,0.4439345598220825,0.9454972743988037,0.49999985098838806,0.49999988079071045
mvtec,0,4,cable,cable-combined-001,26,D:\STUDY\My_github\sci_project\data\mvtec\cable\test\combined\001.png,0.5636208653450012,0.35577628016471863,0.6410897970199585,0.07746893167495728,0.4779289662837982,0.9602372050285339,0.49999985098838806,0.49999988079071045
mvtec,0,4,cable,cable-combined-002,27,D:\STUDY\My_github\sci_project\data\mvtec\cable\test\combined\002.png,0.5396170616149902,0.5763744115829468,0.5928378105163574,0.05322074890136719,0.3603088855743408,0.9216343760490417,0.49999985098838806,0.49999988079071045
mvtec,0,4,cable,cable-combined-003,28,D:\STUDY\My_github\sci_project\data\mvtec\cable\test\combined\003.png,0.49238666892051697,0.5685886740684509,0.5813246965408325,0.08893802762031555,0.42835232615470886,0.9743974208831787,0.49999985098838806,0.49999988079071045
mvtec,0,4,cable,cable-combined-004,29,D:\STUDY\My_github\sci_project\data\mvtec\cable\test\combined\004.png,0.36544349789619446,0.2628535032272339,0.4453447461128235,0.07990124821662903,0.28989383578300476,0.8966426849365234,0.49999985098838806,0.49999988079071045
mvtec,0,4,cable,cable-combined-005,30,D:\STUDY\My_github\sci_project\data\mvtec\cable\test\combined\005.png,0.3036664128303528,0.2817590832710266,0.5571877360343933,0.2535213232040405,0.4347810745239258,0.9511700868606567,0.49999985098838806,0.49999988079071045
mvtec,0,4,cable,cable-combined-006,31,D:\STUDY\My_github\sci_project\data\mvtec\cable\test\combined\006.png,0.4361608028411865,0.35745981335639954,0.666961669921875,0.23080086708068848,0.4560249149799347,0.9772308468818665,0.49999985098838806,0.49999988079071045
mvtec,0,4,cable,cable-combined-007,32,D:\STUDY\My_github\sci_project\data\mvtec\cable\test\combined\007.png,0.15257813036441803,0.2188948392868042,0.45029157400131226,0.2977134436368942,0.35703179240226746,0.9756909012794495,0.49999985098838806,0.49999988079071045
mvtec,0,4,cable,cable-combined-008,33,D:\STUDY\My_github\sci_project\data\mvtec\cable\test\combined\008.png,0.45185646414756775,0.48353782296180725,0.8258471488952637,0.3739906847476959,0.506670355796814,0.9608321189880371,0.49999985098838806,0.49999988079071045
mvtec,0,4,cable,cable-combined-009,34,D:\STUDY\My_github\sci_project\data\mvtec\cable\test\combined\009.png,0.22512947022914886,0.2339990735054016,0.5808135271072388,0.3556840568780899,0.40007975697517395,0.9512404203414917,0.49999985098838806,0.49999988079071045
mvtec,0,4,cable,cable-combined-010,35,D:\STUDY\My_github\sci_project\data\mvtec\cable\test\combined\010.png,0.45133209228515625,0.24433909356594086,0.44975531101226807,-0.0015767812728881836,0.4384111762046814,0.980897843837738,0.5000935792922974,0.5000885128974915
mvtec,0,4,cable,cable-cut_inner_insulation-000,36,D:\STUDY\My_github\sci_project\data\mvtec\cable\test\cut_inner_insulation\000.png,0.4434472620487213,0.36152884364128113,0.6878476738929749,0.24440041184425354,0.3661437928676605,0.9106777310371399,0.49999985098838806,0.49999988079071045
mvtec,0,4,cable,cable-cut_inner_insulation-001,37,D:\STUDY\My_github\sci_project\data\mvtec\cable\test\cut_inner_insulation\001.png,0.48377782106399536,0.30914655327796936,0.5109811425209045,0.02720332145690918,0.28893524408340454,0.9297319650650024,0.49999985098838806,0.49999988079071045
mvtec,0,4,cable,cable-cut_inner_insulation-002,38,D:\STUDY\My_github\sci_project\data\mvtec\cable\test\cut_inner_insulation\002.png,0.4715493619441986,0.4272087812423706,0.45309963822364807,-0.018449723720550537,0.31034985184669495,0.96030193567276,0.49999985098838806,0.49999988079071045
mvtec,0,4,cable,cable-cut_inner_insulation-003,39,D:\STUDY\My_github\sci_project\data\mvtec\cable\test\cut_inner_insulation\003.png,0.36030274629592896,0.31536316871643066,0.5160185098648071,0.15571576356887817,0.315289169549942,0.9413674473762512,0.49999985098838806,0.49999988079071045
mvtec,0,4,cable,cable-cut_inner_insulation-004,40,D:\STUDY\My_github\sci_project\data\mvtec\cable\test\cut_inner_insulation\004.png,0.5328211784362793,0.4190361201763153,0.7824922800064087,0.2496711015701294,0.4204370677471161,0.9187690615653992,0.49999985098838806,0.49999988079071045
mvtec,0,4,cable,cable-cut_inner_insulation-005,41,D:\STUDY\My_github\sci_project\data\mvtec\cable\test\cut_inner_insulation\005.png,0.35628223419189453,0.430858314037323,0.5083129405975342,0.15203070640563965,0.26837143301963806,0.9552376866340637,0.49999985098838806,0.49999988079071045
mvtec,0,4,cable,cable-cut_inner_insulation-006,42,D:\STUDY\My_github\sci_project\data\mvtec\cable\test\cut_inner_insulation\006.png,0.4276359975337982,0.2989751100540161,0.6166713237762451,0.1890353262424469,0.31987541913986206,0.925265908241272,0.49999985098838806,0.49999988079071045
mvtec,0,4,cable,cable-cut_inner_insulation-007,43,D:\STUDY\My_github\sci_project\data\mvtec\cable\test\cut_inner_insulation\007.png,0.32984137535095215,0.338977575302124,0.5186407566070557,0.18879938125610352,0.3141908347606659,0.9222943186759949,0.49999985098838806,0.49999988079071045
mvtec,0,4,cable,cable-cut_inner_insulation-008,44,D:\STUDY\My_github\sci_project\data\mvtec\cable\test\cut_inner_insulation\008.png,0.48597878217697144,0.31853798031806946,0.5721016526222229,0.08612287044525146,0.31020206212997437,0.932290256023407,0.49999985098838806,0.49999988079071045
mvtec,0,4,cable,cable-cut_inner_insulation-009,45,D:\STUDY\My_github\sci_project\data\mvtec\cable\test\cut_inner_insulation\009.png,0.4111810028553009,0.3765093684196472,0.6682474613189697,0.2570664584636688,0.3083786964416504,0.9570844769477844,0.49999985098838806,0.49999988079071045
mvtec,0,4,cable,cable-cut_inner_insulation-010,46,D:\STUDY\My_github\sci_project\data\mvtec\cable\test\cut_inner_insulation\010.png,0.4240013659000397,0.46018093824386597,0.5145031213760376,0.09050175547599792,0.2713826596736908,0.9328793883323669,0.49999985098838806,0.49999988079071045
mvtec,0,4,cable,cable-cut_inner_insulation-011,47,D:\STUDY\My_github\sci_project\data\mvtec\cable\test\cut_inner_insulation\011.png,0.347135454416275,0.24062053859233856,0.44202661514282227,0.09489116072654724,0.3378068506717682,0.8918566107749939,0.49999985098838806,0.49999988079071045
mvtec,0,4,cable,cable-cut_inner_insulation-012,48,D:\STUDY\My_github\sci_project\data\mvtec\cable\test\cut_inner_insulation\012.png,0.2825559377670288,0.37066811323165894,0.5489358305931091,0.2663798928260803,0.4304407835006714,0.9447900056838989,0.49999985098838806,0.49999988079071045
mvtec,0,4,cable,cable-cut_inner_insulation-013,49,D:\STUDY\My_github\sci_project\data\mvtec\cable\test\cut_inner_insulation\013.png,0.2975582480430603,0.3640602231025696,0.7231103181838989,0.4255520701408386,0.3302464187145233,0.9045165777206421,0.49999985098838806,0.49999988079071045
mvtec,0,4,cable,cable-cut_outer_insulation-000,50,D:\STUDY\My_github\sci_project\data\mvtec\cable\test\cut_outer_insulation\000.png,0.4619063138961792,0.35531380772590637,0.34047311544418335,-0.12143319845199585,0.37162259221076965,0.9645914435386658,0.49999985098838806,0.49999988079071045
mvtec,0,4,cable,cable-cut_outer_insulation-001,51,D:\STUDY\My_github\sci_project\data\mvtec\cable\test\cut_outer_insulation\001.png,0.7497807741165161,0.493435263633728,0.8473359942436218,0.09755522012710571,0.4145258665084839,0.9089734554290771,0.49999985098838806,0.49999988079071045
mvtec,0,4,cable,cable-cut_outer_insulation-002,52,D:\STUDY\My_github\sci_project\data\mvtec\cable\test\cut_outer_insulation\002.png,0.451557993888855,0.296500027179718,0.5874572992324829,0.13589930534362793,0.3361622393131256,0.9308082461357117,0.49999985098838806,0.49999988079071045
mvtec,0,4,cable,cable-cut_outer_insulation-003,53,D:\STUDY\My_github\sci_project\data\mvtec\cable\test\cut_outer_insulation\003.png,0.5501348972320557,0.6370976567268372,0.7608336210250854,0.21069872379302979,0.3111516833305359,0.9495154023170471,0.49999985098838806,0.49999988079071045
mvtec,0,4,cable,cable-cut_outer_insulation-004,54,D:\STUDY\My_github\sci_project\data\mvtec\cable\test\cut_outer_insulation\004.png,0.17788642644882202,0.06004039943218231,0.06632992625236511,-0.11155650019645691,0.2800169885158539,0.9280068278312683,0.49999985098838806,0.49999988079071045
mvtec,0,4,cable,cable-cut_outer_insulation-005,55,D:\STUDY\My_github\sci_project\data\mvtec\cable\test\cut_outer_insulation\005.png,0.7061392068862915,0.6496367454528809,0.8789565563201904,0.17281734943389893,0.3751702308654785,0.9296775460243225,0.49999985098838806,0.49999988079071045
mvtec,0,4,cable,cable-cut_outer_insulation-006,56,D:\STUDY\My_github\sci_project\data\mvtec\cable\test\cut_outer_insulation\006.png,0.5797960758209229,0.23763342201709747,0.4308587908744812,-0.14893728494644165,0.3476192355155945,0.9497939944267273,0.49999985098838806,0.49999988079071045
mvtec,0,4,cable,cable-cut_outer_insulation-007,57,D:\STUDY\My_github\sci_project\data\mvtec\cable\test\cut_outer_insulation\007.png,0.2946905791759491,0.1748328059911728,0.28884157538414,-0.005849003791809082,0.3517347574234009,0.9289730191230774,0.49999985098838806,0.49999988079071045
mvtec,0,4,cable,cable-cut_outer_insulation-008,58,D:\STUDY\My_github\sci_project\data\mvtec\cable\test\cut_outer_insulation\008.png,0.33415427803993225,0.19259591400623322,0.3357155919075012,0.0015613138675689697,0.2528298795223236,0.9558059573173523,0.49999985098838806,0.49999988079071045
mvtec,0,4,cable,cable-cut_outer_insulation-009,59,D:\STUDY\My_github\sci_project\data\mvtec\cable\test\cut_outer_insulation\009.png,0.45717182755470276,0.4798198342323303,0.664076030254364,0.20690420269966125,0.3398621082305908,0.9515309929847717,0.49999985098838806,0.49999988079071045
mvtec,0,4,cable,cable-missing_cable-000,118,D:\STUDY\My_github\sci_project\data\mvtec\cable\test\missing_cable\000.png,0.5181142091751099,0.26833903789520264,0.36023709177970886,-0.157877117395401,0.48450979590415955,0.955530047416687,0.49999985098838806,0.49999988079071045
mvtec,0,4,cable,cable-missing_cable-001,119,D:\STUDY\My_github\sci_project\data\mvtec\cable\test\missing_cable\001.png,0.5240222215652466,0.2533971071243286,0.35577598214149475,-0.16824623942375183,0.41971859335899353,0.9681857228279114,0.49999985098838806,0.49999988079071045
mvtec,0,4,cable,cable-missing_cable-002,120,D:\STUDY\My_github\sci_project\data\mvtec\cable\test\missing_cable\002.png,0.5400628447532654,0.23117199540138245,0.4248673617839813,-0.11519548296928406,0.48400452733039856,0.9789905548095703,0.5000108480453491,0.5000103116035461
mvtec,0,4,cable,cable-missing_cable-003,121,D:\STUDY\My_github\sci_project\data\mvtec\cable\test\missing_cable\003.png,0.48489588499069214,0.2675766050815582,0.44762471318244934,-0.0372711718082428,0.46598660945892334,0.9591656923294067,0.49999985098838806,0.49999988079071045
mvtec,0,4,cable,cable-missing_cable-004,122,D:\STUDY\My_github\sci_project\data\mvtec\cable\test\missing_cable\004.png,0.51561439037323,0.3604274392127991,0.451112300157547,-0.06450209021568298,0.4860492944717407,0.937929630279541,0.49999985098838806,0.49999988079071045
mvtec,0,4,cable,cable-missing_cable-005,123,D:\STUDY\My_github\sci_project\data\mvtec\cable\test\missing_cable\005.png,0.487700879573822,0.24961693584918976,0.3981941044330597,-0.08950677514076233,0.5131534934043884,0.9245972037315369,0.49999985098838806,0.49999988079071045
mvtec,0,4,cable,cable-missing_cable-006,124,D:\STUDY\My_github\sci_project\data\mvtec\cable\test\missing_cable\006.png,0.453044593334198,0.11151470243930817,0.29857295751571655,-0.15447163581848145,0.6594343781471252,0.9520286321640015,0.49999985098838806,0.49999988079071045
mvtec,0,4,cable,cable-missing_cable-007,125,D:\STUDY\My_github\sci_project\data\mvtec\cable\test\missing_cable\007.png,0.4138357937335968,0.17585429549217224,0.38812455534935,-0.025711238384246826,0.5857047438621521,0.958746075630188,0.49999985098838806,0.49999988079071045
mvtec,0,4,cable,cable-missing_cable-008,126,D:\STUDY\My_github\sci_project\data\mvtec\cable\test\missing_cable\008.png,0.5402708053588867,0.12257219851016998,0.3086533844470978,-0.23161742091178894,0.48127827048301697,0.9508067965507507,0.49999985098838806,0.49999988079071045
mvtec,0,4,cable,cable-missing_cable-009,127,D:\STUDY\My_github\sci_project\data\mvtec\cable\test\missing_cable\009.png,0.4831526279449463,0.24868598580360413,0.45712989568710327,-0.026022732257843018,0.47426295280456543,0.9824057817459106,0.5003430247306824,0.500322699546814
mvtec,0,4,cable,cable-missing_cable-010,128,D:\STUDY\My_github\sci_project\data\mvtec\cable\test\missing_cable\010.png,0.46915414929389954,0.2724297344684601,0.47644898295402527,0.007294833660125732,0.4623456597328186,0.9306985139846802,0.49999985098838806,0.49999988079071045
mvtec,0,4,cable,cable-missing_cable-011,129,D:\STUDY\My_github\sci_project\data\mvtec\cable\test\missing_cable\011.png,0.5057147145271301,0.36505386233329773,0.4415532946586609,-0.06416141986846924,0.5067397356033325,0.968189537525177,0.49999985098838806,0.49999988079071045
mvtec,0,4,cable,cable-missing_wire-000,130,D:\STUDY\My_github\sci_project\data\mvtec\cable\test\missing_wire\000.png,0.2515478730201721,0.39401906728744507,0.38116422295570374,0.12961634993553162,0.2028229832649231,0.9244813919067383,0.49999985098838806,0.49999988079071045
mvtec,0,4,cable,cable-missing_wire-001,131,D:\STUDY\My_github\sci_project\data\mvtec\cable\test\missing_wire\001.png,0.5379579067230225,0.6716277003288269,0.8786317110061646,0.3406738042831421,0.33364570140838623,0.8362888693809509,0.49999985098838806,0.49999988079071045
mvtec,0,4,cable,cable-missing_wire-002,132,D:\STUDY\My_github\sci_project\data\mvtec\cable\test\missing_wire\002.png,0.4562268555164337,0.6431716680526733,0.7862330675125122,0.3300062119960785,0.2541009187698364,0.8691442012786865,0.49999985098838806,0.49999988079071045
mvtec,0,4,cable,cable-missing_wire-003,133,D:\STUDY\My_github\sci_project\data\mvtec\cable\test\missing_wire\003.png,0.44156354665756226,0.6174159049987793,0.6303883790969849,0.1888248324394226,0.3659936785697937,0.9682619571685791,0.49999985098838806,0.49999988079071045
mvtec,0,4,cable,cable-missing_wire-004,134,D:\STUDY\My_github\sci_project\data\mvtec\cable\test\missing_wire\004.png,0.38856780529022217,0.5775794982910156,0.6105767488479614,0.22200894355773926,0.34934526681900024,0.9233085513114929,0.49999985098838806,0.49999988079071045
mvtec,0,4,cable,cable-missing_wire-005,135,D:\STUDY\My_github\sci_project\data\mvtec\cable\test\missing_wire\005.png,0.5053156614303589,0.4646521210670471,0.7534303069114685,0.24811464548110962,0.2714700698852539,0.9381608963012695,0.49999985098838806,0.49999988079071045
mvtec,0,4,cable,cable-missing_wire-006,136,D:\STUDY\My_github\sci_project\data\mvtec\cable\test\missing_wire\006.png,0.48240146040916443,0.5782769918441772,0.5647895932197571,0.08238813281059265,0.29557326436042786,0.9098938703536987,0.49999985098838806,0.49999988079071045
mvtec,0,4,cable,cable-missing_wire-007,137,D:\STUDY\My_github\sci_project\data\mvtec\cable\test\missing_wire\007.png,0.48123541474342346,0.44026538729667664,0.44069942831993103,-0.04053598642349243,0.241382896900177,0.9211373329162598,0.49999985098838806,0.49999988079071045
mvtec,0,4,cable,cable-missing_wire-008,138,D:\STUDY\My_github\sci_project\data\mvtec\cable\test\missing_wire\008.png,0.30246472358703613,0.4834989905357361,0.7144120931625366,0.4119473695755005,0.28107693791389465,0.9351436495780945,0.49999985098838806,0.49999988079071045
mvtec,0,4,cable,cable-missing_wire-009,139,D:\STUDY\My_github\sci_project\data\mvtec\cable\test\missing_wire\009.png,0.6308974623680115,0.6009789109230042,0.8308733701705933,0.1999759078025818,0.4036555290222168,0.9494146108627319,0.49999985098838806,0.49999988079071045
mvtec,0,4,cable,cable-poke_insulation-000,140,D:\STUDY\My_github\sci_project\data\mvtec\cable\test\poke_insulation\000.png,0.5725313425064087,0.5185907483100891,0.5961508750915527,0.023619532585144043,0.3542512357234955,0.8671835064888,0.49999985098838806,0.49999988079071045
mvtec,0,4,cable,cable-poke_insulation-001,141,D:\STUDY\My_github\sci_project\data\mvtec\cable\test\poke_insulation\001.png,0.6519345641136169,0.5408681035041809,0.7109286785125732,0.0589941143989563,0.42408448457717896,0.955812394618988,0.49999985098838806,0.49999988079071045
mvtec,0,4,cable,cable-poke_insulation-002,142,D:\STUDY\My_github\sci_project\data\mvtec\cable\test\poke_insulation\002.png,0.7148033976554871,0.7121645212173462,0.8008718490600586,0.08606845140457153,0.29409074783325195,0.8516940474510193,0.49999985098838806,0.49999988079071045
mvtec,0,4,cable,cable-poke_insulation-003,143,D:\STUDY\My_github\sci_project\data\mvtec\cable\test\poke_insulation\003.png,0.6557803153991699,0.6139687895774841,0.5522181391716003,-0.10356217622756958,0.5170907974243164,0.9383671283721924,0.49999985098838806,0.49999988079071045
mvtec,0,4,cable,cable-poke_insulation-004,144,D:\STUDY\My_github\sci_project\data\mvtec\cable\test\poke_insulation\004.png,0.5761303901672363,0.359028160572052,0.6157436370849609,0.03961324691772461,0.34114715456962585,0.9272979497909546,0.49999985098838806,0.49999988079071045
mvtec,0,4,cable,cable-poke_insulation-005,145,D:\STUDY\My_github\sci_project\data\mvtec\cable\test\poke_insulation\005.png,0.6254755258560181,0.13257867097854614,0.3077830374240875,-0.31769248843193054,0.3499567210674286,0.915371298789978,0.49999985098838806,0.49999988079071045
mvtec,0,4,cable,cable-poke_insulation-006,146,D:\STUDY\My_github\sci_project\data\mvtec\cable\test\poke_insulation\006.png,0.6151726841926575,0.32576897740364075,0.5099562406539917,-0.10521644353866577,0.41921085119247437,0.9541352391242981,0.49999985098838806,0.49999988079071045
mvtec,0,4,cable,cable-poke_insulation-007,147,D:\STUDY\My_github\sci_project\data\mvtec\cable\test\poke_insulation\007.png,0.6055480241775513,0.266573965549469,0.3477758765220642,-0.25777214765548706,0.43044278025627136,0.9422763586044312,0.49999985098838806,0.49999988079071045
mvtec,0,4,cable,cable-poke_insulation-008,148,D:\STUDY\My_github\sci_project\data\mvtec\cable\test\poke_insulation\008.png,0.46309491991996765,0.24164095520973206,0.5723077654838562,0.10921284556388855,0.4456721246242523,0.9607848525047302,0.49999985098838806,0.49999988079071045
mvtec,0,4,cable,cable-poke_insulation-009,149,D:\STUDY\My_github\sci_project\data\mvtec\cable\test\poke_insulation\009.png,0.5616151690483093,0.3429366946220398,0.49430710077285767,-0.06730806827545166,0.4019838273525238,0.8998727798461914,0.49999985098838806,0.49999988079071045
mvtec,0,4,capsule,capsule-crack-000,0,D:\STUDY\My_github\sci_project\data\mvtec\capsule\test\crack\000.png,0.6923052668571472,0.6562229990959167,0.8751182556152344,0.18281298875808716,0.16652774810791016,0.9593582153320312,0.952125072479248,0.8694677352905273
mvtec,0,4,capsule,capsule-crack-001,1,D:\STUDY\My_github\sci_project\data\mvtec\capsule\test\crack\001.png,0.8149218559265137,0.6393863558769226,0.7342354655265808,-0.08068639039993286,0.50010085105896,0.9973945617675781,0.9902647137641907,0.5785871744155884
mvtec,0,4,capsule,capsule-crack-002,2,D:\STUDY\My_github\sci_project\data\mvtec\capsule\test\crack\002.png,0.7427326440811157,0.04693220183253288,0.4539869427680969,-0.2887457013130188,0.1767183095216751,0.9642743468284607,0.9573084115982056,0.8458665013313293
mvtec,0,4,capsule,capsule-crack-003,3,D:\STUDY\My_github\sci_project\data\mvtec\capsule\test\crack\003.png,0.8124722838401794,0.7822411060333252,0.8352682590484619,0.02279597520828247,0.2709779143333435,0.9776352643966675,0.9703065752983093,0.7319133877754211
mvtec,0,4,capsule,capsule-crack-004,4,D:\STUDY\My_github\sci_project\data\mvtec\capsule\test\crack\004.png,0.7602428793907166,0.8894783854484558,0.8207128047943115,0.06046992540359497,0.3165682256221771,0.9810426235198975,0.9742584824562073,0.6990259885787964
mvtec,0,4,capsule,capsule-crack-005,5,D:\STUDY\My_github\sci_project\data\mvtec\capsule\test\crack\005.png,0.7055584192276001,0.6885706782341003,0.8635945916175842,0.15803617238998413,0.22640667855739594,0.9662930965423584,0.959104597568512,0.8326008319854736
mvtec,0,4,capsule,capsule-crack-006,6,D:\STUDY\My_github\sci_project\data\mvtec\capsule\test\crack\006.png,0.8073855638504028,0.8549497723579407,0.8679078221321106,0.060522258281707764,0.34405219554901123,0.9689183235168457,0.9614191651344299,0.812595784664154
mvtec,0,4,capsule,capsule-crack-007,7,D:\STUDY\My_github\sci_project\data\mvtec\capsule\test\crack\007.png,0.6599183082580566,0.7448588609695435,0.7982078790664673,0.13828957080841064,0.2858412265777588,0.9904246926307678,0.984529435634613,0.6204552054405212
mvtec,0,4,capsule,capsule-crack-008,8,D:\STUDY\My_github\sci_project\data\mvtec\capsule\test\crack\008.png,0.7060747146606445,0.6746495366096497,0.8471484184265137,0.14107370376586914,0.2863387167453766,0.9891126751899719,0.9832379817962646,0.6299751996994019
mvtec,0,4,capsule,capsule-crack-009,9,D:\STUDY\My_github\sci_project\data\mvtec\capsule\test\crack\009.png,0.6578266024589539,0.6867839097976685,0.8432924747467041,0.18546587228775024,0.24940428137779236,0.9838289618492126,0.9774978160858154,0.6733783483505249
mvtec,0,4,capsule,capsule-crack-010,10,D:\STUDY\My_github\sci_project\data\mvtec\capsule\test\crack\010.png,0.5032069087028503,0.1630149632692337,0.7177474498748779,0.2145405411720276,0.34452998638153076,0.9698282480239868,0.9622445106506348,0.8050239086151123
mvtec,0,4,capsule,capsule-crack-011,11,D:\STUDY\My_github\sci_project\data\mvtec\capsule\test\crack\011.png,0.8348047137260437,0.6839349865913391,0.8559401035308838,0.021135389804840088,0.3506227135658264,0.9785900712013245,0.9714013338088989,0.7226031422615051
mvtec,0,4,capsule,capsule-crack-012,12,D:\STUDY\My_github\sci_project\data\mvtec\capsule\test\crack\012.png,0.5400776863098145,0.5551317930221558,0.8262066841125488,0.2861289978027344,0.3234446048736572,0.9724025726318359,0.9646989107131958,0.7821711301803589
mvtec,0,4,capsule,capsule-crack-013,13,D:\STUDY\My_github\sci_project\data\mvtec\capsule\test\crack\013.png,0.8641891479492188,0.8268348574638367,0.8737859725952148,0.009596824645996094,0.21158355474472046,0.9676898121833801,0.9603286981582642,0.8223181962966919
mvtec,0,4,capsule,capsule-crack-014,14,D:\STUDY\My_github\sci_project\data\mvtec\capsule\test\crack\014.png,0.8890178799629211,0.8729421496391296,0.8881814479827881,-0.0008364319801330566,0.25267094373703003,0.9627248048782349,0.9558482766151428,0.8546749949455261
mvtec,0,4,capsule,capsule-crack-015,15,D:\STUDY\My_github\sci_project\data\mvtec\capsule\test\crack\015.png,0.8622907400131226,0.8269447088241577,0.8007717132568359,-0.06151902675628662,0.41647428274154663,0.9918670058250427,0.9858747124671936,0.6105973720550537
mvtec,0,4,capsule,capsule-crack-016,16,D:\STUDY\My_github\sci_project\data\mvtec\capsule\test\crack\016.png,0.7495612502098083,0.7502121925354004,0.8744059801101685,0.12484472990036011,0.2235051393508911,0.9626051187515259,0.955730676651001,0.8553038835525513
mvtec,0,4,capsule,capsule-crack-017,17,D:\STUDY\My_github\sci_project\data\mvtec\capsule\test\crack\017.png,0.6976118683815002,0.8659769296646118,0.8226183652877808,0.12500649690628052,0.3450237214565277,0.9918753504753113,0.9858822822570801,0.6105420589447021
mvtec,0,4,capsule,capsule-crack-018,18,D:\STUDY\My_github\sci_project\data\mvtec\capsule\test\crack\018.png,0.8391513824462891,0.8787397146224976,0.8418279886245728,0.0026766061782836914,0.29964345693588257,0.9824735522270203,0.9759300351142883,0.6856632828712463
mvtec,0,4,capsule,capsule-crack-019,19,D:\STUDY\My_github\sci_project\data\mvtec\capsule\test\crack\019.png,0.8021129369735718,0.8822097182273865,0.8055953979492188,0.0034824609756469727,0.3065642714500427,0.9913425445556641,0.9853948354721069,0.6141082048416138
mvtec,0,4,capsule,capsule-crack-020,20,D:\STUDY\My_github\sci_project\data\mvtec\capsule\test\crack\020.png,0.8498044610023499,0.2809831500053406,0.7949254512786865,-0.05487900972366333,0.19734792411327362,0.9619367718696594,0.955058217048645,0.8586775064468384
mvtec,0,4,capsule,capsule-crack-021,21,D:\STUDY\My_github\sci_project\data\mvtec\capsule\test\crack\021.png,0.6967829465866089,0.7049245238304138,0.8728951215744019,0.17611217498779297,0.2186090350151062,0.9749573469161987,0.967339038848877,0.7579917311668396
mvtec,0,4,capsule,capsule-crack-022,22,D:\STUDY\My_github\sci_project\data\mvtec\capsule\test\crack\022.png,0.4964574873447418,0.8403119444847107,0.8645604848861694,0.3681029975414276,0.2520551085472107,0.9599501490592957,0.9528557062149048,0.8673059344291687
mvtec,0,4,capsule,capsule-faulty_imprint-000,23,D:\STUDY\My_github\sci_project\data\mvtec\capsule\test\faulty_imprint\000.png,0.7513006925582886,0.24852149188518524,0.8459310531616211,0.09463036060333252,0.33739954233169556,0.9785808324813843,0.9713906645774841,0.7226929664611816
mvtec,0,4,capsule,capsule-faulty_imprint-001,24,D:\STUDY\My_github\sci_project\data\mvtec\capsule\test\faulty_imprint\001.png,0.8878399729728699,0.3881634473800659,0.8643743991851807,-0.02346557378768921,0.24975401163101196,0.9252259135246277,0.7305473685264587,0.7041732668876648
mvtec,0,4,capsule,capsule-faulty_imprint-002,25,D:\STUDY\My_github\sci_project\data\mvtec\capsule\test\faulty_imprint\002.png,0.731293797492981,0.040550366044044495,0.3873565196990967,-0.3439372777938843,0.24795304238796234,0.9583908319473267,0.9508396983146667,0.8725942373275757
mvtec,0,4,capsule,capsule-faulty_imprint-003,26,D:\STUDY\My_github\sci_project\data\mvtec\capsule\test\faulty_imprint\003.png,0.7327188849449158,0.4038546085357666,0.8689783811569214,0.13625949621200562,0.2337472289800644,0.953185498714447,0.9411888718605042,0.8807647228240967
mvtec,0,4,capsule,capsule-faulty_imprint-004,27,D:\STUDY\My_github\sci_project\data\mvtec\capsule\test\faulty_imprint\004.png,0.36832138895988464,0.04579687863588333,0.4229413866996765,0.05461999773979187,0.22535407543182373,0.9077392220497131,0.5850059390068054,0.5756707191467285
mvtec,0,4,capsule,capsule-faulty_imprint-005,28,D:\STUDY\My_github\sci_project\data\mvtec\capsule\test\faulty_imprint\005.png,0.4261150062084198,0.08895543962717056,0.4277956783771515,0.0016806721687316895,0.14845150709152222,0.9034247994422913,0.5639681816101074,0.5571447014808655
mvtec,0,4,capsule,capsule-faulty_imprint-006,29,D:\STUDY\My_github\sci_project\data\mvtec\capsule\test\faulty_imprint\006.png,0.7768476009368896,0.2199774831533432,0.7616328597068787,-0.015214741230010986,0.23390009999275208,0.945728600025177,0.9142074584960938,0.86712247133255
mvtec,0,4,capsule,capsule-faulty_imprint-007,30,D:\STUDY\My_github\sci_project\data\mvtec\capsule\test\faulty_imprint\007.png,0.7402548789978027,0.1604735106229782,0.8402209281921387,0.09996604919433594,0.19432678818702698,0.9627926349639893,0.9559144973754883,0.8543152809143066
mvtec,0,4,capsule,capsule-faulty_imprint-008,31,D:\STUDY\My_github\sci_project\data\mvtec\capsule\test\faulty_imprint\008.png,0.8025173544883728,0.574517548084259,0.8733906745910645,0.07087332010269165,0.24527668952941895,0.972102165222168,0.9644021391868591,0.7849312424659729
mvtec,0,4,capsule,capsule-faulty_imprint-009,32,D:\STUDY\My_github\sci_project\data\mvtec\capsule\test\faulty_imprint\009.png,0.7587645649909973,0.6496354341506958,0.8466536998748779,0.08788913488388062,0.2302808165550232,0.9717836976051331,0.9640907049179077,0.7878332138061523
mvtec,0,4,capsule,capsule-faulty_imprint-010,33,D:\STUDY\My_github\sci_project\data\mvtec\capsule\test\faulty_imprint\010.png,0.7546298503875732,0.8340951800346375,0.8454282283782959,0.09079837799072266,0.28791752457618713,0.9876722693443298,0.9817512035369873,0.6410251259803772
mvtec,0,4,capsule,capsule-faulty_imprint-011,34,D:\STUDY\My_github\sci_project\data\mvtec\capsule\test\faulty_imprint\011.png,0.7582971453666687,0.6226925253868103,0.8576334714889526,0.09933632612228394,0.16717638075351715,0.980672299861908,0.9738250970840454,0.7025396227836609
mvtec,0,4,capsule,capsule-faulty_imprint-012,35,D:\STUDY\My_github\sci_project\data\mvtec\capsule\test\faulty_imprint\012.png,0.538561224937439,0.5617507696151733,0.8647200465202332,0.3261588215827942,0.23427483439445496,0.9748226404190063,0.9671947956085205,0.7592910528182983
mvtec,0,4,capsule,capsule-faulty_imprint-013,36,D:\STUDY\My_github\sci_project\data\mvtec\capsule\test\faulty_imprint\013.png,0.671359658241272,0.5621727108955383,0.8579301834106445,0.18657052516937256,0.21782726049423218,0.9806515574455261,0.9738008379936218,0.702737033367157
mvtec,0,4,capsule,capsule-faulty_imprint-014,37,D:\STUDY\My_github\sci_project\data\mvtec\capsule\test\faulty_imprint\014.png,0.7478819489479065,0.5752437710762024,0.8287324905395508,0.08085054159164429,0.2999598979949951,0.9870247840881348,0.9810612797737122,0.6461914777755737
mvtec,0,4,capsule,capsule-faulty_imprint-015,38,D:\STUDY\My_github\sci_project\data\mvtec\capsule\test\faulty_imprint\015.png,0.8203650712966919,0.058915525674819946,0.41574737429618835,-0.40461769700050354,0.2148483544588089,0.9617470502853394,0.9548618793487549,0.8595923185348511
mvtec,0,4,capsule,capsule-faulty_imprint-016,39,D:\STUDY\My_github\sci_project\data\mvtec\capsule\test\faulty_imprint\016.png,0.7783930897712708,0.26791897416114807,0.849234402179718,0.07084131240844727,0.30168044567108154,0.9747606515884399,0.967128574848175,0.7598883509635925
mvtec,0,4,capsule,capsule-faulty_imprint-017,40,D:\STUDY\My_github\sci_project\data\mvtec\capsule\test\faulty_imprint\017.png,0.737494707107544,0.37669140100479126,0.8750747442245483,0.1375800371170044,0.20215238630771637,0.962063729763031,0.9551881551742554,0.8580547571182251
mvtec,0,4,capsule,capsule-faulty_imprint-018,41,D:\STUDY\My_github\sci_project\data\mvtec\capsule\test\faulty_imprint\018.png,0.5022658705711365,0.3627014756202698,0.6653819680213928,0.16311609745025635,0.21998882293701172,0.9708334803581238,0.963179886341095,0.7963306307792664
mvtec,0,4,capsule,capsule-faulty_imprint-019,42,D:\STUDY\My_github\sci_project\data\mvtec\capsule\test\faulty_imprint\019.png,0.7376736998558044,0.13024179637432098,0.595832884311676,-0.14184081554412842,0.12209625542163849,0.9700145125389099,0.9623708724975586,0.8033078908920288
mvtec,0,4,capsule,capsule-faulty_imprint-020,43,D:\STUDY\My_github\sci_project\data\mvtec\capsule\test\faulty_imprint\020.png,0.8288798332214355,0.06698130071163177,0.49317097663879395,-0.3357088565826416,0.2361314445734024,0.967596173286438,0.9602463245391846,0.8230341076850891
mvtec,0,4,capsule,capsule-faulty_imprint-021,44,D:\STUDY\My_github\sci_project\data\mvtec\capsule\test\faulty_imprint\021.png,0.8054342865943909,0.4789122939109802,0.8517085313796997,0.04627424478530884,0.24848635494709015,0.9707834720611572,0.9631326794624329,0.7967706322669983
mvtec,0,4,capsule,capsule-poke-000,68,D:\STUDY\My_github\sci_project\data\mvtec\capsule\test\poke\000.png,0.8655008673667908,0.8523061871528625,0.8010011315345764,-0.06449973583221436,0.6155918836593628,0.9973498582839966,0.9902340769767761,0.57881098985672
mvtec,0,4,capsule,capsule-poke-001,69,D:\STUDY\My_github\sci_project\data\mvtec\capsule\test\poke\001.png,0.8056676387786865,0.8346430063247681,0.8229629397392273,0.01729530096054077,0.23440995812416077,0.9697646498680115,0.9621862173080444,0.8055626749992371
mvtec,0,4,capsule,capsule-poke-002,70,D:\STUDY\My_github\sci_project\data\mvtec\capsule\test\poke\002.png,0.48367002606391907,0.4141019582748413,0.8805177211761475,0.3968476951122284,0.1960432380437851,0.9516932964324951,0.9372732639312744,0.8804258704185486
mvtec,0,4,capsule,capsule-poke-003,71,D:\STUDY\My_github\sci_project\data\mvtec\capsule\test\poke\003.png,0.8041669130325317,0.8235093355178833,0.8221017122268677,0.017934799194335938,0.2973216474056244,0.9860463738441467,0.9799960255622864,0.6542250514030457
mvtec,0,4,capsule,capsule-poke-004,72,D:\STUDY\My_github\sci_project\data\mvtec\capsule\test\poke\004.png,0.6694796085357666,0.7303695678710938,0.8397224545478821,0.17024284601211548,0.3102055788040161,0.9953202605247498,0.988760769367218,0.5895555019378662
mvtec,0,4,capsule,capsule-poke-005,73,D:\STUDY\My_github\sci_project\data\mvtec\capsule\test\poke\005.png,0.8644144535064697,0.9329060912132263,0.821857213973999,-0.0425572395324707,0.2670762836933136,0.9820082187652588,0.9753875136375427,0.6899683475494385
mvtec,0,4,capsule,capsule-poke-006,74,D:\STUDY\My_github\sci_project\data\mvtec\capsule\test\poke\006.png,0.8333019018173218,0.9045178294181824,0.8371288180351257,0.003826916217803955,0.2501707673072815,0.973568856716156,0.9658785462379456,0.771270751953125
mvtec,0,4,capsule,capsule-poke-007,75,D:\STUDY\My_github\sci_project\data\mvtec\capsule\test\poke\007.png,0.8002393841743469,0.8045470714569092,0.8684817552566528,0.06824237108230591,0.22160907089710236,0.9694836735725403,0.9619297981262207,0.8079262375831604
mvtec,0,4,capsule,capsule-poke-008,76,D:\STUDY\My_github\sci_project\data\mvtec\capsule\test\poke\008.png,0.7456909418106079,0.8334720730781555,0.8060117959976196,0.06032085418701172,0.38257870078086853,0.9950689077377319,0.9885668754577637,0.5909676551818848
mvtec,0,4,capsule,capsule-poke-009,77,D:\STUDY\My_github\sci_project\data\mvtec\capsule\test\poke\009.png,0.6198675036430359,0.42956528067588806,0.889706552028656,0.2698390483856201,0.19644084572792053,0.9579806923866272,0.9502567648887634,0.8737673759460449
mvtec,0,4,capsule,capsule-poke-010,78,D:\STUDY\My_github\sci_project\data\mvtec\capsule\test\poke\010.png,0.7713755369186401,0.4979749023914337,0.7748394012451172,0.0034638643264770508,0.23572753369808197,0.972002387046814,0.9643042087554932,0.7858431935310364
mvtec,0,4,capsule,capsule-poke-011,79,D:\STUDY\My_github\sci_project\data\mvtec\capsule\test\poke\011.png,0.844865083694458,0.8560112714767456,0.8533604741096497,0.00849539041519165,0.27071520686149597,0.9788040518760681,0.9716485738754272,0.7205228805541992
mvtec,0,4,capsule,capsule-poke-012,80,D:\STUDY\My_github\sci_project\data\mvtec\capsule\test\poke\012.png,0.7089617848396301,0.7693998217582703,0.8227835297584534,0.11382174491882324,0.25032535195350647,0.9955915808677673,0.98896723985672,0.5880515575408936
mvtec,0,4,capsule,capsule-poke-013,81,D:\STUDY\My_github\sci_project\data\mvtec\capsule\test\poke\013.png,0.8871044516563416,0.9581735134124756,0.8432520031929016,-0.04385244846343994,0.29643264412879944,0.9919348955154419,0.9859360456466675,0.6101489067077637
mvtec,0,4,capsule,capsule-poke-014,82,D:\STUDY\My_github\sci_project\data\mvtec\capsule\test\poke\014.png,0.765922486782074,0.7342526912689209,0.8720839023590088,0.10616141557693481,0.2657139003276825,0.9627422094345093,0.9558652639389038,0.8545829057693481
mvtec,0,4,capsule,capsule-poke-015,83,D:\STUDY\My_github\sci_project\data\mvtec\capsule\test\poke\015.png,0.607133686542511,0.3834255635738373,0.7694371938705444,0.16230350732803345,0.2667962312698364,0.990342378616333,0.9844502806663513,0.6210370659828186
mvtec,0,4,capsule,capsule-poke-016,84,D:\STUDY\My_github\sci_project\data\mvtec\capsule\test\poke\016.png,0.838604211807251,0.8030730485916138,0.8520121574401855,0.01340794563293457,0.2794869840145111,0.9758938550949097,0.9683563113212585,0.748911440372467
mvtec,0,4,capsule,capsule-poke-017,85,D:\STUDY\My_github\sci_project\data\mvtec\capsule\test\poke\017.png,0.8475624918937683,0.8134900331497192,0.8325890898704529,-0.01497340202331543,0.23378047347068787,0.9784875512123108,0.9712831377983093,0.7236007452011108
mvtec,0,4,capsule,capsule-poke-018,86,D:\STUDY\My_github\sci_project\data\mvtec\capsule\test\poke\018.png,0.7671554088592529,0.6655152440071106,0.8565095663070679,0.08935415744781494,0.20652973651885986,0.9778308868408203,0.9705296158790588,0.7300031781196594
mvtec,0,4,capsule,capsule-poke-019,87,D:\STUDY\My_github\sci_project\data\mvtec\capsule\test\poke\019.png,0.7037698030471802,0.7452830076217651,0.8369806408882141,0.13321083784103394,0.30643272399902344,0.9860399961471558,0.9799889922142029,0.6542783379554749
mvtec,0,4,capsule,capsule-poke-020,88,D:\STUDY\My_github\sci_project\data\mvtec\capsule\test\poke\020.png,0.798602819442749,0.7862846851348877,0.8203761577606201,0.021773338317871094,0.317994624376297,0.9880260825157166,0.9821227192878723,0.6382536292076111
mvtec,0,4,capsule,capsule-scratch-000,89,D:\STUDY\My_github\sci_project\data\mvtec\capsule\test\scratch\000.png,0.6802584528923035,0.5434179902076721,0.8309239745140076,0.1506655216217041,0.34983623027801514,0.9722703695297241,0.9645679593086243,0.7833884358406067
mvtec,0,4,capsule,capsule-scratch-001,90,D:\STUDY\My_github\sci_project\data\mvtec\capsule\test\scratch\001.png,0.7631305456161499,0.27906540036201477,0.4747493267059326,-0.2883812189102173,0.24425408244132996,0.9624519348144531,0.9555789828300476,0.8560978174209595
mvtec,0,4,capsule,capsule-scratch-002,91,D:\STUDY\My_github\sci_project\data\mvtec\capsule\test\scratch\002.png,0.7105525732040405,0.5093554854393005,0.8567190170288086,0.14616644382476807,0.3156821131706238,0.9801183938980103,0.973177433013916,0.7078306078910828
mvtec,0,4,capsule,capsule-scratch-003,92,D:\STUDY\My_github\sci_project\data\mvtec\capsule\test\scratch\003.png,0.6243458390235901,0.4306279718875885,0.8569198250770569,0.2325739860534668,0.39959678053855896,0.9728192687034607,0.9651153683662415,0.7783085107803345
mvtec,0,4,capsule,capsule-scratch-004,93,D:\STUDY\My_github\sci_project\data\mvtec\capsule\test\scratch\004.png,0.5784991979598999,0.5745672583580017,0.8468326330184937,0.26833343505859375,0.3843338191509247,0.9761053323745728,0.9685893654823303,0.7468520402908325
mvtec,0,4,capsule,capsule-scratch-005,94,D:\STUDY\My_github\sci_project\data\mvtec\capsule\test\scratch\005.png,0.7204313278198242,0.12387599796056747,0.38826268911361694,-0.3321686387062073,0.20445425808429718,0.9534221887588501,0.9417546987533569,0.8807089328765869
mvtec,0,4,capsule,capsule-scratch-006,95,D:\STUDY\My_github\sci_project\data\mvtec\capsule\test\scratch\006.png,0.609532356262207,0.684867799282074,0.8681468367576599,0.2586144804954529,0.3112167716026306,0.9825872778892517,0.9760623574256897,0.6846175789833069
mvtec,0,4,capsule,capsule-scratch-007,96,D:\STUDY\My_github\sci_project\data\mvtec\capsule\test\scratch\007.png,0.7635682821273804,0.7440066337585449,0.8717127442359924,0.10814446210861206,0.3864964544773102,0.980430543422699,0.973542332649231,0.7048439383506775
mvtec,0,4,capsule,capsule-scratch-008,97,D:\STUDY\My_github\sci_project\data\mvtec\capsule\test\scratch\008.png,0.676990807056427,0.7159276604652405,0.8597359657287598,0.18274515867233276,0.32009047269821167,0.9805210828781128,0.973648190498352,0.7039799690246582
mvtec,0,4,capsule,capsule-scratch-009,98,D:\STUDY\My_github\sci_project\data\mvtec\capsule\test\scratch\009.png,0.7257387638092041,0.336871862411499,0.8688758611679077,0.1431370973587036,0.3792420029640198,0.9610018134117126,0.9540644288063049,0.8630008101463318
mvtec,0,4,capsule,capsule-scratch-010,99,D:\STUDY\My_github\sci_project\data\mvtec\capsule\test\scratch\010.png,0.7206616997718811,0.8194586634635925,0.8532973527908325,0.13263565301895142,0.36924466490745544,0.9805518984794617,0.9736842513084412,0.7036862373352051
mvtec,0,4,capsule,capsule-scratch-011,100,D:\STUDY\My_github\sci_project\data\mvtec\capsule\test\scratch\011.png,0.6276058554649353,0.6354109644889832,0.8658286333084106,0.23822277784347534,0.38069257140159607,0.9537028074264526,0.9424071311950684,0.8806038498878479
mvtec,0,4,capsule,capsule-scratch-012,101,D:\STUDY\My_github\sci_project\data\mvtec\capsule\test\scratch\012.png,0.7491741180419922,0.4322705864906311,0.8398452401161194,0.0906711220741272,0.3004796504974365,0.9804549813270569,0.9735708832740784,0.7046106457710266
mvtec,0,4,capsule,capsule-scratch-013,102,D:\STUDY\My_github\sci_project\data\mvtec\capsule\test\scratch\013.png,0.6850872039794922,0.7693581581115723,0.8488661050796509,0.1637789011001587,0.21512627601623535,0.9756808280944824,0.9681227803230286,0.7509830594062805
mvtec,0,4,capsule,capsule-scratch-014,103,D:\STUDY\My_github\sci_project\data\mvtec\capsule\test\scratch\014.png,0.7259343862533569,0.7911538481712341,0.8184248805046082,0.09249049425125122,0.49291953444480896,0.9912416934967041,0.9853013157844543,0.6147929430007935
mvtec,0,4,capsule,capsule-scratch-015,104,D:\STUDY\My_github\sci_project\data\mvtec\capsule\test\scratch\015.png,0.5643530488014221,0.636878252029419,0.8238735795021057,0.2595205307006836,0.3956216871738434,0.9866494536399841,0.9806557297706604,0.6492415070533752
mvtec,0,4,capsule,capsule-scratch-016,105,D:\STUDY\My_github\sci_project\data\mvtec\capsule\test\scratch\016.png,0.739695131778717,0.7255581021308899,0.8357144594192505,0.09601932764053345,0.2655528783798218,0.9802727103233337,0.9733577966690063,0.7063525319099426
mvtec,0,4,capsule,capsule-scratch-017,106,D:\STUDY\My_github\sci_project\data\mvtec\capsule\test\scratch\017.png,0.5451996922492981,0.26254481077194214,0.8607524633407593,0.3155527710914612,0.21766065061092377,0.9757199883460999,0.9681656360626221,0.7506024837493896
mvtec,0,4,capsule,capsule-scratch-018,107,D:\STUDY\My_github\sci_project\data\mvtec\capsule\test\scratch\018.png,0.8460243344306946,0.8965147137641907,0.8584493398666382,0.012425005435943604,0.30152246356010437,0.9816336035728455,0.9749498963356018,0.6934635043144226
mvtec,0,4,capsule,capsule-scratch-019,108,D:\STUDY\My_github\sci_project\data\mvtec\capsule\test\scratch\019.png,0.7511447072029114,0.8474497199058533,0.8612834215164185,0.11013871431350708,0.3897678256034851,0.9827361106872559,0.9762353301048279,0.6832530498504639
mvtec,0,4,capsule,capsule-scratch-020,109,D:\STUDY\My_github\sci_project\data\mvtec\capsule\test\scratch\020.png,0.666391909122467,0.6404303312301636,0.8267883658409119,0.16039645671844482,0.3694555461406708,0.9701796770095825,0.962568461894989,0.8020219802856445
mvtec,0,4,capsule,capsule-scratch-021,110,D:\STUDY\My_github\sci_project\data\mvtec\capsule\test\scratch\021.png,0.5987586975097656,0.38633570075035095,0.8010124564170837,0.20225375890731812,0.2751712501049042,0.9674738645553589,0.9601389169692993,0.8239635229110718
mvtec,0,4,capsule,capsule-scratch-022,111,D:\STUDY\My_github\sci_project\data\mvtec\capsule\test\scratch\022.png,0.5543215274810791,0.41709208488464355,0.8857678174972534,0.3314462900161743,0.38217100501060486,0.9752551317214966,0.9676598310470581,0.7551126480102539
mvtec,0,4,capsule,capsule-squeeze-000,112,D:\STUDY\My_github\sci_project\data\mvtec\capsule\test\squeeze\000.png,0.4793100655078888,0.3018641173839569,0.7815613746643066,0.30225130915641785,0.43554922938346863,0.9872637391090393,0.9813173413276672,0.644270658493042
mvtec,0,4,capsule,capsule-squeeze-001,113,D:\STUDY\My_github\sci_project\data\mvtec\capsule\test\squeeze\001.png,0.4645306468009949,0.20101186633110046,0.692324697971344,0.22779405117034912,0.3791990876197815,0.9891815781593323,0.9833073616027832,0.6294621825218201
mvtec,0,4,capsule,capsule-squeeze-002,114,D:\STUDY\My_github\sci_project\data\mvtec\capsule\test\squeeze\002.png,0.4317217469215393,0.20695270597934723,0.7846598625183105,0.35293811559677124,0.26007169485092163,0.9751842617988586,0.9675832986831665,0.7557986378669739
mvtec,0,4,capsule,capsule-squeeze-003,115,D:\STUDY\My_github\sci_project\data\mvtec\capsule\test\squeeze\003.png,0.8000568747520447,0.7761684656143188,0.8529946804046631,0.05293780565261841,0.2734457850456238,0.9716652631759644,0.9639756679534912,0.7889058589935303
mvtec,0,4,capsule,capsule-squeeze-004,116,D:\STUDY\My_github\sci_project\data\mvtec\capsule\test\squeeze\004.png,0.597781777381897,0.3429635763168335,0.808735191822052,0.21095341444015503,0.2533038854598999,0.9667680859565735,0.9595204591751099,0.8292007446289062
mvtec,0,4,capsule,capsule-squeeze-005,117,D:\STUDY\My_github\sci_project\data\mvtec\capsule\test\squeeze\005.png,0.5299807786941528,0.2595924735069275,0.6803869009017944,0.1504061222076416,0.29011428356170654,0.9790204167366028,0.9718990921974182,0.7184227108955383
mvtec,0,4,capsule,capsule-squeeze-006,118,D:\STUDY\My_github\sci_project\data\mvtec\capsule\test\squeeze\006.png,0.4389057755470276,0.24331091344356537,0.756321907043457,0.31741613149642944,0.4567546844482422,0.9859418272972107,0.979880690574646,0.6550993323326111
mvtec,0,4,capsule,capsule-squeeze-007,119,D:\STUDY\My_github\sci_project\data\mvtec\capsule\test\squeeze\007.png,0.558208703994751,0.4122011661529541,0.7223369479179382,0.16412824392318726,0.4820900857448578,0.9883312582969666,0.9824399352073669,0.635892927646637
mvtec,0,4,capsule,capsule-squeeze-008,120,D:\STUDY\My_github\sci_project\data\mvtec\capsule\test\squeeze\008.png,0.5109512209892273,0.274308443069458,0.43921422958374023,-0.07173699140548706,0.3301234543323517,0.9554058909416199,0.9459689855575562,0.8790606260299683
mvtec,0,4,capsule,capsule-squeeze-009,121,D:\STUDY\My_github\sci_project\data\mvtec\capsule\test\squeeze\009.png,0.45466679334640503,0.14830255508422852,0.5909279584884644,0.13626116514205933,0.3364100158214569,0.9514545202255249,0.9365874528884888,0.8802609443664551
mvtec,0,4,capsule,capsule-squeeze-010,122,D:\STUDY\My_github\sci_project\data\mvtec\capsule\test\squeeze\010.png,0.6144415736198425,0.03530110418796539,0.4717074930667877,-0.1427340805530548,0.2138945460319519,0.9753082990646362,0.9677174091339111,0.7545977234840393
mvtec,0,4,capsule,capsule-squeeze-011,123,D:\STUDY\My_github\sci_project\data\mvtec\capsule\test\squeeze\011.png,0.49071556329727173,0.3065922260284424,0.7607877254486084,0.27007216215133667,0.4121631979942322,0.9820446968078613,0.9754301309585571,0.6896294355392456
mvtec,0,4,capsule,capsule-squeeze-012,124,D:\STUDY\My_github\sci_project\data\mvtec\capsule\test\squeeze\012.png,0.3513052463531494,0.12115363776683807,0.5826092958450317,0.23130404949188232,0.3749150037765503,0.9796925783157349,0.9726805686950684,0.7119238376617432
mvtec,0,4,capsule,capsule-squeeze-013,125,D:\STUDY\My_github\sci_project\data\mvtec\capsule\test\squeeze\013.png,0.5697513818740845,0.24063177406787872,0.700147271156311,0.13039588928222656,0.29241302609443665,0.9844384789466858,0.9781942963600159,0.6679899096488953
mvtec,0,4,capsule,capsule-squeeze-014,126,D:\STUDY\My_github\sci_project\data\mvtec\capsule\test\squeeze\014.png,0.42983829975128174,0.18777163326740265,0.7489734292030334,0.3191351294517517,0.3650846779346466,0.9796885848045349,0.9726759195327759,0.7119623422622681
mvtec,0,4,capsule,capsule-squeeze-015,127,D:\STUDY\My_github\sci_project\data\mvtec\capsule\test\squeeze\015.png,0.5764428973197937,0.14242717623710632,0.7645114660263062,0.18806856870651245,0.33808663487434387,0.9879713654518127,0.9820654988288879,0.6386798620223999
mvtec,0,4,capsule,capsule-squeeze-016,128,D:\STUDY\My_github\sci_project\data\mvtec\capsule\test\squeeze\016.png,0.44349539279937744,0.2384152114391327,0.797756552696228,0.3542611598968506,0.4483500123023987,0.983435332775116,0.9770448803901672,0.6769046187400818
mvtec,0,4,capsule,capsule-squeeze-017,129,D:\STUDY\My_github\sci_project\data\mvtec\capsule\test\squeeze\017.png,0.5555925965309143,0.3751819133758545,0.7455728650093079,0.18998026847839355,0.277368426322937,0.9678676724433899,0.9604853391647339,0.8209483623504639
mvtec,0,4,capsule,capsule-squeeze-018,130,D:\STUDY\My_github\sci_project\data\mvtec\capsule\test\squeeze\018.png,0.6147161722183228,0.4365154802799225,0.751086950302124,0.13637077808380127,0.35304951667785645,0.9886703491210938,0.9827888011932373,0.6333024501800537
mvtec,0,4,capsule,capsule-squeeze-019,131,D:\STUDY\My_github\sci_project\data\mvtec\capsule\test\squeeze\019.png,0.6631980538368225,0.48225119709968567,0.8115297555923462,0.14833170175552368,0.23077760636806488,0.9732804894447327,0.9655827879905701,0.7739908695220947
mvtec,0,4,carpet,carpet-color-000,0,D:\STUDY\My_github\sci_project\data\mvtec\carpet\test\color\000.png,0.5832947492599487,0.600838303565979,0.9106206297874451,0.32732588052749634,0.5116238594055176,0.9918723702430725,0.9999989867210388,0.5
mvtec,0,4,carpet,carpet-color-001,1,D:\STUDY\My_github\sci_project\data\mvtec\carpet\test\color\001.png,0.7271456718444824,0.6794753074645996,0.9257898330688477,0.19864416122436523,0.41189226508140564,0.9783233404159546,0.9999989867210388,0.5
mvtec,0,4,carpet,carpet-color-002,2,D:\STUDY\My_github\sci_project\data\mvtec\carpet\test\color\002.png,0.7044402360916138,0.7126352190971375,0.8967875838279724,0.19234734773635864,0.2944382429122925,0.9459396600723267,0.9999989867210388,0.5
mvtec,0,4,carpet,carpet-color-003,3,D:\STUDY\My_github\sci_project\data\mvtec\carpet\test\color\003.png,0.7558925151824951,0.8793843388557434,0.9281637668609619,0.1722712516784668,0.34765568375587463,0.9762206077575684,0.9999989867210388,0.5
mvtec,0,4,carpet,carpet-color-004,4,D:\STUDY\My_github\sci_project\data\mvtec\carpet\test\color\004.png,0.6174995303153992,0.7799794673919678,0.8924705982208252,0.274971067905426,0.36644312739372253,0.9926403164863586,0.9999989867210388,0.5
mvtec,0,4,carpet,carpet-color-005,5,D:\STUDY\My_github\sci_project\data\mvtec\carpet\test\color\005.png,0.6998072266578674,0.596139132976532,0.9265138506889343,0.2267066240310669,0.3834415376186371,0.9455517530441284,0.9999989867210388,0.5
mvtec,0,4,carpet,carpet-color-006,6,D:\STUDY\My_github\sci_project\data\mvtec\carpet\test\color\006.png,0.723956286907196,0.6053265929222107,0.9315965175628662,0.20764023065567017,0.3667295277118683,0.9642119407653809,0.9999989867210388,0.5
mvtec,0,4,carpet,carpet-color-007,7,D:\STUDY\My_github\sci_project\data\mvtec\carpet\test\color\007.png,0.6822302937507629,0.8182724714279175,0.9054232239723206,0.22319293022155762,0.42617854475975037,0.988041877746582,0.9999989867210388,0.5
mvtec,0,4,carpet,carpet-color-008,8,D:\STUDY\My_github\sci_project\data\mvtec\carpet\test\color\008.png,0.6058209538459778,0.6012593507766724,0.8974435329437256,0.2916225790977478,0.5556668043136597,0.9984694123268127,0.9999989867210388,0.5
mvtec,0,4,carpet,carpet-color-009,9,D:\STUDY\My_github\sci_project\data\mvtec\carpet\test\color\009.png,0.7666501402854919,0.7887431383132935,0.8863543272018433,0.11970418691635132,0.34639185667037964,0.9902293086051941,0.9999989867210388,0.5
mvtec,0,4,carpet,carpet-color-010,10,D:\STUDY\My_github\sci_project\data\mvtec\carpet\test\color\010.png,0.681784451007843,0.6690323352813721,0.9138547778129578,0.23207032680511475,0.3850966989994049,0.9828830361366272,0.9999989867210388,0.5
mvtec,0,4,carpet,carpet-color-011,11,D:\STUDY\My_github\sci_project\data\mvtec\carpet\test\color\011.png,0.7683729529380798,0.9135711193084717,0.9344044327735901,0.16603147983551025,0.30883872509002686,0.9689503312110901,0.9999989867210388,0.5
mvtec,0,4,carpet,carpet-color-012,12,D:\STUDY\My_github\sci_project\data\mvtec\carpet\test\color\012.png,0.8009628057479858,0.8990208506584167,0.9241242408752441,0.1231614351272583,0.4218011200428009,0.9929363131523132,0.9999989867210388,0.5
mvtec,0,4,carpet,carpet-color-013,13,D:\STUDY\My_github\sci_project\data\mvtec\carpet\test\color\013.png,0.7046129703521729,0.8692676424980164,0.9554707407951355,0.25085777044296265,0.3509708344936371,0.9595076441764832,0.9999989867210388,0.5
mvtec,0,4,carpet,carpet-color-014,14,D:\STUDY\My_github\sci_project\data\mvtec\carpet\test\color\014.png,0.8097711801528931,0.8661969900131226,0.8882622122764587,0.07849103212356567,0.41007426381111145,0.9583470225334167,0.9999989867210388,0.5
mvtec,0,4,carpet,carpet-color-015,15,D:\STUDY\My_github\sci_project\data\mvtec\carpet\test\color\015.png,0.8596214652061462,0.9228185415267944,0.9091413021087646,0.04951983690261841,0.3509576618671417,0.9711332321166992,0.9999989867210388,0.5
mvtec,0,4,carpet,carpet-color-016,16,D:\STUDY\My_github\sci_project\data\mvtec\carpet\test\color\016.png,0.7380237579345703,0.8384206295013428,0.9183337688446045,0.18031001091003418,0.37813901901245117,0.9395877122879028,0.9999989867210388,0.5
mvtec,0,4,carpet,carpet-color-017,17,D:\STUDY\My_github\sci_project\data\mvtec\carpet\test\color\017.png,0.8089532256126404,0.7875840663909912,0.8889352679252625,0.07998204231262207,0.3554697334766388,0.9309256076812744,0.9999989867210388,0.5
mvtec,0,4,carpet,carpet-color-018,18,D:\STUDY\My_github\sci_project\data\mvtec\carpet\test\color\018.png,0.8450421690940857,0.8298420310020447,0.9226179122924805,0.07757574319839478,0.32505255937576294,0.8899974822998047,0.9999989867210388,0.5
mvtec,0,4,carpet,carpet-cut-000,19,D:\STUDY\My_github\sci_project\data\mvtec\carpet\test\cut\000.png,0.7248282432556152,0.5358088612556458,0.888941764831543,0.16411352157592773,0.4469286799430847,0.9944891929626465,0.9999989867210388,0.5
mvtec,0,4,carpet,carpet-cut-001,20,D:\STUDY\My_github\sci_project\data\mvtec\carpet\test\cut\001.png,0.7219803333282471,0.7032206058502197,0.8882443308830261,0.16626399755477905,0.3869849443435669,0.9661973118782043,0.9999989867210388,0.5
mvtec,0,4,carpet,carpet-cut-002,21,D:\STUDY\My_github\sci_project\data\mvtec\carpet\test\cut\002.png,0.7122396230697632,0.585176408290863,0.9108215570449829,0.19858193397521973,0.5033864378929138,0.9954450130462646,0.9999989867210388,0.5
mvtec,0,4,carpet,carpet-cut-003,22,D:\STUDY\My_github\sci_project\data\mvtec\carpet\test\cut\003.png,0.6974936723709106,0.7050697803497314,0.9060266017913818,0.2085329294204712,0.5358692407608032,0.9925796389579773,0.9999989867210388,0.5
mvtec,0,4,carpet,carpet-cut-004,23,D:\STUDY\My_github\sci_project\data\mvtec\carpet\test\cut\004.png,0.686030387878418,0.5277605652809143,0.8670181035995483,0.18098771572113037,0.4500984847545624,0.887771487236023,0.9999989867210388,0.5
mvtec,0,4,carpet,carpet-cut-005,24,D:\STUDY\My_github\sci_project\data\mvtec\carpet\test\cut\005.png,0.666729211807251,0.6544907093048096,0.9213017225265503,0.2545725107192993,0.43657076358795166,0.9302993416786194,0.9999989867210388,0.5
mvtec,0,4,carpet,carpet-cut-006,25,D:\STUDY\My_github\sci_project\data\mvtec\carpet\test\cut\006.png,0.6516079902648926,0.4932524561882019,0.9251474738121033,0.2735394835472107,0.5611782670021057,0.9761941432952881,0.9999989867210388,0.5
mvtec,0,4,carpet,carpet-cut-007,26,D:\STUDY\My_github\sci_project\data\mvtec\carpet\test\cut\007.png,0.5877086520195007,0.46731770038604736,0.882197916507721,0.2944892644882202,0.30774855613708496,0.8745775818824768,0.9999989867210388,0.5
mvtec,0,4,carpet,carpet-cut-008,27,D:\STUDY\My_github\sci_project\data\mvtec\carpet\test\cut\008.png,0.632192850112915,0.3762669861316681,0.8748760223388672,0.24268317222595215,0.35183006525039673,0.8658149838447571,0.9999989867210388,0.5
mvtec,0,4,carpet,carpet-cut-009,28,D:\STUDY\My_github\sci_project\data\mvtec\carpet\test\cut\009.png,0.6418853402137756,0.6622099876403809,0.8706259727478027,0.2287406325340271,0.4126777648925781,0.9907053112983704,0.9999989867210388,0.5
mvtec,0,4,carpet,carpet-cut-010,29,D:\STUDY\My_github\sci_project\data\mvtec\carpet\test\cut\010.png,0.7079275846481323,0.25932222604751587,0.9162831902503967,0.2083556056022644,0.4644557535648346,0.9794304370880127,0.9999989867210388,0.5
mvtec,0,4,carpet,carpet-cut-011,30,D:\STUDY\My_github\sci_project\data\mvtec\carpet\test\cut\011.png,0.5880216360092163,0.504547119140625,0.9219666719436646,0.33394503593444824,0.44544410705566406,0.9649062156677246,0.9999989867210388,0.5
mvtec,0,4,carpet,carpet-cut-012,31,D:\STUDY\My_github\sci_project\data\mvtec\carpet\test\cut\012.png,0.717647910118103,0.7198666334152222,0.8994232416152954,0.18177533149719238,0.45490342378616333,0.9966517090797424,0.9999989867210388,0.5
mvtec,0,4,carpet,carpet-cut-013,32,D:\STUDY\My_github\sci_project\data\mvtec\carpet\test\cut\013.png,0.5996209979057312,0.5789414048194885,0.9032778739929199,0.3036568760871887,0.42772340774536133,0.9819394946098328,0.9999989867210388,0.5
mvtec,0,4,carpet,carpet-cut-014,33,D:\STUDY\My_github\sci_project\data\mvtec\carpet\test\cut\014.png,0.526957631111145,0.45869767665863037,0.8988602161407471,0.37190258502960205,0.3247623145580292,0.9124706983566284,0.9999989867210388,0.5
mvtec,0,4,carpet,carpet-cut-015,34,D:\STUDY\My_github\sci_project\data\mvtec\carpet\test\cut\015.png,0.52348792552948,0.6804595589637756,0.9032771587371826,0.37978923320770264,0.4911290407180786,0.9682162404060364,0.9999989867210388,0.5
mvtec,0,4,carpet,carpet-cut-016,35,D:\STUDY\My_github\sci_project\data\mvtec\carpet\test\cut\016.png,0.6318638324737549,0.32574132084846497,0.9162342548370361,0.28437042236328125,0.41559725999832153,0.920405924320221,0.9999989867210388,0.5
mvtec,0,4,carpet,carpet-hole-000,64,D:\STUDY\My_github\sci_project\data\mvtec\carpet\test\hole\000.png,0.7890273332595825,0.7688849568367004,0.9393432140350342,0.15031588077545166,0.4105414152145386,0.8557940721511841,0.9999989867210388,0.5
mvtec,0,4,carpet,carpet-hole-001,65,D:\STUDY\My_github\sci_project\data\mvtec\carpet\test\hole\001.png,0.7970046997070312,0.268063485622406,0.6758918762207031,-0.12111282348632812,0.3274836838245392,0.8117097616195679,0.9999989867210388,0.5
mvtec,0,4,carpet,carpet-hole-002,66,D:\STUDY\My_github\sci_project\data\mvtec\carpet\test\hole\002.png,0.7103371024131775,0.7218762636184692,0.8998519778251648,0.1895148754119873,0.36509445309638977,0.9481481313705444,0.9999989867210388,0.5
mvtec,0,4,carpet,carpet-hole-003,67,D:\STUDY\My_github\sci_project\data\mvtec\carpet\test\hole\003.png,0.6906841397285461,0.73738694190979,0.9108091592788696,0.2201250195503235,0.4814353883266449,0.9920611381530762,0.9999989867210388,0.5
mvtec,0,4,carpet,carpet-hole-004,68,D:\STUDY\My_github\sci_project\data\mvtec\carpet\test\hole\004.png,0.8006650805473328,0.7832472920417786,0.9363243579864502,0.13565927743911743,0.37935566902160645,0.9927288889884949,0.9999989867210388,0.5
mvtec,0,4,carpet,carpet-hole-005,69,D:\STUDY\My_github\sci_project\data\mvtec\carpet\test\hole\005.png,0.7461633086204529,0.48650842905044556,0.8907502293586731,0.14458692073822021,0.5307110548019409,0.8702815175056458,0.9999989867210388,0.5
mvtec,0,4,carpet,carpet-hole-006,70,D:\STUDY\My_github\sci_project\data\mvtec\carpet\test\hole\006.png,0.7624388933181763,0.6085750460624695,0.9042936563491821,0.14185476303100586,0.4935693144798279,0.9919965863227844,0.9999989867210388,0.5
mvtec,0,4,carpet,carpet-hole-007,71,D:\STUDY\My_github\sci_project\data\mvtec\carpet\test\hole\007.png,0.7761309146881104,0.7940617203712463,0.9170352816581726,0.14090436697006226,0.5426082611083984,0.9890032410621643,0.9999989867210388,0.5
mvtec,0,4,carpet,carpet-hole-008,72,D:\STUDY\My_github\sci_project\data\mvtec\carpet\test\hole\008.png,0.7348203659057617,0.7556527853012085,0.8807321190834045,0.14591175317764282,0.6744471192359924,0.9946235418319702,0.9999989867210388,0.5
mvtec,0,4,carpet,carpet-hole-009,73,D:\STUDY\My_github\sci_project\data\mvtec\carpet\test\hole\009.png,0.7403532266616821,0.43155068159103394,0.9010457396507263,0.1606925129890442,0.4876571297645569,0.9746652841567993,0.9999989867210388,0.5
mvtec,0,4,carpet,carpet-hole-010,74,D:\STUDY\My_github\sci_project\data\mvtec\carpet\test\hole\010.png,0.8323615789413452,0.7453060746192932,0.91751629114151,0.0851547122001648,0.4493790864944458,0.985471785068512,0.9999989867210388,0.5
mvtec,0,4,carpet,carpet-hole-011,75,D:\STUDY\My_github\sci_project\data\mvtec\carpet\test\hole\011.png,0.8097124099731445,0.7894914150238037,0.8942445516586304,0.08453214168548584,0.46748536825180054,0.9885339140892029,0.9999989867210388,0.5
mvtec,0,4,carpet,carpet-hole-012,76,D:\STUDY\My_github\sci_project\data\mvtec\carpet\test\hole\012.png,0.6904071569442749,0.49210283160209656,0.9258648157119751,0.2354576587677002,0.40959620475769043,0.8226431608200073,0.9999989867210388,0.5
mvtec,0,4,carpet,carpet-hole-013,77,D:\STUDY\My_github\sci_project\data\mvtec\carpet\test\hole\013.png,0.7886421084403992,0.7750968933105469,0.9299835562705994,0.1413414478302002,0.44533830881118774,0.9522475600242615,0.9999989867210388,0.5
mvtec,0,4,carpet,carpet-hole-014,78,D:\STUDY\My_github\sci_project\data\mvtec\carpet\test\hole\014.png,0.7879220247268677,0.8513990640640259,0.8973750472068787,0.10945302248001099,0.5029597282409668,0.96358722448349,0.9999989867210388,0.5
mvtec,0,4,carpet,carpet-hole-015,79,D:\STUDY\My_github\sci_project\data\mvtec\carpet\test\hole\015.png,0.7884924411773682,0.7756290435791016,0.9231131076812744,0.13462066650390625,0.468273401260376,0.9465874433517456,0.9999989867210388,0.5
mvtec,0,4,carpet,carpet-hole-016,80,D:\STUDY\My_github\sci_project\data\mvtec\carpet\test\hole\016.png,0.6296207904815674,0.4931165277957916,0.9168428182601929,0.2872220277786255,0.4104701280593872,0.9144150614738464,0.9999989867210388,0.5
mvtec,0,4,carpet,carpet-metal_contamination-000,81,D:\STUDY\My_github\sci_project\data\mvtec\carpet\test\metal_contamination\000.png,0.8353851437568665,0.927122950553894,0.954679012298584,0.11929386854171753,0.40937671065330505,0.9354957342147827,0.9999989867210388,0.5
mvtec,0,4,carpet,carpet-metal_contamination-001,82,D:\STUDY\My_github\sci_project\data\mvtec\carpet\test\metal_contamination\001.png,0.8460124731063843,0.8778257369995117,0.9649193286895752,0.11890685558319092,0.5168187022209167,0.9297205209732056,0.9999989867210388,0.5
mvtec,0,4,carpet,carpet-metal_contamination-002,83,D:\STUDY\My_github\sci_project\data\mvtec\carpet\test\metal_contamination\002.png,0.85536128282547,0.8795189261436462,0.9270519018173218,0.0716906189918518,0.6093271374702454,0.9854176044464111,0.9999989867210388,0.5
mvtec,0,4,carpet,carpet-metal_contamination-003,84,D:\STUDY\My_github\sci_project\data\mvtec\carpet\test\metal_contamination\003.png,0.8541120886802673,0.9227747321128845,0.9309197068214417,0.07680761814117432,0.4421103894710541,0.9833541512489319,0.9999989867210388,0.5
mvtec,0,4,carpet,carpet-metal_contamination-004,85,D:\STUDY\My_github\sci_project\data\mvtec\carpet\test\metal_contamination\004.png,0.8491519093513489,0.7514972686767578,0.9500898122787476,0.10093790292739868,0.5711551904678345,0.9612334966659546,0.9999989867210388,0.5
mvtec,0,4,carpet,carpet-metal_contamination-005,86,D:\STUDY\My_github\sci_project\data\mvtec\carpet\test\metal_contamination\005.png,0.8362593650817871,0.8274627923965454,0.9293251037597656,0.09306573867797852,0.5580989718437195,0.9916826486587524,0.9999989867210388,0.5
mvtec,0,4,carpet,carpet-metal_contamination-006,87,D:\STUDY\My_github\sci_project\data\mvtec\carpet\test\metal_contamination\006.png,0.8340610265731812,0.9255484938621521,0.9210742712020874,0.08701324462890625,0.5016421675682068,0.9946704506874084,0.9999989867210388,0.5
mvtec,0,4,carpet,carpet-metal_contamination-007,88,D:\STUDY\My_github\sci_project\data\mvtec\carpet\test\metal_contamination\007.png,0.7701106071472168,0.7143277525901794,0.9398108720779419,0.1697002649307251,0.6880888938903809,0.9764535427093506,0.9999989867210388,0.5
mvtec,0,4,carpet,carpet-metal_contamination-008,89,D:\STUDY\My_github\sci_project\data\mvtec\carpet\test\metal_contamination\008.png,0.8007684946060181,0.7902085185050964,0.9301645159721375,0.12939602136611938,0.657718300819397,0.9925056099891663,0.9999989867210388,0.5
mvtec,0,4,carpet,carpet-metal_contamination-009,90,D:\STUDY\My_github\sci_project\data\mvtec\carpet\test\metal_contamination\009.png,0.8718116283416748,0.888313889503479,0.9297606348991394,0.0579490065574646,0.5668638348579407,0.9868645071983337,0.9999989867210388,0.5
mvtec,0,4,carpet,carpet-metal_contamination-010,91,D:\STUDY\My_github\sci_project\data\mvtec\carpet\test\metal_contamination\010.png,0.8220729827880859,0.5741860866546631,0.9308733344078064,0.10880035161972046,0.6326043605804443,0.9896818995475769,0.9999989867210388,0.5
mvtec,0,4,carpet,carpet-metal_contamination-011,92,D:\STUDY\My_github\sci_project\data\mvtec\carpet\test\metal_contamination\011.png,0.8653320074081421,0.8224221467971802,0.9573894143104553,0.09205740690231323,0.5604608654975891,0.8898438811302185,0.9999989867210388,0.5
mvtec,0,4,carpet,carpet-metal_contamination-012,93,D:\STUDY\My_github\sci_project\data\mvtec\carpet\test\metal_contamination\012.png,0.8369259834289551,0.8005327582359314,0.9166274666786194,0.0797014832496643,0.5092847347259521,0.9925004839897156,0.9999989867210388,0.5
mvtec,0,4,carpet,carpet-metal_contamination-013,94,D:\STUDY\My_github\sci_project\data\mvtec\carpet\test\metal_contamination\013.png,0.8622479438781738,0.8524678349494934,0.9450170993804932,0.08276915550231934,0.4897724986076355,0.9699115753173828,0.9999989867210388,0.5
mvtec,0,4,carpet,carpet-metal_contamination-014,95,D:\STUDY\My_github\sci_project\data\mvtec\carpet\test\metal_contamination\014.png,0.8669938445091248,0.8007801175117493,0.9112974405288696,0.04430359601974487,0.4617787301540375,0.9010173082351685,0.9999989867210388,0.5
mvtec,0,4,carpet,carpet-metal_contamination-015,96,D:\STUDY\My_github\sci_project\data\mvtec\carpet\test\metal_contamination\015.png,0.8483130931854248,0.8033432960510254,0.9558930993080139,0.10758000612258911,0.592976450920105,0.9911963939666748,0.9999989867210388,0.5
mvtec,0,4,carpet,carpet-metal_contamination-016,97,D:\STUDY\My_github\sci_project\data\mvtec\carpet\test\metal_contamination\016.png,0.8565995693206787,0.8798572421073914,0.9443607330322266,0.08776116371154785,0.5236417651176453,0.973622739315033,0.9999989867210388,0.5
mvtec,0,4,carpet,carpet-thread-000,98,D:\STUDY\My_github\sci_project\data\mvtec\carpet\test\thread\000.png,0.8362460136413574,0.8011199235916138,0.9122845530509949,0.07603853940963745,0.584480345249176,0.9916685819625854,0.9999989867210388,0.5
mvtec,0,4,carpet,carpet-thread-001,99,D:\STUDY\My_github\sci_project\data\mvtec\carpet\test\thread\001.png,0.8248515129089355,0.8088037371635437,0.9532447457313538,0.1283932328224182,0.3917016088962555,0.8621659278869629,0.9999989867210388,0.5
mvtec,0,4,carpet,carpet-thread-002,100,D:\STUDY\My_github\sci_project\data\mvtec\carpet\test\thread\002.png,0.816433846950531,0.8789011240005493,0.9089648127555847,0.09253096580505371,0.511218786239624,0.9934087991714478,0.9999989867210388,0.5
mvtec,0,4,carpet,carpet-thread-003,101,D:\STUDY\My_github\sci_project\data\mvtec\carpet\test\thread\003.png,0.8413196802139282,0.8644533157348633,0.9226974248886108,0.08137774467468262,0.4426272511482239,0.8919186592102051,0.9999989867210388,0.5
mvtec,0,4,carpet,carpet-thread-004,102,D:\STUDY\My_github\sci_project\data\mvtec\carpet\test\thread\004.png,0.7715423107147217,0.7793274521827698,0.8826611042022705,0.11111879348754883,0.5940190553665161,0.9963526725769043,0.9999989867210388,0.5
mvtec,0,4,carpet,carpet-thread-005,103,D:\STUDY\My_github\sci_project\data\mvtec\carpet\test\thread\005.png,0.780407190322876,0.6928756833076477,0.8914073705673218,0.1110001802444458,0.6118321418762207,0.9619565010070801,0.9999989867210388,0.5
mvtec,0,4,carpet,carpet-thread-006,104,D:\STUDY\My_github\sci_project\data\mvtec\carpet\test\thread\006.png,0.7656965255737305,0.6934969425201416,0.8855980038642883,0.11990147829055786,0.6488975882530212,0.9794151782989502,0.9999989867210388,0.5
mvtec,0,4,carpet,carpet-thread-007,105,D:\STUDY\My_github\sci_project\data\mvtec\carpet\test\thread\007.png,0.7570937871932983,0.8270524740219116,0.8745938539505005,0.11750006675720215,0.570610761642456,0.9844702482223511,0.9999989867210388,0.5
mvtec,0,4,carpet,carpet-thread-008,106,D:\STUDY\My_github\sci_project\data\mvtec\carpet\test\thread\008.png,0.7588144540786743,0.8071713447570801,0.8595919609069824,0.1007775068283081,0.6511504650115967,0.9950662851333618,0.9999989867210388,0.5
mvtec,0,4,carpet,carpet-thread-009,107,D:\STUDY\My_github\sci_project\data\mvtec\carpet\test\thread\009.png,0.7797036170959473,0.8607069253921509,0.9184838533401489,0.13878023624420166,0.3472643196582794,0.85184645652771,0.9999989867210388,0.5
mvtec,0,4,carpet,carpet-thread-010,108,D:\STUDY\My_github\sci_project\data\mvtec\carpet\test\thread\010.png,0.7834658622741699,0.8192481994628906,0.8714256286621094,0.08795976638793945,0.71906578540802,0.9873716831207275,0.9999989867210388,0.5
mvtec,0,4,carpet,carpet-thread-011,109,D:\STUDY\My_github\sci_project\data\mvtec\carpet\test\thread\011.png,0.866120457649231,0.8581024408340454,0.8972365856170654,0.031116127967834473,0.57538241147995,0.9282844662666321,0.9999989867210388,0.5
mvtec,0,4,carpet,carpet-thread-012,110,D:\STUDY\My_github\sci_project\data\mvtec\carpet\test\thread\012.png,0.5768845081329346,0.6053962111473083,0.8948147892951965,0.31793028116226196,0.4723113775253296,0.9157844185829163,0.9999989867210388,0.5
mvtec,0,4,carpet,carpet-thread-013,111,D:\STUDY\My_github\sci_project\data\mvtec\carpet\test\thread\013.png,0.4231095016002655,0.5505703091621399,0.7298020124435425,0.306692510843277,0.63813316822052,0.9752833247184753,0.9999989867210388,0.5
mvtec,0,4,carpet,carpet-thread-014,112,D:\STUDY\My_github\sci_project\data\mvtec\carpet\test\thread\014.png,0.7449164390563965,0.510807991027832,0.9351864457130432,0.19027000665664673,0.3407004177570343,0.8063461184501648,0.9999989867210388,0.5
mvtec,0,4,carpet,carpet-thread-015,113,D:\STUDY\My_github\sci_project\data\mvtec\carpet\test\thread\015.png,0.7599225640296936,0.6563286185264587,0.877765417098999,0.11784285306930542,0.6199981570243835,0.9643369317054749,0.9999989867210388,0.5
mvtec,0,4,carpet,carpet-thread-016,114,D:\STUDY\My_github\sci_project\data\mvtec\carpet\test\thread\016.png,0.7769602537155151,0.7414237856864929,0.861528754234314,0.08456850051879883,0.6364599466323853,0.9391660690307617,0.9999989867210388,0.5
mvtec,0,4,carpet,carpet-thread-017,115,D:\STUDY\My_github\sci_project\data\mvtec\carpet\test\thread\017.png,0.7306669354438782,0.7363724112510681,0.8865969181060791,0.15592998266220093,0.6753579378128052,0.9597089886665344,0.9999989867210388,0.5
mvtec,0,4,carpet,carpet-thread-018,116,D:\STUDY\My_github\sci_project\data\mvtec\carpet\test\thread\018.png,0.7753834128379822,0.7438544631004333,0.8998447060585022,0.12446129322052002,0.316022664308548,0.9358206987380981,0.9999989867210388,0.5
mvtec,0,4,grid,grid-bent-000,0,D:\STUDY\My_github\sci_project\data\mvtec\grid\test\bent\000.png,0.7644502520561218,0.6927299499511719,0.8898429870605469,0.12539273500442505,0.41740280389785767,0.946182370185852,0.999573826789856,0.5049872398376465
mvtec,0,4,grid,grid-bent-001,1,D:\STUDY\My_github\sci_project\data\mvtec\grid\test\bent\001.png,0.7403680086135864,0.8178017735481262,0.9216830730438232,0.18131506443023682,0.4196760356426239,0.8784074783325195,0.9990733861923218,0.5098981261253357
mvtec,0,4,grid,grid-bent-002,2,D:\STUDY\My_github\sci_project\data\mvtec\grid\test\bent\002.png,0.7501553297042847,0.598065972328186,0.9269750714302063,0.17681974172592163,0.3872207701206207,0.936414897441864,0.9995231628417969,0.505509078502655
mvtec,0,4,grid,grid-bent-003,3,D:\STUDY\My_github\sci_project\data\mvtec\grid\test\bent\003.png,0.6521747708320618,0.6027801632881165,0.8805558085441589,0.22838103771209717,0.35838496685028076,0.9710975885391235,0.9996801614761353,0.5038648247718811
mvtec,0,4,grid,grid-bent-004,4,D:\STUDY\My_github\sci_project\data\mvtec\grid\test\bent\004.png,0.654576301574707,0.46979933977127075,0.8223646283149719,0.1677883267402649,0.3510374128818512,0.9599415063858032,0.9996362924575806,0.5043331980705261
mvtec,0,4,grid,grid-bent-005,5,D:\STUDY\My_github\sci_project\data\mvtec\grid\test\bent\005.png,0.674626886844635,0.6228904128074646,0.8794333338737488,0.20480644702911377,0.39625653624534607,0.9039287567138672,0.9993077516555786,0.5076574087142944
mvtec,0,4,grid,grid-bent-006,6,D:\STUDY\My_github\sci_project\data\mvtec\grid\test\bent\006.png,0.6537957191467285,0.510863184928894,0.870010256767273,0.21621453762054443,0.3635805547237396,0.9409152865409851,0.9995472431182861,0.5052624344825745
mvtec,0,4,grid,grid-bent-007,7,D:\STUDY\My_github\sci_project\data\mvtec\grid\test\bent\007.png,0.7451474070549011,0.5561113953590393,0.833124577999115,0.08797717094421387,0.3877646028995514,0.8900311589241028,0.9991884827613831,0.5088080763816833
mvtec,0,4,grid,grid-bent-008,8,D:\STUDY\My_github\sci_project\data\mvtec\grid\test\bent\008.png,0.673883318901062,0.6262214779853821,0.9507642984390259,0.27688097953796387,0.3174682855606079,0.8920494318008423,0.9992070198059082,0.5086310505867004
mvtec,0,4,grid,grid-bent-009,9,D:\STUDY\My_github\sci_project\data\mvtec\grid\test\bent\009.png,0.6875168681144714,0.6258446574211121,0.8778088688850403,0.19029200077056885,0.3789852261543274,0.9376233816146851,0.9995297789573669,0.5054417848587036
mvtec,0,4,grid,grid-bent-010,10,D:\STUDY\My_github\sci_project\data\mvtec\grid\test\bent\010.png,0.6925506591796875,0.7056127190589905,0.8570908904075623,0.16454023122787476,0.42269718647003174,0.97127366065979,0.9996808171272278,0.5038579106330872
mvtec,0,4,grid,grid-bent-011,11,D:\STUDY\My_github\sci_project\data\mvtec\grid\test\bent\011.png,0.6459073424339294,0.6962177753448486,0.893330454826355,0.24742311239242554,0.42780134081840515,0.9452983736991882,0.9995694756507874,0.5050324201583862
mvtec,0,4,grid,grid-broken-000,12,D:\STUDY\My_github\sci_project\data\mvtec\grid\test\broken\000.png,0.7037485241889954,0.8605528473854065,0.8407547473907471,0.1370062232017517,0.475478857755661,0.9941427111625671,0.9997548460960388,0.5030490756034851
mvtec,0,4,grid,grid-broken-001,13,D:\STUDY\My_github\sci_project\data\mvtec\grid\test\broken\001.png,0.6397796869277954,0.705567479133606,0.8366042971611023,0.19682461023330688,0.5395719408988953,0.9661247134208679,0.9996612668037415,0.5040671825408936
mvtec,0,4,grid,grid-broken-002,14,D:\STUDY\My_github\sci_project\data\mvtec\grid\test\broken\002.png,0.7408797740936279,0.7138015031814575,0.8754526972770691,0.13457292318344116,0.42285993695259094,0.9955618381500244,0.999758780002594,0.5030048489570618
mvtec,0,4,grid,grid-broken-003,15,D:\STUDY\My_github\sci_project\data\mvtec\grid\test\broken\003.png,0.7237274050712585,0.8100899457931519,0.7788788676261902,0.05515146255493164,0.41966578364372253,0.9893004298210144,0.999740719795227,0.5032053589820862
mvtec,0,4,grid,grid-broken-004,16,D:\STUDY\My_github\sci_project\data\mvtec\grid\test\broken\004.png,0.6857394576072693,0.8814326524734497,0.8271676898002625,0.14142823219299316,0.4252207577228546,0.9902316927909851,0.9997434616088867,0.5031747817993164
mvtec,0,4,grid,grid-broken-005,17,D:\STUDY\My_github\sci_project\data\mvtec\grid\test\broken\005.png,0.673835039138794,0.8287269473075867,0.9031552672386169,0.229320228099823,0.3579530417919159,0.9812218546867371,0.9997153878211975,0.5034831166267395
mvtec,0,4,grid,grid-broken-006,18,D:\STUDY\My_github\sci_project\data\mvtec\grid\test\broken\006.png,0.612207293510437,0.8747001886367798,0.8757836222648621,0.26357632875442505,0.38260674476623535,0.9921879768371582,0.9997492432594299,0.5031112432479858
mvtec,0,4,grid,grid-broken-007,19,D:\STUDY\My_github\sci_project\data\mvtec\grid\test\broken\007.png,0.6201184988021851,0.7893701791763306,0.8685494065284729,0.24843090772628784,0.3614218831062317,0.9789743423461914,0.9997079372406006,0.5035648345947266
mvtec,0,4,grid,grid-broken-008,20,D:\STUDY\My_github\sci_project\data\mvtec\grid\test\broken\008.png,0.7313666939735413,0.9025959372520447,0.8841150999069214,0.15274840593338013,0.35075944662094116,0.965129017829895,0.999657392501831,0.5041088461875916
mvtec,0,4,grid,grid-broken-009,21,D:\STUDY\My_github\sci_project\data\mvtec\grid\test\broken\009.png,0.7186625003814697,0.8218978047370911,0.8529291749000549,0.1342666745185852,0.40755730867385864,0.9886673092842102,0.9997388124465942,0.5032261610031128
mvtec,0,4,grid,grid-broken-010,22,D:\STUDY\My_github\sci_project\data\mvtec\grid\test\broken\010.png,0.6803609132766724,0.8228515386581421,0.8839247822761536,0.2035638689994812,0.4274330139160156,0.9893639087677002,0.9997408986091614,0.5032030940055847
mvtec,0,4,grid,grid-broken-011,23,D:\STUDY\My_github\sci_project\data\mvtec\grid\test\broken\011.png,0.704033613204956,0.7897363305091858,0.9364264607429504,0.23239284753799438,0.37793228030204773,0.9288508296012878,0.9994798898696899,0.5059494972229004
mvtec,0,4,grid,grid-glue-000,24,D:\STUDY\My_github\sci_project\data\mvtec\grid\test\glue\000.png,0.7094935178756714,0.7729851603507996,0.9475861191749573,0.2380926012992859,0.3263726234436035,0.8869580626487732,0.9991595149040222,0.5090845227241516
mvtec,0,4,grid,grid-glue-001,25,D:\STUDY\My_github\sci_project\data\mvtec\grid\test\glue\001.png,0.7699011564254761,0.5793375372886658,0.8174831867218018,0.047582030296325684,0.35280710458755493,0.944661557674408,0.9995663166046143,0.5050650835037231
mvtec,0,4,grid,grid-glue-002,26,D:\STUDY\My_github\sci_project\data\mvtec\grid\test\glue\002.png,0.7128123641014099,0.7684036493301392,0.7660256028175354,0.05321323871612549,0.3898988366127014,0.9573847651481628,0.9996253848075867,0.5044480562210083
mvtec,0,4,grid,grid-glue-003,27,D:\STUDY\My_github\sci_project\data\mvtec\grid\test\glue\003.png,0.7109910845756531,0.7929283976554871,0.9042226076126099,0.1932315230369568,0.33453428745269775,0.8655081391334534,0.9989267587661743,0.5112612843513489
mvtec,0,4,grid,grid-glue-004,28,D:\STUDY\My_github\sci_project\data\mvtec\grid\test\glue\004.png,0.7406816482543945,0.9240023493766785,0.8482632040977478,0.10758155584335327,0.5015608072280884,0.9890372157096863,0.999739944934845,0.5032141208648682
mvtec,0,4,grid,grid-glue-005,29,D:\STUDY\My_github\sci_project\data\mvtec\grid\test\glue\005.png,0.7925348281860352,0.9299794435501099,0.8831509947776794,0.09061616659164429,0.4344995319843292,0.9791007041931152,0.999708354473114,0.5035600066184998
mvtec,0,4,grid,grid-glue-006,30,D:\STUDY\My_github\sci_project\data\mvtec\grid\test\glue\006.png,0.7589516043663025,0.806398332118988,0.8759799003601074,0.11702829599380493,0.29825952649116516,0.950849711894989,0.999596118927002,0.5047551393508911
mvtec,0,4,grid,grid-glue-007,31,D:\STUDY\My_github\sci_project\data\mvtec\grid\test\glue\007.png,0.7202576994895935,0.8893460631370544,0.9243929982185364,0.20413529872894287,0.29156482219696045,0.9402086138725281,0.9995435476303101,0.5053003430366516
mvtec,0,4,grid,grid-glue-008,32,D:\STUDY\My_github\sci_project\data\mvtec\grid\test\glue\008.png,0.6402307748794556,0.04914293810725212,0.20435917377471924,-0.43587160110473633,0.22658789157867432,0.8935201168060303,0.9992202520370483,0.508504331111908
mvtec,0,4,grid,grid-glue-009,33,D:\STUDY\My_github\sci_project\data\mvtec\grid\test\glue\009.png,0.7378641963005066,0.7296426892280579,0.9048910140991211,0.1670268177986145,0.35328102111816406,0.9260177612304688,0.9994626641273499,0.5061233043670654
mvtec,0,4,grid,grid-glue-010,34,D:\STUDY\My_github\sci_project\data\mvtec\grid\test\glue\010.png,0.6689926385879517,0.9315427541732788,0.8928816914558411,0.2238890528678894,0.33466818928718567,0.9654714465141296,0.9996587634086609,0.5040944218635559
mvtec,0,4,grid,grid-metal_contamination-000,56,D:\STUDY\My_github\sci_project\data\mvtec\grid\test\metal_contamination\000.png,0.8192437887191772,0.9564974904060364,0.9637939929962158,0.14455020427703857,0.46599236130714417,0.9636912941932678,0.9996516704559326,0.504169762134552
mvtec,0,4,grid,grid-metal_contamination-001,57,D:\STUDY\My_github\sci_project\data\mvtec\grid\test\metal_contamination\001.png,0.7722959518432617,0.7535313367843628,0.9069147706031799,0.1346188187599182,0.4226551353931427,0.961337149143219,0.9996420741081238,0.5042716860771179
mvtec,0,4,grid,grid-metal_contamination-002,58,D:\STUDY\My_github\sci_project\data\mvtec\grid\test\metal_contamination\002.png,0.822960376739502,0.8289854526519775,0.9274225234985352,0.1044621467590332,0.5655549168586731,0.9817072749137878,0.9997169971466064,0.5034657716751099
mvtec,0,4,grid,grid-metal_contamination-003,59,D:\STUDY\My_github\sci_project\data\mvtec\grid\test\metal_contamination\003.png,0.7048708200454712,0.6235582232475281,0.9291480183601379,0.22427719831466675,0.4846896231174469,0.9237545728683472,0.9994485378265381,0.5062652826309204
mvtec,0,4,grid,grid-metal_contamination-004,60,D:\STUDY\My_github\sci_project\data\mvtec\grid\test\metal_contamination\004.png,0.75304114818573,0.9460797309875488,0.8644753694534302,0.1114342212677002,0.48058801889419556,0.9316505789756775,0.999496340751648,0.5057826042175293
mvtec,0,4,grid,grid-metal_contamination-005,61,D:\STUDY\My_github\sci_project\data\mvtec\grid\test\metal_contamination\005.png,0.7421619892120361,0.9421880841255188,0.9144281148910522,0.1722661256790161,0.5313215255737305,0.9517291188240051,0.9996002316474915,0.5047125816345215
mvtec,0,4,grid,grid-metal_contamination-006,62,D:\STUDY\My_github\sci_project\data\mvtec\grid\test\metal_contamination\006.png,0.7200528383255005,0.6959224939346313,0.9053460955619812,0.1852932572364807,0.4281595051288605,0.9511830806732178,0.9995976686477661,0.5047389268875122
mvtec,0,4,grid,grid-metal_contamination-007,63,D:\STUDY\My_github\sci_project\data\mvtec\grid\test\metal_contamination\007.png,0.765556275844574,0.8661862015724182,0.9156359434127808,0.1500796675682068,0.41818302869796753,0.9005667567253113,0.9992806315422058,0.5079216361045837
mvtec,0,4,grid,grid-metal_contamination-008,64,D:\STUDY\My_github\sci_project\data\mvtec\grid\test\metal_contamination\008.png,0.7747156620025635,0.7939057350158691,0.9189078211784363,0.1441921591758728,0.48729923367500305,0.957915186882019,0.9996277093887329,0.5044239163398743
mvtec,0,4,grid,grid-metal_contamination-009,65,D:\STUDY\My_github\sci_project\data\mvtec\grid\test\metal_contamination\009.png,0.8083238005638123,0.7766000628471375,0.8772681951522827,0.06894439458847046,0.494056761264801,0.909487783908844,0.9993504881858826,0.5072393417358398
mvtec,0,4,grid,grid-metal_contamination-010,66,D:\STUDY\My_github\sci_project\data\mvtec\grid\test\metal_contamination\010.png,0.7131892442703247,0.6805492639541626,0.8248358964920044,0.11164665222167969,0.4539421498775482,0.9281556010246277,0.9994757175445557,0.5059916377067566
mvtec,0,4,grid,grid-thread-000,67,D:\STUDY\My_github\sci_project\data\mvtec\grid\test\thread\000.png,0.7445127367973328,0.7956417798995972,0.9348102807998657,0.19029754400253296,0.5245686769485474,0.9112566709518433,0.9993635416030884,0.5071108937263489
mvtec,0,4,grid,grid-thread-001,68,D:\STUDY\My_github\sci_project\data\mvtec\grid\test\thread\001.png,0.7918146848678589,0.8588590621948242,0.9164869785308838,0.1246722936630249,0.7911978363990784,0.973717212677002,0.9996896386146545,0.5037626028060913
mvtec,0,4,grid,grid-thread-002,69,D:\STUDY\My_github\sci_project\data\mvtec\grid\test\thread\002.png,0.6122964024543762,0.328786700963974,0.8235184550285339,0.21122205257415771,0.39780882000923157,0.9035932421684265,0.9993051290512085,0.5076833963394165
mvtec,0,4,grid,grid-thread-003,70,D:\STUDY\My_github\sci_project\data\mvtec\grid\test\thread\003.png,0.6422118544578552,0.15176916122436523,0.5114737153053284,-0.13073813915252686,0.444109708070755,0.8171489238739014,0.9981463551521301,0.5181776881217957
mvtec,0,4,grid,grid-thread-004,71,D:\STUDY\My_github\sci_project\data\mvtec\grid\test\thread\004.png,0.6908473968505859,0.6733922958374023,0.8263881206512451,0.13554072380065918,0.5036600232124329,0.9906889200210571,0.9997448325157166,0.5031598210334778
mvtec,0,4,grid,grid-thread-005,72,D:\STUDY\My_github\sci_project\data\mvtec\grid\test\thread\005.png,0.7136222720146179,0.9050474166870117,0.8818456530570984,0.16822338104248047,0.5833101868629456,0.9826704859733582,0.9997200965881348,0.5034316778182983
mvtec,0,4,grid,grid-thread-006,73,D:\STUDY\My_github\sci_project\data\mvtec\grid\test\thread\006.png,0.6402211785316467,0.32285043597221375,0.8119751214981079,0.17175394296646118,0.4352155029773712,0.9434242844581604,0.9995601177215576,0.5051295161247253
mvtec,0,4,grid,grid-thread-007,74,D:\STUDY\My_github\sci_project\data\mvtec\grid\test\thread\007.png,0.6995306611061096,0.42810627818107605,0.8452866673469543,0.14575600624084473,0.4569336175918579,0.9292288422584534,0.9994821548461914,0.5059268474578857
mvtec,0,4,grid,grid-thread-008,75,D:\STUDY\My_github\sci_project\data\mvtec\grid\test\thread\008.png,0.6214638948440552,0.5342710018157959,0.8131287693977356,0.19166487455368042,0.3624674379825592,0.9632406830787659,0.9996498227119446,0.504189133644104
mvtec,0,4,grid,grid-thread-009,76,D:\STUDY\My_github\sci_project\data\mvtec\grid\test\thread\009.png,0.5927395820617676,0.24530401825904846,0.7552952170372009,0.16255563497543335,0.4322532117366791,0.8987619280815125,0.9992656111717224,0.5080670714378357
mvtec,0,4,grid,grid-thread-010,77,D:\STUDY\My_github\sci_project\data\mvtec\grid\test\thread\010.png,0.6117419004440308,0.6066616773605347,0.8739125728607178,0.262170672416687,0.46481892466545105,0.9577067494392395,0.9996268153190613,0.5044332146644592
mvtec,0,4,hazelnut,hazelnut-crack-000,0,D:\STUDY\My_github\sci_project\data\mvtec\hazelnut\test\crack\000.png,0.6378710269927979,0.44865113496780396,0.5694202780723572,-0.06845074892044067,0.4839860200881958,0.9911909699440002,0.9869194626808167,0.6029701232910156
mvtec,0,4,hazelnut,hazelnut-crack-001,1,D:\STUDY\My_github\sci_project\data\mvtec\hazelnut\test\crack\001.png,0.6685643792152405,0.6264666318893433,0.5932513475418091,-0.0753130316734314,0.46694278717041016,0.9951823353767395,0.991144597530365,0.5721474289894104
mvtec,0,4,hazelnut,hazelnut-crack-002,2,D:\STUDY\My_github\sci_project\data\mvtec\hazelnut\test\crack\002.png,0.6436353921890259,0.6481313109397888,0.5173211693763733,-0.1263142228126526,0.42750728130340576,0.9792280197143555,0.9685104489326477,0.747548520565033
mvtec,0,4,hazelnut,hazelnut-crack-003,3,D:\STUDY\My_github\sci_project\data\mvtec\hazelnut\test\crack\003.png,0.5955358743667603,0.7743397951126099,0.5471788048744202,-0.04835706949234009,0.3043058514595032,0.9878972768783569,0.9824767708778381,0.6356191635131836
mvtec,0,4,hazelnut,hazelnut-crack-004,4,D:\STUDY\My_github\sci_project\data\mvtec\hazelnut\test\crack\004.png,0.7101193070411682,0.5277748107910156,0.5366870164871216,-0.17343229055404663,0.42751210927963257,0.9847869277000427,0.9776274561882019,0.6723719835281372
mvtec,0,4,hazelnut,hazelnut-crack-005,5,D:\STUDY\My_github\sci_project\data\mvtec\hazelnut\test\crack\005.png,0.6981570720672607,0.8319243788719177,0.574975848197937,-0.12318122386932373,0.3909325897693634,0.9864907264709473,0.9803467392921448,0.651572048664093
mvtec,0,4,hazelnut,hazelnut-crack-006,6,D:\STUDY\My_github\sci_project\data\mvtec\hazelnut\test\crack\006.png,0.5953232049942017,0.6775603294372559,0.5876767635345459,-0.007646441459655762,0.39505621790885925,0.9909982681274414,0.9866828322410583,0.6046958565711975
mvtec,0,4,hazelnut,hazelnut-crack-007,7,D:\STUDY\My_github\sci_project\data\mvtec\hazelnut\test\crack\007.png,0.615657389163971,0.30390670895576477,0.6210662126541138,0.005408823490142822,0.5225362777709961,0.9965576529502869,0.9923127889633179,0.5635496973991394
mvtec,0,4,hazelnut,hazelnut-crack-008,8,D:\STUDY\My_github\sci_project\data\mvtec\hazelnut\test\crack\008.png,0.6745553612709045,0.6122315526008606,0.6547631621360779,-0.01979219913482666,0.4945029020309448,0.9958785772323608,0.9917533993721008,0.5676748156547546
mvtec,0,4,hazelnut,hazelnut-crack-009,9,D:\STUDY\My_github\sci_project\data\mvtec\hazelnut\test\crack\009.png,0.6769811511039734,0.3173586428165436,0.6530115604400635,-0.023969590663909912,0.5232677459716797,0.9941704869270325,0.9901938438415527,0.579105019569397
mvtec,0,4,hazelnut,hazelnut-crack-010,10,D:\STUDY\My_github\sci_project\data\mvtec\hazelnut\test\crack\010.png,0.713546872138977,0.21732036769390106,0.6920772790908813,-0.021469593048095703,0.49910521507263184,0.9825631976127625,0.9739494323730469,0.7015296220779419
mvtec,0,4,hazelnut,hazelnut-crack-011,11,D:\STUDY\My_github\sci_project\data\mvtec\hazelnut\test\crack\011.png,0.6614274978637695,0.7306079864501953,0.6068789958953857,-0.05454850196838379,0.5008383989334106,0.9941036105155945,0.9901281595230103,0.579584538936615
mvtec,0,4,hazelnut,hazelnut-crack-012,12,D:\STUDY\My_github\sci_project\data\mvtec\hazelnut\test\crack\012.png,0.7312552332878113,0.7276066541671753,0.5789704322814941,-0.15228480100631714,0.34958764910697937,0.9718037247657776,0.9583821296691895,0.8382332921028137
mvtec,0,4,hazelnut,hazelnut-crack-013,13,D:\STUDY\My_github\sci_project\data\mvtec\hazelnut\test\crack\013.png,0.5920622944831848,0.7155246138572693,0.5508374571800232,-0.04122483730316162,0.3802960515022278,0.9810459613800049,0.9714359641075134,0.7223111987113953
mvtec,0,4,hazelnut,hazelnut-crack-014,14,D:\STUDY\My_github\sci_project\data\mvtec\hazelnut\test\crack\014.png,0.7362899780273438,0.8827440738677979,0.5128699541091919,-0.22342002391815186,0.39258354902267456,0.9888741970062256,0.9838796854019165,0.6252368092536926
mvtec,0,4,hazelnut,hazelnut-crack-015,15,D:\STUDY\My_github\sci_project\data\mvtec\hazelnut\test\crack\015.png,0.6704920530319214,0.6885154843330383,0.5640232563018799,-0.1064687967300415,0.4553196132183075,0.9940512776374817,0.9900765419006348,0.5799614787101746
mvtec,0,4,hazelnut,hazelnut-crack-016,16,D:\STUDY\My_github\sci_project\data\mvtec\hazelnut\test\crack\016.png,0.6769007444381714,0.5667439103126526,0.551518976688385,-0.12538176774978638,0.3524090349674225,0.9838666915893555,0.9761154055595398,0.684198796749115
mvtec,0,4,hazelnut,hazelnut-crack-017,17,D:\STUDY\My_github\sci_project\data\mvtec\hazelnut\test\crack\017.png,0.6174864768981934,0.4014017879962921,0.6623108386993408,0.04482436180114746,0.4487306773662567,0.9940781593322754,0.9901031255722046,0.5797677040100098
mvtec,0,4,hazelnut,hazelnut-cut-000,18,D:\STUDY\My_github\sci_project\data\mvtec\hazelnut\test\cut\000.png,0.6644176840782166,0.8953071236610413,0.5188149213790894,-0.1456027626991272,0.22010913491249084,0.9823147058486938,0.9735358357429504,0.7048966884613037
mvtec,0,4,hazelnut,hazelnut-cut-001,19,D:\STUDY\My_github\sci_project\data\mvtec\hazelnut\test\cut\001.png,0.7518804669380188,0.4285048842430115,0.5173672437667847,-0.23451322317123413,0.33293935656547546,0.9597979187965393,0.9261423945426941,0.8754315376281738
mvtec,0,4,hazelnut,hazelnut-cut-002,20,D:\STUDY\My_github\sci_project\data\mvtec\hazelnut\test\cut\002.png,0.6853299140930176,0.8398933410644531,0.542953372001648,-0.14237654209136963,0.2868436574935913,0.9494704008102417,0.8212924003601074,0.7856219410896301
mvtec,0,4,hazelnut,hazelnut-cut-003,21,D:\STUDY\My_github\sci_project\data\mvtec\hazelnut\test\cut\003.png,0.7407217621803284,0.6993430256843567,0.5708527565002441,-0.16986900568008423,0.33703336119651794,0.9772282242774963,0.9654894471168518,0.7748516201972961
mvtec,0,4,hazelnut,hazelnut-cut-004,22,D:\STUDY\My_github\sci_project\data\mvtec\hazelnut\test\cut\004.png,0.7368757128715515,0.7854252457618713,0.5406709909439087,-0.19620472192764282,0.3305627405643463,0.9785146117210388,0.9674052000045776,0.757396936416626
mvtec,0,4,hazelnut,hazelnut-cut-005,23,D:\STUDY\My_github\sci_project\data\mvtec\hazelnut\test\cut\005.png,0.750120222568512,0.8845775127410889,0.5643059015274048,-0.18581432104110718,0.2581479847431183,0.9805766940116882,0.970668613910675,0.7288162708282471
mvtec,0,4,hazelnut,hazelnut-cut-006,24,D:\STUDY\My_github\sci_project\data\mvtec\hazelnut\test\cut\006.png,0.657541811466217,0.61614990234375,0.5657575130462646,-0.09178429841995239,0.32431110739707947,0.9465060830116272,0.7767593860626221,0.745503306388855
mvtec,0,4,hazelnut,hazelnut-cut-007,25,D:\STUDY\My_github\sci_project\data\mvtec\hazelnut\test\cut\007.png,0.7321087718009949,0.7886683344841003,0.5611608028411865,-0.17094796895980835,0.35034874081611633,0.9429540634155273,0.7220684289932251,0.6966258883476257
mvtec,0,4,hazelnut,hazelnut-cut-008,26,D:\STUDY\My_github\sci_project\data\mvtec\hazelnut\test\cut\008.png,0.5759783983230591,0.7229387760162354,0.5414799451828003,-0.03449845314025879,0.3560875356197357,0.9864274859428406,0.9802482724189758,0.6523162126541138
mvtec,0,4,hazelnut,hazelnut-cut-009,27,D:\STUDY\My_github\sci_project\data\mvtec\hazelnut\test\cut\009.png,0.7633291482925415,0.7841441631317139,0.5683053731918335,-0.195023775100708,0.2678625285625458,0.9762084484100342,0.9640464186668396,0.788246214389801
mvtec,0,4,hazelnut,hazelnut-cut-010,28,D:\STUDY\My_github\sci_project\data\mvtec\hazelnut\test\cut\010.png,0.8107391595840454,0.8273254632949829,0.5774215459823608,-0.23331761360168457,0.2873987555503845,0.9880656003952026,0.9827232360839844,0.6337887644767761
mvtec,0,4,hazelnut,hazelnut-cut-011,29,D:\STUDY\My_github\sci_project\data\mvtec\hazelnut\test\cut\011.png,0.7680976390838623,0.8791882991790771,0.5723843574523926,-0.19571328163146973,0.2641480267047882,0.9823463559150696,0.9735885262489319,0.7044668197631836
mvtec,0,4,hazelnut,hazelnut-cut-012,30,D:\STUDY\My_github\sci_project\data\mvtec\hazelnut\test\cut\012.png,0.7568449378013611,0.8274134993553162,0.5451464653015137,-0.2116984724998474,0.24304866790771484,0.9698907136917114,0.9558733105659485,0.8545394539833069
mvtec,0,4,hazelnut,hazelnut-cut-013,31,D:\STUDY\My_github\sci_project\data\mvtec\hazelnut\test\cut\013.png,0.7254459857940674,0.8142821192741394,0.5996715426445007,-0.12577444314956665,0.26429349184036255,0.9723296761512756,0.959040641784668,0.833113968372345
mvtec,0,4,hazelnut,hazelnut-cut-014,32,D:\STUDY\My_github\sci_project\data\mvtec\hazelnut\test\cut\014.png,0.7785166501998901,0.8409565687179565,0.5477572679519653,-0.2307593822479248,0.28994351625442505,0.9832109212875366,0.9750275015830994,0.6928423047065735
mvtec,0,4,hazelnut,hazelnut-cut-015,33,D:\STUDY\My_github\sci_project\data\mvtec\hazelnut\test\cut\015.png,0.6271604299545288,0.8068435788154602,0.5684536695480347,-0.05870676040649414,0.32222801446914673,0.9900221228599548,0.9854384064674377,0.6137888431549072
mvtec,0,4,hazelnut,hazelnut-cut-016,34,D:\STUDY\My_github\sci_project\data\mvtec\hazelnut\test\cut\016.png,0.7575675249099731,0.7799171805381775,0.5490409731864929,-0.20852655172348022,0.31541386246681213,0.9725893139839172,0.9593641757965088,0.8304910659790039
mvtec,0,4,hazelnut,hazelnut-hole-000,75,D:\STUDY\My_github\sci_project\data\mvtec\hazelnut\test\hole\000.png,0.7628505229949951,0.8954635858535767,0.5487692952156067,-0.21408122777938843,0.4018096625804901,0.996772825717926,0.9924831390380859,0.5622898936271667
mvtec,0,4,hazelnut,hazelnut-hole-001,76,D:\STUDY\My_github\sci_project\data\mvtec\hazelnut\test\hole\001.png,0.7872072458267212,0.9307078123092651,0.5809122323989868,-0.20629501342773438,0.26837411522865295,0.9870868921279907,0.9812642335891724,0.6446689963340759
mvtec,0,4,hazelnut,hazelnut-hole-002,77,D:\STUDY\My_github\sci_project\data\mvtec\hazelnut\test\hole\002.png,0.7046020030975342,0.8518038392066956,0.5258530378341675,-0.1787489652633667,0.32624003291130066,0.9898431897163391,0.9852021336555481,0.6155194640159607
mvtec,0,4,hazelnut,hazelnut-hole-003,78,D:\STUDY\My_github\sci_project\data\mvtec\hazelnut\test\hole\003.png,0.7611922025680542,0.7890715599060059,0.5765064358711243,-0.18468576669692993,0.3635328412055969,0.997577965259552,0.9930919408798218,0.5577716827392578
mvtec,0,4,hazelnut,hazelnut-hole-004,79,D:\STUDY\My_github\sci_project\data\mvtec\hazelnut\test\hole\004.png,0.7631255388259888,0.8667153716087341,0.5858125686645508,-0.177312970161438,0.4193030297756195,0.9912364482879639,0.9869748950004578,0.6025660634040833
mvtec,0,4,hazelnut,hazelnut-hole-005,80,D:\STUDY\My_github\sci_project\data\mvtec\hazelnut\test\hole\005.png,0.7405112981796265,0.827238142490387,0.563056230545044,-0.17745506763458252,0.3797205686569214,0.9929699301719666,0.9889609813690186,0.5880968570709229
mvtec,0,4,hazelnut,hazelnut-hole-006,81,D:\STUDY\My_github\sci_project\data\mvtec\hazelnut\test\hole\006.png,0.6425636410713196,0.8175002932548523,0.5272347331047058,-0.11532890796661377,0.4139605164527893,0.9887115955352783,0.9836509227752686,0.6269243359565735
mvtec,0,4,hazelnut,hazelnut-hole-007,82,D:\STUDY\My_github\sci_project\data\mvtec\hazelnut\test\hole\007.png,0.7956127524375916,0.9172014594078064,0.559430718421936,-0.23618203401565552,0.3199934661388397,0.9875317215919495,0.9819349646568298,0.6396530866622925
mvtec,0,4,hazelnut,hazelnut-hole-008,83,D:\STUDY\My_github\sci_project\data\mvtec\hazelnut\test\hole\008.png,0.7655302882194519,0.9238236546516418,0.5857516527175903,-0.17977863550186157,0.2663355767726898,0.9678516983985901,0.9527344703674316,0.8676861524581909
mvtec,0,4,hazelnut,hazelnut-hole-009,84,D:\STUDY\My_github\sci_project\data\mvtec\hazelnut\test\hole\009.png,0.7642770409584045,0.8674359321594238,0.5831500291824341,-0.18112701177597046,0.33346253633499146,0.9882999658584595,0.9830632209777832,0.6312688589096069
mvtec,0,4,hazelnut,hazelnut-hole-010,85,D:\STUDY\My_github\sci_project\data\mvtec\hazelnut\test\hole\010.png,0.7369454503059387,0.8848177194595337,0.5841821432113647,-0.15276330709457397,0.43580010533332825,0.9951013922691345,0.9910714626312256,0.5726838111877441
mvtec,0,4,hazelnut,hazelnut-hole-011,86,D:\STUDY\My_github\sci_project\data\mvtec\hazelnut\test\hole\011.png,0.6682120561599731,0.7638291716575623,0.5458993911743164,-0.12231266498565674,0.3516435921192169,0.9954668283462524,0.9913977384567261,0.5702894926071167
mvtec,0,4,hazelnut,hazelnut-hole-012,87,D:\STUDY\My_github\sci_project\data\mvtec\hazelnut\test\hole\012.png,0.6608691215515137,0.7364436388015747,0.5103858113288879,-0.15048331022262573,0.41611605882644653,0.9966642260551453,0.9923976063728333,0.5629229545593262
mvtec,0,4,hazelnut,hazelnut-hole-013,88,D:\STUDY\My_github\sci_project\data\mvtec\hazelnut\test\hole\013.png,0.6695599555969238,0.8765567541122437,0.5455870628356934,-0.12397289276123047,0.46501386165618896,0.9965806603431702,0.9923312067985535,0.5634139180183411
mvtec,0,4,hazelnut,hazelnut-hole-014,89,D:\STUDY\My_github\sci_project\data\mvtec\hazelnut\test\hole\014.png,0.6717567443847656,0.8329812288284302,0.5797797441482544,-0.09197700023651123,0.3922823369503021,0.9961150884628296,0.9919520616531372,0.566211998462677
mvtec,0,4,hazelnut,hazelnut-hole-015,90,D:\STUDY\My_github\sci_project\data\mvtec\hazelnut\test\hole\015.png,0.7754936814308167,0.9131265878677368,0.5758388638496399,-0.19965481758117676,0.3069212734699249,0.9939969778060913,0.9900227785110474,0.5803543329238892
mvtec,0,4,hazelnut,hazelnut-hole-016,91,D:\STUDY\My_github\sci_project\data\mvtec\hazelnut\test\hole\016.png,0.6917341351509094,0.6881813406944275,0.5727499723434448,-0.1189841628074646,0.37609806656837463,0.986974835395813,0.9810933470726013,0.6459508538246155
mvtec,0,4,hazelnut,hazelnut-hole-017,92,D:\STUDY\My_github\sci_project\data\mvtec\hazelnut\test\hole\017.png,0.6039098501205444,0.8193610310554504,0.5599803924560547,-0.043929457664489746,0.4479610323905945,0.9954085946083069,0.9913464188575745,0.5706664323806763
mvtec,0,4,hazelnut,hazelnut-print-000,93,D:\STUDY\My_github\sci_project\data\mvtec\hazelnut\test\print\000.png,0.6610151529312134,0.7643305659294128,0.593321681022644,-0.06769347190856934,0.3420214354991913,0.9901831746101379,0.9856489896774292,0.6122480630874634
mvtec,0,4,hazelnut,hazelnut-print-001,94,D:\STUDY\My_github\sci_project\data\mvtec\hazelnut\test\print\001.png,0.7747166752815247,0.6591073274612427,0.5918872356414795,-0.18282943964004517,0.3500818610191345,0.948930561542511,0.8134461045265198,0.7785382270812988
mvtec,0,4,hazelnut,hazelnut-print-002,95,D:\STUDY\My_github\sci_project\data\mvtec\hazelnut\test\print\002.png,0.5497502684593201,0.4431820809841156,0.5266594886779785,-0.023090779781341553,0.4761757254600525,0.9833909273147583,0.975326657295227,0.6904534101486206
mvtec,0,4,hazelnut,hazelnut-print-003,96,D:\STUDY\My_github\sci_project\data\mvtec\hazelnut\test\print\003.png,0.641488254070282,0.6417316794395447,0.5831649899482727,-0.05832326412200928,0.28298816084861755,0.9521048069000244,0.8568812012672424,0.8177316784858704
mvtec,0,4,hazelnut,hazelnut-print-004,97,D:\STUDY\My_github\sci_project\data\mvtec\hazelnut\test\print\004.png,0.6975138187408447,0.6671632528305054,0.56143718957901,-0.13607662916183472,0.33525019884109497,0.9524213075637817,0.8607978224754333,0.8212503790855408
mvtec,0,4,hazelnut,hazelnut-print-005,98,D:\STUDY\My_github\sci_project\data\mvtec\hazelnut\test\print\005.png,0.6638340950012207,0.5437220335006714,0.5794256329536438,-0.0844084620475769,0.3441868722438812,0.9518585801124573,0.8537759184837341,0.8149380087852478
mvtec,0,4,hazelnut,hazelnut-print-006,99,D:\STUDY\My_github\sci_project\data\mvtec\hazelnut\test\print\006.png,0.6380268335342407,0.6210169792175293,0.6293267011642456,-0.008700132369995117,0.40440401434898376,0.9919513463973999,0.9878236651420593,0.5963810086250305
mvtec,0,4,hazelnut,hazelnut-print-007,100,D:\STUDY\My_github\sci_project\data\mvtec\hazelnut\test\print\007.png,0.6796265244483948,0.756723940372467,0.5757541656494141,-0.10387235879898071,0.3310115933418274,0.9841741323471069,0.9766229391098022,0.6802060008049011
mvtec,0,4,hazelnut,hazelnut-print-008,101,D:\STUDY\My_github\sci_project\data\mvtec\hazelnut\test\print\008.png,0.6730072498321533,0.27384060621261597,0.5578587055206299,-0.11514854431152344,0.6679664254188538,0.9280769228935242,0.563296914100647,0.5565535426139832
mvtec,0,4,hazelnut,hazelnut-print-009,102,D:\STUDY\My_github\sci_project\data\mvtec\hazelnut\test\print\009.png,0.5853483080863953,0.5893975496292114,0.5692709684371948,-0.01607733964920044,0.2964801788330078,0.9613682627677917,0.9340724349021912,0.8794518709182739
mvtec,0,4,hazelnut,hazelnut-print-010,103,D:\STUDY\My_github\sci_project\data\mvtec\hazelnut\test\print\010.png,0.6062067747116089,0.7327542901039124,0.5614116787910461,-0.044795095920562744,0.404643177986145,0.9779174327850342,0.9665029048919678,0.765561044216156
mvtec,0,4,hazelnut,hazelnut-print-011,104,D:\STUDY\My_github\sci_project\data\mvtec\hazelnut\test\print\011.png,0.695228636264801,0.542350172996521,0.6126086711883545,-0.08261996507644653,0.3188943862915039,0.9636604189872742,0.9428249597549438,0.8805118799209595
mvtec,0,4,hazelnut,hazelnut-print-012,105,D:\STUDY\My_github\sci_project\data\mvtec\hazelnut\test\print\012.png,0.5855464935302734,0.4442260265350342,0.5474315285682678,-0.038114964962005615,0.4229482114315033,0.9724359512329102,0.9591731429100037,0.8320478796958923
mvtec,0,4,hazelnut,hazelnut-print-013,106,D:\STUDY\My_github\sci_project\data\mvtec\hazelnut\test\print\013.png,0.7489989399909973,0.8313915729522705,0.5710362195968628,-0.17796272039413452,0.27447548508644104,0.9775410294532776,0.9659456014633179,0.7706551551818848
mvtec,0,4,hazelnut,hazelnut-print-014,107,D:\STUDY\My_github\sci_project\data\mvtec\hazelnut\test\print\014.png,0.691311240196228,0.8140882253646851,0.5980268716812134,-0.09328436851501465,0.3059350252151489,0.9942728877067566,0.9902936816215515,0.5783755779266357
mvtec,0,4,hazelnut,hazelnut-print-015,108,D:\STUDY\My_github\sci_project\data\mvtec\hazelnut\test\print\015.png,0.6577919125556946,0.44504186511039734,0.5251557230949402,-0.1326361894607544,0.2424011528491974,0.9399972558021545,0.6794030666351318,0.6587983965873718
mvtec,0,4,hazelnut,hazelnut-print-016,109,D:\STUDY\My_github\sci_project\data\mvtec\hazelnut\test\print\016.png,0.6416700482368469,0.7264309525489807,0.5917673707008362,-0.04990267753601074,0.31975191831588745,0.9645389914512634,0.9454492926597595,0.8794077634811401
mvtec,0,4,leather,leather-color-000,0,D:\STUDY\My_github\sci_project\data\mvtec\leather\test\color\000.png,0.8139100074768066,0.9684104323387146,0.9439445734024048,0.13003456592559814,0.38531315326690674,0.9989950060844421,0.9996169805526733,0.5045366287231445
mvtec,0,4,leather,leather-color-001,1,D:\STUDY\My_github\sci_project\data\mvtec\leather\test\color\001.png,0.8573452234268188,0.911669909954071,0.9065797924995422,0.04923456907272339,0.4609714448451996,0.9983021020889282,0.9996057152748108,0.5046550035476685
mvtec,0,4,leather,leather-color-002,2,D:\STUDY\My_github\sci_project\data\mvtec\leather\test\color\002.png,0.7934499382972717,0.8877320289611816,0.9231237769126892,0.12967383861541748,0.3153793215751648,0.9789958000183105,0.9991171956062317,0.5094856023788452
mvtec,0,4,leather,leather-color-003,3,D:\STUDY\My_github\sci_project\data\mvtec\leather\test\color\003.png,0.829850435256958,0.9542977213859558,0.9151532053947449,0.08530277013778687,0.4104975461959839,0.9950496554374695,0.9995481371879578,0.5052528381347656
mvtec,0,4,leather,leather-color-004,4,D:\STUDY\My_github\sci_project\data\mvtec\leather\test\color\004.png,0.797341525554657,0.9608389735221863,0.9374977350234985,0.14015620946884155,0.33225032687187195,0.9949268102645874,0.9995458126068115,0.5052768588066101
mvtec,0,4,leather,leather-color-005,5,D:\STUDY\My_github\sci_project\data\mvtec\leather\test\color\005.png,0.8460492491722107,0.907453179359436,0.9235482215881348,0.07749897241592407,0.36850208044052124,0.9969797134399414,0.9995832443237305,0.5048896670341492
mvtec,0,4,leather,leather-color-006,6,D:\STUDY\My_github\sci_project\data\mvtec\leather\test\color\006.png,0.8599207997322083,0.927592933177948,0.937585175037384,0.07766437530517578,0.30055853724479675,0.9837002158164978,0.9992740750312805,0.5079847574234009
mvtec,0,4,leather,leather-color-007,7,D:\STUDY\My_github\sci_project\data\mvtec\leather\test\color\007.png,0.8297151327133179,0.9668817520141602,0.9363499879837036,0.10663485527038574,0.41008859872817993,0.9983429908752441,0.9996063709259033,0.5046479105949402
mvtec,0,4,leather,leather-color-008,8,D:\STUDY\My_github\sci_project\data\mvtec\leather\test\color\008.png,0.7177090048789978,0.832099199295044,0.9271789789199829,0.2094699740409851,0.4145223796367645,0.9977760910987854,0.999596893787384,0.504747211933136
mvtec,0,4,leather,leather-color-009,9,D:\STUDY\My_github\sci_project\data\mvtec\leather\test\color\009.png,0.8006763458251953,0.940308153629303,0.9063463807106018,0.1056700348854065,0.37527191638946533,0.9986650943756104,0.9996116757392883,0.5045926570892334
mvtec,0,4,leather,leather-color-010,10,D:\STUDY\My_github\sci_project\data\mvtec\leather\test\color\010.png,0.8861294984817505,0.8456530570983887,0.9304829239845276,0.0443534255027771,0.36656609177589417,0.9864445328712463,0.9993525743484497,0.5072188377380371
mvtec,0,4,leather,leather-color-011,11,D:\STUDY\My_github\sci_project\data\mvtec\leather\test\color\011.png,0.8430905938148499,0.8477787375450134,0.9041383266448975,0.06104773283004761,0.4512217044830322,0.9979240894317627,0.9995993971824646,0.5047208666801453
mvtec,0,4,leather,leather-color-012,12,D:\STUDY\My_github\sci_project\data\mvtec\leather\test\color\012.png,0.7935682535171509,0.9403634071350098,0.908835232257843,0.11526697874069214,0.32337939739227295,0.9941552877426147,0.9995309114456177,0.5054298639297485
mvtec,0,4,leather,leather-color-013,13,D:\STUDY\My_github\sci_project\data\mvtec\leather\test\color\013.png,0.8072786331176758,0.9151531457901001,0.92994225025177,0.12266361713409424,0.35289424657821655,0.9983453750610352,0.9996064305305481,0.5046476125717163
mvtec,0,4,leather,leather-color-014,14,D:\STUDY\My_github\sci_project\data\mvtec\leather\test\color\014.png,0.8217944502830505,0.9055857062339783,0.9488853812217712,0.1270909309387207,0.36565303802490234,0.9912624359130859,0.9994705319404602,0.5060437321662903
mvtec,0,4,leather,leather-color-015,15,D:\STUDY\My_github\sci_project\data\mvtec\leather\test\color\015.png,0.7993530035018921,0.9059019684791565,0.9007082581520081,0.10135525465011597,0.4008803963661194,0.9985647797584534,0.9996100068092346,0.5046098232269287
mvtec,0,4,leather,leather-color-016,16,D:\STUDY\My_github\sci_project\data\mvtec\leather\test\color\016.png,0.8434098958969116,0.9153413772583008,0.9254500269889832,0.08204013109207153,0.3543841242790222,0.9907806515693665,0.9994598031044006,0.5061520338058472
mvtec,0,4,leather,leather-color-017,17,D:\STUDY\My_github\sci_project\data\mvtec\leather\test\color\017.png,0.8195820450782776,0.8855047821998596,0.9236950278282166,0.10411298274993896,0.4046657979488373,0.997413694858551,0.9995907545089722,0.5048113465309143
mvtec,0,4,leather,leather-color-018,18,D:\STUDY\My_github\sci_project\data\mvtec\leather\test\color\018.png,0.8806377053260803,0.8296489119529724,0.9063408970832825,0.02570319175720215,0.3579811453819275,0.9845113754272461,0.9992982149124146,0.5077504515647888
mvtec,0,4,leather,leather-cut-000,19,D:\STUDY\My_github\sci_project\data\mvtec\leather\test\cut\000.png,0.6284481883049011,0.9158527851104736,0.9047480821609497,0.2762998938560486,0.4428175985813141,0.999327540397644,0.9996222853660583,0.50448077917099
mvtec,0,4,leather,leather-cut-001,20,D:\STUDY\My_github\sci_project\data\mvtec\leather\test\cut\001.png,0.7501206994056702,0.9199122190475464,0.90447598695755,0.15435528755187988,0.4269316494464874,0.9973238706588745,0.999589204788208,0.5048274993896484
mvtec,0,4,leather,leather-cut-002,21,D:\STUDY\My_github\sci_project\data\mvtec\leather\test\cut\002.png,0.7560611367225647,0.9503353238105774,0.8738810420036316,0.1178199052810669,0.32473453879356384,0.9808161854743958,0.9991815090179443,0.5088749527931213
mvtec,0,4,leather,leather-cut-003,22,D:\STUDY\My_github\sci_project\data\mvtec\leather\test\cut\003.png,0.6930005550384521,0.8450406193733215,0.850025475025177,0.15702491998672485,0.5778764486312866,0.9996212720870972,0.9996269345283508,0.504431962966919
mvtec,0,4,leather,leather-cut-004,23,D:\STUDY\My_github\sci_project\data\mvtec\leather\test\cut\004.png,0.6620255708694458,0.8784234523773193,0.8349015712738037,0.1728760004043579,0.5152848958969116,0.9988813996315002,0.9996151924133301,0.5045557022094727
mvtec,0,4,leather,leather-cut-005,24,D:\STUDY\My_github\sci_project\data\mvtec\leather\test\cut\005.png,0.7983108758926392,0.8721799850463867,0.8689173460006714,0.07060647010803223,0.3557870090007782,0.9817438125610352,0.9992125034332275,0.5085784792900085
mvtec,0,4,leather,leather-cut-006,25,D:\STUDY\My_github\sci_project\data\mvtec\leather\test\cut\006.png,0.7717573642730713,0.9441962838172913,0.8815721273422241,0.10981476306915283,0.40425655245780945,0.9990838766098022,0.999618411064148,0.5045214891433716
mvtec,0,4,leather,leather-cut-007,26,D:\STUDY\My_github\sci_project\data\mvtec\leather\test\cut\007.png,0.7944091558456421,0.8603467345237732,0.8917920589447021,0.09738290309906006,0.5317950248718262,0.9994435906410217,0.9996241331100464,0.5044616460800171
mvtec,0,4,leather,leather-cut-008,27,D:\STUDY\My_github\sci_project\data\mvtec\leather\test\cut\008.png,0.7683637142181396,0.9449790716171265,0.878848671913147,0.11048495769500732,0.42499586939811707,0.9996868371963501,0.999627947807312,0.5044211745262146
mvtec,0,4,leather,leather-cut-009,28,D:\STUDY\My_github\sci_project\data\mvtec\leather\test\cut\009.png,0.731917142868042,0.9221571683883667,0.8903008699417114,0.15838372707366943,0.3787168264389038,0.9993584752082825,0.9996228218078613,0.5044755339622498
mvtec,0,4,leather,leather-cut-010,29,D:\STUDY\My_github\sci_project\data\mvtec\leather\test\cut\010.png,0.843909502029419,0.9552609324455261,0.907339870929718,0.06343036890029907,0.35408347845077515,0.9934374690055847,0.9995166063308716,0.5055761337280273
mvtec,0,4,leather,leather-cut-011,30,D:\STUDY\My_github\sci_project\data\mvtec\leather\test\cut\011.png,0.7772271037101746,0.9538429379463196,0.8946603536605835,0.11743324995040894,0.40937554836273193,0.9975484013557434,0.9995930194854736,0.5047875046730042
mvtec,0,4,leather,leather-cut-012,31,D:\STUDY\My_github\sci_project\data\mvtec\leather\test\cut\012.png,0.7685564756393433,0.9169533252716064,0.8804452419281006,0.11188876628875732,0.5160302519798279,0.9985045194625854,0.9996090531349182,0.5046203136444092
mvtec,0,4,leather,leather-cut-013,32,D:\STUDY\My_github\sci_project\data\mvtec\leather\test\cut\013.png,0.7690401673316956,0.9262741804122925,0.8871660828590393,0.11812591552734375,0.3827337622642517,0.9992523789405823,0.9996210932731628,0.5044934749603271
mvtec,0,4,leather,leather-cut-014,33,D:\STUDY\My_github\sci_project\data\mvtec\leather\test\cut\014.png,0.8108004927635193,0.9534730315208435,0.885540783405304,0.07474029064178467,0.3581939935684204,0.9968852400779724,0.9995815753936768,0.5049067139625549
mvtec,0,4,leather,leather-cut-015,34,D:\STUDY\My_github\sci_project\data\mvtec\leather\test\cut\015.png,0.8080239295959473,0.9233357906341553,0.8951424360275269,0.08711850643157959,0.4544086754322052,0.9993641972541809,0.9996228814125061,0.5044746398925781
mvtec,0,4,leather,leather-cut-016,35,D:\STUDY\My_github\sci_project\data\mvtec\leather\test\cut\016.png,0.7140793800354004,0.887836754322052,0.863069474697113,0.14899009466171265,0.6127833127975464,0.9995877146720886,0.9996263980865479,0.5044375658035278
mvtec,0,4,leather,leather-cut-017,36,D:\STUDY\My_github\sci_project\data\mvtec\leather\test\cut\017.png,0.7791388630867004,0.9200814962387085,0.8428059816360474,0.06366711854934692,0.45580753684043884,0.9988357424736023,0.999614417552948,0.5045636892318726
mvtec,0,4,leather,leather-cut-018,37,D:\STUDY\My_github\sci_project\data\mvtec\leather\test\cut\018.png,0.634580135345459,0.9427108764648438,0.874975860118866,0.24039572477340698,0.5441722273826599,0.9998430013656616,0.999630331993103,0.5043957829475403
mvtec,0,4,leather,leather-fold-000,38,D:\STUDY\My_github\sci_project\data\mvtec\leather\test\fold\000.png,0.6996535062789917,0.9138312935829163,0.9024685025215149,0.2028149962425232,0.35841283202171326,0.9937306642532349,0.9995225071907043,0.5055159330368042
mvtec,0,4,leather,leather-fold-001,39,D:\STUDY\My_github\sci_project\data\mvtec\leather\test\fold\001.png,0.7275322079658508,0.7820658087730408,0.9283783435821533,0.2008461356163025,0.26576194167137146,0.9362674355506897,0.9950271248817444,0.5431824922561646
mvtec,0,4,leather,leather-fold-002,40,D:\STUDY\My_github\sci_project\data\mvtec\leather\test\fold\002.png,0.7322011590003967,0.7809810638427734,0.8656660318374634,0.13346487283706665,0.3401349186897278,0.9226582646369934,0.9917033910751343,0.5680428147315979
mvtec,0,4,leather,leather-fold-003,41,D:\STUDY\My_github\sci_project\data\mvtec\leather\test\fold\003.png,0.7570028901100159,0.8498410582542419,0.8522913455963135,0.09528845548629761,0.3192481994628906,0.9948892593383789,0.9995450973510742,0.5052840709686279
mvtec,0,4,leather,leather-fold-004,42,D:\STUDY\My_github\sci_project\data\mvtec\leather\test\fold\004.png,0.6393218636512756,0.7653946876525879,0.864586591720581,0.22526472806930542,0.3370678126811981,0.9974247217178345,0.9995909333229065,0.5048094987869263
mvtec,0,4,leather,leather-fold-005,43,D:\STUDY\My_github\sci_project\data\mvtec\leather\test\fold\005.png,0.5223598480224609,0.8205326795578003,0.8555185198783875,0.3331586718559265,0.4191091060638428,0.9953650236129761,0.9995540976524353,0.5051916837692261
mvtec,0,4,leather,leather-fold-006,44,D:\STUDY\My_github\sci_project\data\mvtec\leather\test\fold\006.png,0.6655734777450562,0.8428604602813721,0.8458452224731445,0.18027174472808838,0.40693241357803345,0.9933127760887146,0.999514102935791,0.5056020617485046
mvtec,0,4,leather,leather-fold-007,45,D:\STUDY\My_github\sci_project\data\mvtec\leather\test\fold\007.png,0.6588641405105591,0.8321720361709595,0.8492958545684814,0.19043171405792236,0.487538605928421,0.9991445541381836,0.9996193647384644,0.5045113563537598
mvtec,0,4,leather,leather-fold-008,46,D:\STUDY\My_github\sci_project\data\mvtec\leather\test\fold\008.png,0.6572123765945435,0.8048126697540283,0.8725727200508118,0.2153603434562683,0.4259268641471863,0.9977705478668213,0.9995968341827393,0.5047481060028076
mvtec,0,4,leather,leather-fold-009,47,D:\STUDY\My_github\sci_project\data\mvtec\leather\test\fold\009.png,0.5970815420150757,0.6491336226463318,0.8734800815582275,0.27639853954315186,0.39813780784606934,0.9977030158042908,0.9995957016944885,0.5047600269317627
mvtec,0,4,leather,leather-fold-010,48,D:\STUDY\My_github\sci_project\data\mvtec\leather\test\fold\010.png,0.5793595910072327,0.6771716475486755,0.8510839939117432,0.2717244029045105,0.4085039496421814,0.9832151532173157,0.9992592930793762,0.5081282258033752
mvtec,0,4,leather,leather-fold-011,49,D:\STUDY\My_github\sci_project\data\mvtec\leather\test\fold\011.png,0.6792641282081604,0.9159765243530273,0.8790600299835205,0.1997959017753601,0.3403970003128052,0.997637152671814,0.9995945692062378,0.5047716498374939
mvtec,0,4,leather,leather-fold-012,50,D:\STUDY\My_github\sci_project\data\mvtec\leather\test\fold\012.png,0.6855016946792603,0.724646806716919,0.8464215397834778,0.16091984510421753,0.3797113299369812,0.9957852959632874,0.9995618462562561,0.5051113963127136
mvtec,0,4,leather,leather-fold-013,51,D:\STUDY\My_github\sci_project\data\mvtec\leather\test\fold\013.png,0.6521419882774353,0.7256403565406799,0.8881117701530457,0.23596978187561035,0.40770888328552246,0.8814759254455566,0.9717576503753662,0.7196073532104492
mvtec,0,4,leather,leather-fold-014,52,D:\STUDY\My_github\sci_project\data\mvtec\leather\test\fold\014.png,0.7025910019874573,0.8814204335212708,0.8933569192886353,0.19076591730117798,0.4766729176044464,0.9962247610092163,0.999569833278656,0.5050287842750549
mvtec,0,4,leather,leather-fold-015,53,D:\STUDY\My_github\sci_project\data\mvtec\leather\test\fold\015.png,0.6359091997146606,0.694617509841919,0.8676040172576904,0.23169481754302979,0.3890809416770935,0.9953045845031738,0.9995529651641846,0.5052034258842468
mvtec,0,4,leather,leather-fold-016,54,D:\STUDY\My_github\sci_project\data\mvtec\leather\test\fold\016.png,0.6726915240287781,0.6116101741790771,0.9160784482955933,0.24338692426681519,0.3933925926685333,0.9451524615287781,0.9964892864227295,0.5317967534065247
mvtec,0,4,leather,leather-glue-000,55,D:\STUDY\My_github\sci_project\data\mvtec\leather\test\glue\000.png,0.6897704005241394,0.23013991117477417,0.6580056548118591,-0.03176474571228027,0.6460320353507996,0.9760353565216064,0.9990017414093018,0.5105670690536499
mvtec,0,4,leather,leather-glue-001,56,D:\STUDY\My_github\sci_project\data\mvtec\leather\test\glue\001.png,0.8005292415618896,0.7729548811912537,0.9311137199401855,0.1305844783782959,0.43540212512016296,0.9909777641296387,0.999464213848114,0.5061074495315552
mvtec,0,4,leather,leather-glue-002,57,D:\STUDY\My_github\sci_project\data\mvtec\leather\test\glue\002.png,0.8355945348739624,0.7278635501861572,0.9374673366546631,0.10187280178070068,0.5086548924446106,0.9934141039848328,0.9995161294937134,0.5055812001228333
mvtec,0,4,leather,leather-glue-003,58,D:\STUDY\My_github\sci_project\data\mvtec\leather\test\glue\003.png,0.7976475358009338,0.8585698008537292,0.9226626753807068,0.12501513957977295,0.5777546763420105,0.9934260845184326,0.9995163679122925,0.5055785179138184
mvtec,0,4,leather,leather-glue-004,59,D:\STUDY\My_github\sci_project\data\mvtec\leather\test\glue\004.png,0.801227867603302,0.9137375354766846,0.9153604507446289,0.1141325831413269,0.3687436580657959,0.9614288210868835,0.9981784224510193,0.5179018974304199
mvtec,0,4,leather,leather-glue-005,60,D:\STUDY\My_github\sci_project\data\mvtec\leather\test\glue\005.png,0.683540403842926,0.42830729484558105,0.9205062985420227,0.23696589469909668,0.5519909858703613,0.9848008155822754,0.9993066191673279,0.5076687335968018
mvtec,0,4,leather,leather-glue-006,61,D:\STUDY\My_github\sci_project\data\mvtec\leather\test\glue\006.png,0.7795289158821106,0.6314632296562195,0.9185680150985718,0.13903909921646118,0.4811602830886841,0.9952137470245361,0.9995512366294861,0.505220890045166
mvtec,0,4,leather,leather-glue-007,62,D:\STUDY\My_github\sci_project\data\mvtec\leather\test\glue\007.png,0.8187177181243896,0.5940461158752441,0.9104229211807251,0.09170520305633545,0.5296736359596252,0.9826704859733582,0.9992423057556152,0.5082921981811523
mvtec,0,4,leather,leather-glue-008,63,D:\STUDY\My_github\sci_project\data\mvtec\leather\test\glue\008.png,0.8150518536567688,0.498080849647522,0.9078000783920288,0.09274822473526001,0.5325852036476135,0.9895039796829224,0.9994301795959473,0.5064492225646973
mvtec,0,4,leather,leather-glue-009,64,D:\STUDY\My_github\sci_project\data\mvtec\leather\test\glue\009.png,0.7966796159744263,0.9296294450759888,0.9238021373748779,0.12712252140045166,0.4070168137550354,0.986599862575531,0.999356746673584,0.5071777105331421
mvtec,0,4,leather,leather-glue-010,65,D:\STUDY\My_github\sci_project\data\mvtec\leather\test\glue\010.png,0.7586411237716675,0.9468154311180115,0.9190056324005127,0.16036450862884521,0.3441876173019409,0.9731033444404602,0.9988728761672974,0.5117554664611816
mvtec,0,4,leather,leather-glue-011,66,D:\STUDY\My_github\sci_project\data\mvtec\leather\test\glue\011.png,0.827467679977417,0.7777911424636841,0.9290695190429688,0.10160183906555176,0.4076341390609741,0.9839738011360168,0.9992823004722595,0.507905125617981
mvtec,0,4,leather,leather-glue-012,67,D:\STUDY\My_github\sci_project\data\mvtec\leather\test\glue\012.png,0.7505742311477661,0.9392365217208862,0.9175305962562561,0.16695636510849,0.4248896539211273,0.9940856695175171,0.9995295405387878,0.5054439306259155
mvtec,0,4,leather,leather-glue-013,68,D:\STUDY\My_github\sci_project\data\mvtec\leather\test\glue\013.png,0.6226018071174622,0.40129080414772034,0.8516932129859924,0.22909140586853027,0.5735129714012146,0.9756696820259094,0.998986542224884,0.5107085108757019
mvtec,0,4,leather,leather-glue-014,69,D:\STUDY\My_github\sci_project\data\mvtec\leather\test\glue\014.png,0.8142539262771606,0.4774841070175171,0.9384849071502686,0.12423098087310791,0.5508819222450256,0.9914188385009766,0.999474048614502,0.5060087442398071
mvtec,0,4,leather,leather-glue-015,70,D:\STUDY\My_github\sci_project\data\mvtec\leather\test\glue\015.png,0.7845467329025269,0.33539333939552307,0.9110378623008728,0.12649112939834595,0.5885873436927795,0.9931476712226868,0.9995107054710388,0.5056365728378296
mvtec,0,4,leather,leather-glue-016,71,D:\STUDY\My_github\sci_project\data\mvtec\leather\test\glue\016.png,0.790763795375824,0.8678439855575562,0.9029339551925659,0.11217015981674194,0.4332639276981354,0.9957861304283142,0.9995618462562561,0.5051113963127136
mvtec,0,4,leather,leather-glue-017,72,D:\STUDY\My_github\sci_project\data\mvtec\leather\test\glue\017.png,0.7560491561889648,0.6460947394371033,0.9207550287246704,0.16470587253570557,0.5557212233543396,0.9986214637756348,0.999610960483551,0.5045999884605408
mvtec,0,4,leather,leather-glue-018,73,D:\STUDY\My_github\sci_project\data\mvtec\leather\test\glue\018.png,0.7687311768531799,0.5560117959976196,0.9332048296928406,0.16447365283966064,0.45630043745040894,0.9808338284492493,0.9991821050643921,0.5088691711425781
mvtec,0,4,leather,leather-poke-000,106,D:\STUDY\My_github\sci_project\data\mvtec\leather\test\poke\000.png,0.815224289894104,0.9248067140579224,0.9146748185157776,0.09945052862167358,0.40716153383255005,0.9855552911758423,0.999328076839447,0.5074588060379028
mvtec,0,4,leather,leather-poke-001,107,D:\STUDY\My_github\sci_project\data\mvtec\leather\test\poke\001.png,0.8017841577529907,0.9575716853141785,0.8897489905357361,0.08796483278274536,0.39352259039878845,0.9928818941116333,0.9995052218437195,0.505692183971405
mvtec,0,4,leather,leather-poke-002,108,D:\STUDY\My_github\sci_project\data\mvtec\leather\test\poke\002.png,0.7420705556869507,0.8123155832290649,0.877997875213623,0.13592731952667236,0.42199409008026123,0.9902042150497437,0.9994466304779053,0.5062845945358276
mvtec,0,4,leather,leather-poke-003,109,D:\STUDY\My_github\sci_project\data\mvtec\leather\test\poke\003.png,0.7536743879318237,0.8866900205612183,0.8802431225776672,0.1265687346458435,0.5140389204025269,0.9974454641342163,0.9995912909507751,0.504805862903595
mvtec,0,4,leather,leather-poke-004,110,D:\STUDY\My_github\sci_project\data\mvtec\leather\test\poke\004.png,0.6832627058029175,0.8167577385902405,0.8749832510948181,0.19172054529190063,0.4773804247379303,0.9989796280860901,0.9996167421340942,0.5045390725135803
mvtec,0,4,leather,leather-poke-005,111,D:\STUDY\My_github\sci_project\data\mvtec\leather\test\poke\005.png,0.6912064552307129,0.8554733991622925,0.9125880002975464,0.2213815450668335,0.4661960005760193,0.9988873600959778,0.9996152520179749,0.504554808139801
mvtec,0,4,leather,leather-poke-006,112,D:\STUDY\My_github\sci_project\data\mvtec\leather\test\poke\006.png,0.7900563478469849,0.9197386503219604,0.9112706184387207,0.12121427059173584,0.4948635995388031,0.971028208732605,0.9987720251083374,0.5126734375953674
mvtec,0,4,leather,leather-poke-007,113,D:\STUDY\My_github\sci_project\data\mvtec\leather\test\poke\007.png,0.6639609932899475,0.7919089794158936,0.8744867444038391,0.2105257511138916,0.5391339659690857,0.9985872507095337,0.999610424041748,0.5046058297157288
mvtec,0,4,leather,leather-poke-008,114,D:\STUDY\My_github\sci_project\data\mvtec\leather\test\poke\008.png,0.7979711294174194,0.9049931168556213,0.8718944191932678,0.07392328977584839,0.4524441063404083,0.999086856842041,0.9996184706687927,0.5045211911201477
mvtec,0,4,leather,leather-poke-009,115,D:\STUDY\My_github\sci_project\data\mvtec\leather\test\poke\009.png,0.790259599685669,0.9344055652618408,0.8675268888473511,0.07726728916168213,0.46159034967422485,0.9990691542625427,0.9996181726455688,0.5045239925384521
mvtec,0,4,leather,leather-poke-010,116,D:\STUDY\My_github\sci_project\data\mvtec\leather\test\poke\010.png,0.8093717098236084,0.8839892148971558,0.8877571821212769,0.07838547229766846,0.4509861171245575,0.998364269733429,0.999606728553772,0.5046442151069641
mvtec,0,4,leather,leather-poke-011,117,D:\STUDY\My_github\sci_project\data\mvtec\leather\test\poke\011.png,0.7153640985488892,0.9184929132461548,0.921311616897583,0.20594751834869385,0.4038810431957245,0.9983950257301331,0.999607264995575,0.5046390295028687
mvtec,0,4,leather,leather-poke-012,118,D:\STUDY\My_github\sci_project\data\mvtec\leather\test\poke\012.png,0.7494761943817139,0.9096010327339172,0.8632084131240845,0.1137322187423706,0.4709396958351135,0.997465968132019,0.9995916485786438,0.5048021674156189
mvtec,0,4,leather,leather-poke-013,119,D:\STUDY\My_github\sci_project\data\mvtec\leather\test\poke\013.png,0.6554585099220276,0.8733555674552917,0.8822917342185974,0.22683322429656982,0.4594022333621979,0.9963696002960205,0.9995724558830261,0.5050017833709717
mvtec,0,4,leather,leather-poke-014,120,D:\STUDY\My_github\sci_project\data\mvtec\leather\test\poke\014.png,0.7385904788970947,0.8818989396095276,0.866563081741333,0.12797260284423828,0.4516577422618866,0.9922913908958435,0.999492883682251,0.5058178305625916
mvtec,0,4,leather,leather-poke-015,121,D:\STUDY\My_github\sci_project\data\mvtec\leather\test\poke\015.png,0.5571120977401733,0.8749032020568848,0.8798030614852905,0.3226909637451172,0.46815261244773865,0.9987615346908569,0.9996132254600525,0.5045763254165649
mvtec,0,4,leather,leather-poke-016,122,D:\STUDY\My_github\sci_project\data\mvtec\leather\test\poke\016.png,0.7731907367706299,0.8632631897926331,0.8768092393875122,0.10361850261688232,0.4496970474720001,0.9988732933998108,0.9996150135993958,0.5045572519302368
mvtec,0,4,leather,leather-poke-017,123,D:\STUDY\My_github\sci_project\data\mvtec\leather\test\poke\017.png,0.7014067769050598,0.7713870406150818,0.8443201184272766,0.1429133415222168,0.4439818263053894,0.9957701563835144,0.9995615482330322,0.5051144361495972
mvtec,0,4,metal_nut,metal_nut-bent-000,0,D:\STUDY\My_github\sci_project\data\mvtec\metal_nut\test\bent\000.png,0.5932497978210449,0.660012423992157,0.22835159301757812,-0.3648982048034668,0.30079224705696106,0.9849461317062378,0.966045081615448,0.7697429656982422
mvtec,0,4,metal_nut,metal_nut-bent-001,1,D:\STUDY\My_github\sci_project\data\mvtec\metal_nut\test\bent\001.png,0.6091647744178772,0.32834434509277344,0.2719007730484009,-0.3372640013694763,0.3354851007461548,0.9802995920181274,0.9453058242797852,0.8794951438903809
mvtec,0,4,metal_nut,metal_nut-bent-002,2,D:\STUDY\My_github\sci_project\data\mvtec\metal_nut\test\bent\002.png,0.658067524433136,0.5492552518844604,0.26512855291366577,-0.3929389715194702,0.3795088231563568,0.9752421975135803,0.831725001335144,0.7950444221496582
mvtec,0,4,metal_nut,metal_nut-bent-003,3,D:\STUDY\My_github\sci_project\data\mvtec\metal_nut\test\bent\003.png,0.6714409589767456,0.6261309385299683,0.266207754611969,-0.4052332043647766,0.354891836643219,0.9833820462226868,0.9601152539253235,0.8241675496101379
mvtec,0,4,metal_nut,metal_nut-bent-004,4,D:\STUDY\My_github\sci_project\data\mvtec\metal_nut\test\bent\004.png,0.6089159846305847,0.11878721415996552,0.20992517471313477,-0.39899080991744995,0.31225675344467163,0.9841575026512146,0.962924599647522,0.7987095713615417
mvtec,0,4,metal_nut,metal_nut-bent-005,5,D:\STUDY\My_github\sci_project\data\mvtec\metal_nut\test\bent\005.png,0.6245294809341431,0.7191203236579895,0.24239253997802734,-0.3821369409561157,0.39902791380882263,0.9836971163749695,0.9612349271774292,0.8142653107643127
mvtec,0,4,metal_nut,metal_nut-bent-006,6,D:\STUDY\My_github\sci_project\data\mvtec\metal_nut\test\bent\006.png,0.5630623698234558,0.3246111571788788,0.3089335560798645,-0.2541288137435913,0.25463512539863586,0.9734649062156677,0.7563320994377136,0.7271928191184998
mvtec,0,4,metal_nut,metal_nut-bent-007,7,D:\STUDY\My_github\sci_project\data\mvtec\metal_nut\test\bent\007.png,0.5141059756278992,0.30450576543807983,0.242081880569458,-0.27202409505844116,0.34902411699295044,0.9723564982414246,0.7087162137031555,0.684761643409729
mvtec,0,4,metal_nut,metal_nut-bent-008,8,D:\STUDY\My_github\sci_project\data\mvtec\metal_nut\test\bent\008.png,0.6453597545623779,0.7614747285842896,0.24182027578353882,-0.4035394787788391,0.3536776900291443,0.987212598323822,0.9763501286506653,0.6823490262031555
mvtec,0,4,metal_nut,metal_nut-bent-009,9,D:\STUDY\My_github\sci_project\data\mvtec\metal_nut\test\bent\009.png,0.7155317664146423,0.7902791500091553,0.24299508333206177,-0.47253668308258057,0.3274654746055603,0.9913837909698486,0.9916757345199585,0.5682465434074402
mvtec,0,4,metal_nut,metal_nut-bent-010,10,D:\STUDY\My_github\sci_project\data\mvtec\metal_nut\test\bent\010.png,0.7379902005195618,0.5856515765190125,0.27215540409088135,-0.4658347964286804,0.5251880884170532,0.9787888526916504,0.9284572601318359,0.8767812252044678
mvtec,0,4,metal_nut,metal_nut-bent-011,11,D:\STUDY\My_github\sci_project\data\mvtec\metal_nut\test\bent\011.png,0.7241386771202087,0.614067554473877,0.2161741852760315,-0.5079644918441772,0.3042820394039154,0.9818195104598999,0.9542481899261475,0.8622578382492065
mvtec,0,4,metal_nut,metal_nut-bent-012,12,D:\STUDY\My_github\sci_project\data\mvtec\metal_nut\test\bent\012.png,0.6659209132194519,0.60463547706604,0.31486618518829346,-0.35105472803115845,0.36761316657066345,0.9858970046043396,0.970209538936615,0.732746422290802
mvtec,0,4,metal_nut,metal_nut-bent-013,13,D:\STUDY\My_github\sci_project\data\mvtec\metal_nut\test\bent\013.png,0.560645341873169,0.697005033493042,0.20237553119659424,-0.3582698106765747,0.2887844741344452,0.9817720651626587,0.9540396332740784,0.8630991578102112
mvtec,0,4,metal_nut,metal_nut-bent-014,14,D:\STUDY\My_github\sci_project\data\mvtec\metal_nut\test\bent\014.png,0.6379404664039612,0.6913566589355469,0.24349576234817505,-0.39444470405578613,0.34407123923301697,0.9813469648361206,0.9520147442817688,0.8697683215141296
mvtec,0,4,metal_nut,metal_nut-bent-015,15,D:\STUDY\My_github\sci_project\data\mvtec\metal_nut\test\bent\015.png,0.5995026230812073,0.6160712838172913,0.280677855014801,-0.31882476806640625,0.5567429065704346,0.9815722703933716,0.9531252384185791,0.8664287328720093
mvtec,0,4,metal_nut,metal_nut-bent-016,16,D:\STUDY\My_github\sci_project\data\mvtec\metal_nut\test\bent\016.png,0.6358648538589478,0.7353483438491821,0.22238445281982422,-0.41348040103912354,0.34375816583633423,0.9951106905937195,0.997361421585083,0.5247586369514465
mvtec,0,4,metal_nut,metal_nut-bent-017,17,D:\STUDY\My_github\sci_project\data\mvtec\metal_nut\test\bent\017.png,0.8201549649238586,0.8236976265907288,0.243475079536438,-0.5766798853874207,0.48565372824668884,0.9928576946258545,0.9946405291557312,0.5461322069168091
mvtec,0,4,metal_nut,metal_nut-bent-018,18,D:\STUDY\My_github\sci_project\data\mvtec\metal_nut\test\bent\018.png,0.6342139840126038,0.7797642946243286,0.2503952980041504,-0.38381868600845337,0.31604790687561035,0.9917266368865967,0.9924695491790771,0.5623906254768372
mvtec,0,4,metal_nut,metal_nut-bent-019,19,D:\STUDY\My_github\sci_project\data\mvtec\metal_nut\test\bent\019.png,0.5977662801742554,0.5633721947669983,0.29125362634658813,-0.30651265382766724,0.3317728638648987,0.9616765975952148,0.5124804377555847,0.5113938450813293
mvtec,0,4,metal_nut,metal_nut-bent-020,20,D:\STUDY\My_github\sci_project\data\mvtec\metal_nut\test\bent\020.png,0.7057342529296875,0.825783371925354,0.2905678153038025,-0.415166437625885,0.36769750714302063,0.9864791035652161,0.9729089140892029,0.7100390195846558
mvtec,0,4,metal_nut,metal_nut-bent-021,21,D:\STUDY\My_github\sci_project\data\mvtec\metal_nut\test\bent\021.png,0.6279689073562622,0.7323565483093262,0.2336794137954712,-0.394289493560791,0.31506073474884033,0.9945759773254395,0.9968692660331726,0.5287591814994812
mvtec,0,4,metal_nut,metal_nut-bent-022,22,D:\STUDY\My_github\sci_project\data\mvtec\metal_nut\test\bent\022.png,0.4881818890571594,0.5848543047904968,0.29723668098449707,-0.19094520807266235,0.24637654423713684,0.9753913879394531,0.8375378251075745,0.8002938628196716
mvtec,0,4,metal_nut,metal_nut-bent-023,23,D:\STUDY\My_github\sci_project\data\mvtec\metal_nut\test\bent\023.png,0.602870762348175,0.729098916053772,0.27172696590423584,-0.3311437964439392,0.39759403467178345,0.9783011078834534,0.9204251170158386,0.871678352355957
mvtec,0,4,metal_nut,metal_nut-bent-024,24,D:\STUDY\My_github\sci_project\data\mvtec\metal_nut\test\bent\024.png,0.5698074698448181,0.7418040633201599,0.2398742437362671,-0.329933226108551,0.3630478084087372,0.9926719665527344,0.9943276643753052,0.5485042333602905
mvtec,0,4,metal_nut,metal_nut-color-000,25,D:\STUDY\My_github\sci_project\data\mvtec\metal_nut\test\color\000.png,0.8130412697792053,0.8782216310501099,0.40599268674850464,-0.4070485830307007,0.3869163990020752,0.952555239200592,0.5007919073104858,0.5007413625717163
mvtec,0,4,metal_nut,metal_nut-color-001,26,D:\STUDY\My_github\sci_project\data\mvtec\metal_nut\test\color\001.png,0.7353014349937439,0.6898603439331055,0.2613763213157654,-0.4739251136779785,0.49540746212005615,0.9801241159439087,0.9438580870628357,0.880193293094635
mvtec,0,4,metal_nut,metal_nut-color-002,27,D:\STUDY\My_github\sci_project\data\mvtec\metal_nut\test\color\002.png,0.739592432975769,0.7885212898254395,0.2470536231994629,-0.49253880977630615,0.40465807914733887,0.9795860648155212,0.9386667013168335,0.880673885345459
mvtec,0,4,metal_nut,metal_nut-color-003,28,D:\STUDY\My_github\sci_project\data\mvtec\metal_nut\test\color\003.png,0.6332510113716125,0.7201845645904541,0.2549557685852051,-0.37829524278640747,0.49973294138908386,0.9803544878959656,0.9457365274429321,0.8792219758033752
mvtec,0,4,metal_nut,metal_nut-color-004,29,D:\STUDY\My_github\sci_project\data\mvtec\metal_nut\test\color\004.png,0.5765417814254761,0.7270971536636353,0.3184658885002136,-0.25807589292526245,0.25994643568992615,0.9798261523246765,0.9411323666572571,0.8807685971260071
mvtec,0,4,metal_nut,metal_nut-color-005,30,D:\STUDY\My_github\sci_project\data\mvtec\metal_nut\test\color\005.png,0.5170732736587524,0.7816615700721741,0.3993018865585327,-0.11777138710021973,0.20212985575199127,0.9620679616928101,0.5139819383621216,0.5127461552619934
mvtec,0,4,metal_nut,metal_nut-color-006,31,D:\STUDY\My_github\sci_project\data\mvtec\metal_nut\test\color\006.png,0.7891299724578857,0.828171968460083,0.26960235834121704,-0.5195276141166687,0.4773460924625397,0.9728000164031982,0.727457582950592,0.7014217376708984
mvtec,0,4,metal_nut,metal_nut-color-007,32,D:\STUDY\My_github\sci_project\data\mvtec\metal_nut\test\color\007.png,0.7602971792221069,0.7780066728591919,0.22071361541748047,-0.5395835638046265,0.4841994345188141,0.9855679273605347,0.9687250256538391,0.7456563711166382
mvtec,0,4,metal_nut,metal_nut-color-008,33,D:\STUDY\My_github\sci_project\data\mvtec\metal_nut\test\color\008.png,0.5295521020889282,0.48633864521980286,0.23444652557373047,-0.29510557651519775,0.5723341107368469,0.9916039109230042,0.9921931624412537,0.5644335150718689
mvtec,0,4,metal_nut,metal_nut-color-009,34,D:\STUDY\My_github\sci_project\data\mvtec\metal_nut\test\color\009.png,0.7470268607139587,0.7813688516616821,0.2533385157585144,-0.49368834495544434,0.5491983294487,0.9802027940750122,0.944520890712738,0.8799132108688354
mvtec,0,4,metal_nut,metal_nut-color-010,35,D:\STUDY\My_github\sci_project\data\mvtec\metal_nut\test\color\010.png,0.616146445274353,0.7672430276870728,0.31664717197418213,-0.2994992733001709,0.30879271030426025,0.9665738940238953,0.5504838824272156,0.545242428779602
mvtec,0,4,metal_nut,metal_nut-color-011,36,D:\STUDY\My_github\sci_project\data\mvtec\metal_nut\test\color\011.png,0.670324981212616,0.610020637512207,0.2621074318885803,-0.40821754932403564,0.5064902305603027,0.9846987128257751,0.9650319218635559,0.779081404209137
mvtec,0,4,metal_nut,metal_nut-color-012,37,D:\STUDY\My_github\sci_project\data\mvtec\metal_nut\test\color\012.png,0.387973427772522,0.4637092351913452,0.2710270285606384,-0.11694639921188354,0.29112446308135986,0.9760798811912537,0.8626340627670288,0.8228977918624878
mvtec,0,4,metal_nut,metal_nut-color-013,38,D:\STUDY\My_github\sci_project\data\mvtec\metal_nut\test\color\013.png,0.5298529267311096,0.6907287836074829,0.31125861406326294,-0.21859431266784668,0.41362980008125305,0.9846580028533936,0.9648682475090027,0.7805989980697632
mvtec,0,4,metal_nut,metal_nut-color-014,39,D:\STUDY\My_github\sci_project\data\mvtec\metal_nut\test\color\014.png,0.659270167350769,0.6831170320510864,0.28604233264923096,-0.3732278347015381,0.4643155634403229,0.9724107384681702,0.7109763026237488,0.6867681741714478
mvtec,0,4,metal_nut,metal_nut-color-015,40,D:\STUDY\My_github\sci_project\data\mvtec\metal_nut\test\color\015.png,0.15624961256980896,0.37112143635749817,0.3035587668418884,0.14730915427207947,0.3042171895503998,0.9616544842720032,0.5123997926712036,0.5113210678100586
mvtec,0,4,metal_nut,metal_nut-color-016,41,D:\STUDY\My_github\sci_project\data\mvtec\metal_nut\test\color\016.png,0.4274294376373291,0.7071654796600342,0.22346538305282593,-0.20396405458450317,0.25578778982162476,0.9823019504547119,0.9562193751335144,0.8526117205619812
mvtec,0,4,metal_nut,metal_nut-color-017,42,D:\STUDY\My_github\sci_project\data\mvtec\metal_nut\test\color\017.png,0.37814784049987793,0.5626955628395081,0.27394020557403564,-0.10420763492584229,0.30478039383888245,0.9641883969306946,0.5258433222770691,0.5233737826347351
mvtec,0,4,metal_nut,metal_nut-color-018,43,D:\STUDY\My_github\sci_project\data\mvtec\metal_nut\test\color\018.png,0.4517318904399872,0.7232117056846619,0.3292618989944458,-0.12246999144554138,0.26429685950279236,0.9836527109146118,0.9610757827758789,0.8156998753547668
mvtec,0,4,metal_nut,metal_nut-color-019,44,D:\STUDY\My_github\sci_project\data\mvtec\metal_nut\test\color\019.png,0.5112931132316589,0.6718094944953918,0.2580437660217285,-0.2532493472099304,0.3105601966381073,0.98939448595047,0.9856317639350891,0.6123738884925842
mvtec,0,4,metal_nut,metal_nut-color-020,45,D:\STUDY\My_github\sci_project\data\mvtec\metal_nut\test\color\020.png,0.34282249212265015,0.6589664220809937,0.3339911699295044,-0.008831322193145752,0.27903154492378235,0.9706326127052307,0.6435101628303528,0.6271339058876038
mvtec,0,4,metal_nut,metal_nut-color-021,46,D:\STUDY\My_github\sci_project\data\mvtec\metal_nut\test\color\021.png,0.7121844291687012,0.6577321290969849,0.35421550273895264,-0.35796892642974854,0.5500957369804382,0.9704997539520264,0.6391110420227051,0.6232603192329407
mvtec,0,4,metal_nut,metal_nut-flip-000,47,D:\STUDY\My_github\sci_project\data\mvtec\metal_nut\test\flip\000.png,0.2583654522895813,0.4849899411201477,0.35074591636657715,0.09238046407699585,0.2913350760936737,0.9904683232307434,0.9892085790634155,0.5862926244735718
mvtec,0,4,metal_nut,metal_nut-flip-001,48,D:\STUDY\My_github\sci_project\data\mvtec\metal_nut\test\flip\001.png,0.23196955025196075,0.42259401082992554,0.315304160118103,0.08333460986614227,0.3072819113731384,0.9903951287269592,0.9889885187149048,0.5878962278366089
mvtec,0,4,metal_nut,metal_nut-flip-002,49,D:\STUDY\My_github\sci_project\data\mvtec\metal_nut\test\flip\002.png,0.2334522008895874,0.44457191228866577,0.4216883182525635,0.18823611736297607,0.3058268427848816,0.9913390278816223,0.9915670156478882,0.5690459609031677
mvtec,0,4,metal_nut,metal_nut-flip-003,50,D:\STUDY\My_github\sci_project\data\mvtec\metal_nut\test\flip\003.png,0.23140443861484528,0.4863556921482086,0.43900859355926514,0.20760415494441986,0.3157292604446411,0.9907023906707764,0.9898892641067505,0.581328809261322
mvtec,0,4,metal_nut,metal_nut-flip-004,51,D:\STUDY\My_github\sci_project\data\mvtec\metal_nut\test\flip\004.png,0.21239987015724182,0.3963528871536255,0.3111739754676819,0.09877410531044006,0.2897885739803314,0.9865871071815491,0.973415732383728,0.7058785557746887
mvtec,0,4,metal_nut,metal_nut-flip-005,52,D:\STUDY\My_github\sci_project\data\mvtec\metal_nut\test\flip\005.png,0.2161806970834732,0.48633328080177307,0.32340431213378906,0.10722361505031586,0.3093513250350952,0.9906356930732727,0.9896988868713379,0.5827178955078125
mvtec,0,4,metal_nut,metal_nut-flip-006,53,D:\STUDY\My_github\sci_project\data\mvtec\metal_nut\test\flip\006.png,0.21894343197345734,0.45727846026420593,0.34198498725891113,0.1230415552854538,0.34447047114372253,0.9872796535491943,0.9766623973846436,0.6798965334892273
mvtec,0,4,metal_nut,metal_nut-flip-007,54,D:\STUDY\My_github\sci_project\data\mvtec\metal_nut\test\flip\007.png,0.29712778329849243,0.4136923551559448,0.4117952585220337,0.11466747522354126,0.29508671164512634,0.9880692362785339,0.9802486300468445,0.6523134708404541
mvtec,0,4,metal_nut,metal_nut-flip-008,55,D:\STUDY\My_github\sci_project\data\mvtec\metal_nut\test\flip\008.png,0.2878692150115967,0.44087541103363037,0.40729737281799316,0.11942815780639648,0.29173657298088074,0.9865540862083435,0.9732606410980225,0.7071481347084045
mvtec,0,4,metal_nut,metal_nut-flip-009,56,D:\STUDY\My_github\sci_project\data\mvtec\metal_nut\test\flip\009.png,0.2362508922815323,0.48817959427833557,0.334190309047699,0.09793941676616669,0.33003681898117065,0.992405116558075,0.993849515914917,0.5521082878112793
mvtec,0,4,metal_nut,metal_nut-flip-010,57,D:\STUDY\My_github\sci_project\data\mvtec\metal_nut\test\flip\010.png,0.2561383545398712,0.482361376285553,0.4647064208984375,0.20856806635856628,0.3065814673900604,0.990653932094574,0.9897512197494507,0.5823360681533813
mvtec,0,4,metal_nut,metal_nut-flip-011,58,D:\STUDY\My_github\sci_project\data\mvtec\metal_nut\test\flip\011.png,0.22099289298057556,0.3900565803050995,0.3221117854118347,0.10111889243125916,0.31566351652145386,0.993177056312561,0.9951421022415161,0.542301595211029
mvtec,0,4,metal_nut,metal_nut-flip-012,59,D:\STUDY\My_github\sci_project\data\mvtec\metal_nut\test\flip\012.png,0.25896191596984863,0.47214648127555847,0.42670297622680664,0.167741060256958,0.2706901729106903,0.9913474917411804,0.9915876388549805,0.5688941478729248
mvtec,0,4,metal_nut,metal_nut-flip-013,60,D:\STUDY\My_github\sci_project\data\mvtec\metal_nut\test\flip\013.png,0.21824893355369568,0.40508008003234863,0.32707786560058594,0.10882893204689026,0.30190929770469666,0.9914050102233887,0.991726815700531,0.5678706169128418
mvtec,0,4,metal_nut,metal_nut-flip-014,61,D:\STUDY\My_github\sci_project\data\mvtec\metal_nut\test\flip\014.png,0.2477269172668457,0.4204418659210205,0.32414281368255615,0.07641589641571045,0.26593056321144104,0.9879133105278015,0.9795571565628052,0.6575561165809631
mvtec,0,4,metal_nut,metal_nut-flip-015,62,D:\STUDY\My_github\sci_project\data\mvtec\metal_nut\test\flip\015.png,0.24911512434482574,0.49558353424072266,0.35431790351867676,0.10520277917385101,0.2998383343219757,0.9920732378959656,0.9932050108909607,0.5569296479225159
mvtec,0,4,metal_nut,metal_nut-flip-016,63,D:\STUDY\My_github\sci_project\data\mvtec\metal_nut\test\flip\016.png,0.28167226910591125,0.41403263807296753,0.4375622272491455,0.15588995814323425,0.31072378158569336,0.9932345747947693,0.9952276945114136,0.5416437983512878
mvtec,0,4,metal_nut,metal_nut-flip-017,64,D:\STUDY\My_github\sci_project\data\mvtec\metal_nut\test\flip\017.png,0.2651674151420593,0.40976035594940186,0.35412681102752686,0.08895939588546753,0.30294930934906006,0.9921697974205017,0.9933984279632568,0.555486798286438
mvtec,0,4,metal_nut,metal_nut-flip-018,65,D:\STUDY\My_github\sci_project\data\mvtec\metal_nut\test\flip\018.png,0.2190440446138382,0.44766631722450256,0.48912757635116577,0.2700835317373276,0.3174425959587097,0.9940890073776245,0.9963465332984924,0.5329282283782959
mvtec,0,4,metal_nut,metal_nut-flip-019,66,D:\STUDY\My_github\sci_project\data\mvtec\metal_nut\test\flip\019.png,0.2713995575904846,0.5118024349212646,0.33296680450439453,0.06156724691390991,0.29916703701019287,0.9907541275024414,0.9900349974632263,0.5802648067474365
mvtec,0,4,metal_nut,metal_nut-flip-020,67,D:\STUDY\My_github\sci_project\data\mvtec\metal_nut\test\flip\020.png,0.23724161088466644,0.4495832324028015,0.3933262825012207,0.15608467161655426,0.30689072608947754,0.9890927076339722,0.9844939708709717,0.6207161545753479
mvtec,0,4,metal_nut,metal_nut-flip-021,68,D:\STUDY\My_github\sci_project\data\mvtec\metal_nut\test\flip\021.png,0.27319034934043884,0.4670030474662781,0.34699547290802,0.07380512356758118,0.2998000383377075,0.9898093938827515,0.9871023297309875,0.601637065410614
mvtec,0,4,metal_nut,metal_nut-flip-022,69,D:\STUDY\My_github\sci_project\data\mvtec\metal_nut\test\flip\022.png,0.20468159019947052,0.43003207445144653,0.34284400939941406,0.13816241919994354,0.3086181879043579,0.9918646216392517,0.9927701950073242,0.5601627230644226
mvtec,0,4,metal_nut,metal_nut-scratch-000,92,D:\STUDY\My_github\sci_project\data\mvtec\metal_nut\test\scratch\000.png,0.6447662115097046,0.47149458527565,0.28523021936416626,-0.35953599214553833,0.39460036158561707,0.9731200337409973,0.7412769794464111,0.7137397527694702
mvtec,0,4,metal_nut,metal_nut-scratch-001,93,D:\STUDY\My_github\sci_project\data\mvtec\metal_nut\test\scratch\001.png,0.5226864218711853,0.42377689480781555,0.23813104629516602,-0.2845553755760193,0.424221009016037,0.987940788269043,0.9796797037124634,0.6566245555877686
mvtec,0,4,metal_nut,metal_nut-scratch-002,94,D:\STUDY\My_github\sci_project\data\mvtec\metal_nut\test\scratch\002.png,0.47391611337661743,0.17385482788085938,0.25059086084365845,-0.22332525253295898,0.47104427218437195,0.9744921922683716,0.8009336590766907,0.7672525644302368
mvtec,0,4,metal_nut,metal_nut-scratch-003,95,D:\STUDY\My_github\sci_project\data\mvtec\metal_nut\test\scratch\003.png,0.48796576261520386,0.30370959639549255,0.2287755012512207,-0.25919026136398315,0.26935526728630066,0.9833472371101379,0.959992527961731,0.8252207636833191
mvtec,0,4,metal_nut,metal_nut-scratch-004,96,D:\STUDY\My_github\sci_project\data\mvtec\metal_nut\test\scratch\004.png,0.47593867778778076,0.22486472129821777,0.2936289310455322,-0.18230974674224854,0.28709033131599426,0.9536872506141663,0.5011246204376221,0.5010502338409424
mvtec,0,4,metal_nut,metal_nut-scratch-005,97,D:\STUDY\My_github\sci_project\data\mvtec\metal_nut\test\scratch\005.png,0.5287815928459167,0.534858763217926,0.20062696933746338,-0.32815462350845337,0.3457082211971283,0.9825645089149475,0.9572063684463501,0.8465420603752136
mvtec,0,4,metal_nut,metal_nut-scratch-006,98,D:\STUDY\My_github\sci_project\data\mvtec\metal_nut\test\scratch\006.png,0.6349736452102661,0.6120814085006714,0.2544926404953003,-0.3804810047149658,0.43059757351875305,0.9715906977653503,0.678015947341919,0.657572329044342
mvtec,0,4,metal_nut,metal_nut-scratch-007,99,D:\STUDY\My_github\sci_project\data\mvtec\metal_nut\test\scratch\007.png,0.47535133361816406,0.3301210105419159,0.23012322187423706,-0.245228111743927,0.3484500050544739,0.9845202565193176,0.9643208384513855,0.7856886386871338
mvtec,0,4,metal_nut,metal_nut-scratch-008,100,D:\STUDY\My_github\sci_project\data\mvtec\metal_nut\test\scratch\008.png,0.5089960694313049,0.39394986629486084,0.20912891626358032,-0.2998671531677246,0.44343164563179016,0.9896430969238281,0.9865261912345886,0.6058390736579895
mvtec,0,4,metal_nut,metal_nut-scratch-009,101,D:\STUDY\My_github\sci_project\data\mvtec\metal_nut\test\scratch\009.png,0.33821648359298706,0.2402496337890625,0.27604472637176514,-0.062171757221221924,0.2704697847366333,0.9826175570487976,0.9574007391929626,0.8452472686767578
mvtec,0,4,metal_nut,metal_nut-scratch-010,102,D:\STUDY\My_github\sci_project\data\mvtec\metal_nut\test\scratch\010.png,0.40945327281951904,0.156347393989563,0.2309880256652832,-0.17846524715423584,0.3677574098110199,0.9707423448562622,0.6472164988517761,0.6303985118865967
mvtec,0,4,metal_nut,metal_nut-scratch-011,103,D:\STUDY\My_github\sci_project\data\mvtec\metal_nut\test\scratch\011.png,0.5742517113685608,0.5137937664985657,0.23465263843536377,-0.339599072933197,0.47632336616516113,0.981378436088562,0.9521754384040833,0.8693283200263977
mvtec,0,4,metal_nut,metal_nut-scratch-012,104,D:\STUDY\My_github\sci_project\data\mvtec\metal_nut\test\scratch\012.png,0.46300172805786133,0.33495163917541504,0.30156421661376953,-0.1614375114440918,0.3816480338573456,0.9745697379112244,0.8042175769805908,0.7702129483222961
mvtec,0,4,metal_nut,metal_nut-scratch-013,105,D:\STUDY\My_github\sci_project\data\mvtec\metal_nut\test\scratch\013.png,0.583101212978363,0.45898470282554626,0.3318106532096863,-0.25129055976867676,0.3743841350078583,0.9654773473739624,0.5372312068939209,0.5335057377815247
mvtec,0,4,metal_nut,metal_nut-scratch-014,106,D:\STUDY\My_github\sci_project\data\mvtec\metal_nut\test\scratch\014.png,0.6288459300994873,0.3487515151500702,0.2741761803627014,-0.3546697497367859,0.39366570115089417,0.959371030330658,0.5063089728355408,0.5058042407035828
mvtec,0,4,metal_nut,metal_nut-scratch-015,107,D:\STUDY\My_github\sci_project\data\mvtec\metal_nut\test\scratch\015.png,0.5822007656097412,0.6010475754737854,0.2237454056739807,-0.3584553599357605,0.3841073513031006,0.9900851249694824,0.9880180358886719,0.5949653387069702
mvtec,0,4,metal_nut,metal_nut-scratch-016,108,D:\STUDY\My_github\sci_project\data\mvtec\metal_nut\test\scratch\016.png,0.5713293552398682,0.5253372192382812,0.28620022535324097,-0.2851291298866272,0.3953416645526886,0.9842448830604553,0.9632551670074463,0.7956286072731018
mvtec,0,4,metal_nut,metal_nut-scratch-017,109,D:\STUDY\My_github\sci_project\data\mvtec\metal_nut\test\scratch\017.png,0.5854448080062866,0.5206396579742432,0.2699652314186096,-0.315479576587677,0.39387089014053345,0.9791073799133301,0.9329388737678528,0.8789972066879272
mvtec,0,4,metal_nut,metal_nut-scratch-018,110,D:\STUDY\My_github\sci_project\data\mvtec\metal_nut\test\scratch\018.png,0.5878003835678101,0.5833755135536194,0.30785369873046875,-0.2799466848373413,0.33522388339042664,0.9799054265022278,0.9418922662734985,0.8806905150413513
mvtec,0,4,metal_nut,metal_nut-scratch-019,111,D:\STUDY\My_github\sci_project\data\mvtec\metal_nut\test\scratch\019.png,0.5671960711479187,0.5669974684715271,0.2526484727859497,-0.314547598361969,0.49540749192237854,0.9872627854347229,0.9765838980674744,0.680512011051178
mvtec,0,4,metal_nut,metal_nut-scratch-020,112,D:\STUDY\My_github\sci_project\data\mvtec\metal_nut\test\scratch\020.png,0.4757043719291687,0.3920186161994934,0.30700331926345825,-0.16870105266571045,0.40550968050956726,0.9759328961372375,0.857533872127533,0.8183184266090393
mvtec,0,4,metal_nut,metal_nut-scratch-021,113,D:\STUDY\My_github\sci_project\data\mvtec\metal_nut\test\scratch\021.png,0.6269218325614929,0.4958270192146301,0.25463587045669556,-0.37228596210479736,0.5942476987838745,0.9942048192024231,0.9964777827262878,0.5318881273269653
mvtec,0,4,metal_nut,metal_nut-scratch-022,114,D:\STUDY\My_github\sci_project\data\mvtec\metal_nut\test\scratch\022.png,0.40206214785575867,0.2968381643295288,0.2803024649620056,-0.12175968289375305,0.5189506411552429,0.9876430034637451,0.9783369302749634,0.6668913960456848
mvtec,0,4,pill,pill-color-000,0,D:\STUDY\My_github\sci_project\data\mvtec\pill\test\color\000.png,0.7320087552070618,0.6518785953521729,0.7306734323501587,-0.0013353228569030762,0.15988019108772278,0.9889912605285645,0.9921934008598328,0.5644316077232361
mvtec,0,4,pill,pill-color-001,1,D:\STUDY\My_github\sci_project\data\mvtec\pill\test\color\001.png,0.7083736658096313,0.8215661644935608,0.7368831634521484,0.02850949764251709,0.4196414649486542,0.9839163422584534,0.9900757670402527,0.5799672603607178
mvtec,0,4,pill,pill-color-002,2,D:\STUDY\My_github\sci_project\data\mvtec\pill\test\color\002.png,0.5941469669342041,0.38948750495910645,0.6319228410720825,0.03777587413787842,0.3328208029270172,0.9672068357467651,0.9800240993499756,0.6540123224258423
mvtec,0,4,pill,pill-color-003,3,D:\STUDY\My_github\sci_project\data\mvtec\pill\test\color\003.png,0.7699259519577026,0.7227987051010132,0.7386633157730103,-0.03126263618469238,0.43608447909355164,0.9833706617355347,0.989822506904602,0.5818158984184265
mvtec,0,4,pill,pill-color-004,4,D:\STUDY\My_github\sci_project\data\mvtec\pill\test\color\004.png,0.7901344299316406,0.8911559581756592,0.750914990901947,-0.039219439029693604,0.32155779004096985,0.9653686881065369,0.9786679744720459,0.6643473505973816
mvtec,0,4,pill,pill-color-005,5,D:\STUDY\My_github\sci_project\data\mvtec\pill\test\color\005.png,0.6893024444580078,0.5311747789382935,0.7072722911834717,0.017969846725463867,0.27700698375701904,0.985333263874054,0.9907097816467285,0.5753329396247864
mvtec,0,4,pill,pill-color-006,6,D:\STUDY\My_github\sci_project\data\mvtec\pill\test\color\006.png,0.780621349811554,0.8453177213668823,0.7380021214485168,-0.04261922836303711,0.3086804449558258,0.9882994890213013,0.991929292678833,0.566379725933075
mvtec,0,4,pill,pill-color-007,7,D:\STUDY\My_github\sci_project\data\mvtec\pill\test\color\007.png,0.7175847291946411,0.8983516097068787,0.7398041486740112,0.022219419479370117,0.14985202252864838,0.98777174949646,0.9917227029800415,0.5679008960723877
mvtec,0,4,pill,pill-color-008,8,D:\STUDY\My_github\sci_project\data\mvtec\pill\test\color\008.png,0.8380618691444397,0.8864955306053162,0.7156285047531128,-0.1224333643913269,0.25231775641441345,0.9939823746681213,0.9938873648643494,0.5518239140510559
mvtec,0,4,pill,pill-color-009,9,D:\STUDY\My_github\sci_project\data\mvtec\pill\test\color\009.png,0.7575387954711914,0.8470950126647949,0.7207511067390442,-0.03678768873214722,0.17701853811740875,0.990138053894043,0.9926150441169739,0.5613135099411011
mvtec,0,4,pill,pill-color-010,10,D:\STUDY\My_github\sci_project\data\mvtec\pill\test\color\010.png,0.7564802765846252,0.6753001809120178,0.7342033386230469,-0.02227693796157837,0.21108508110046387,0.9870467185974121,0.9914316534996033,0.5700405240058899
mvtec,0,4,pill,pill-color-011,11,D:\STUDY\My_github\sci_project\data\mvtec\pill\test\color\011.png,0.8360472917556763,0.8963340520858765,0.7072287797927856,-0.12881851196289062,0.21154186129570007,0.9871282577514648,0.9914647936820984,0.5697970390319824
mvtec,0,4,pill,pill-color-012,12,D:\STUDY\My_github\sci_project\data\mvtec\pill\test\color\012.png,0.8085845708847046,0.8089712858200073,0.7301608324050903,-0.07842373847961426,0.23040011525154114,0.9848419427871704,0.9904937744140625,0.5769128799438477
mvtec,0,4,pill,pill-color-013,13,D:\STUDY\My_github\sci_project\data\mvtec\pill\test\color\013.png,0.8069422841072083,0.8119627237319946,0.7409243583679199,-0.06601792573928833,0.2257865071296692,0.9871747493743896,0.9914836883544922,0.5696585774421692
mvtec,0,4,pill,pill-color-014,14,D:\STUDY\My_github\sci_project\data\mvtec\pill\test\color\014.png,0.6866372227668762,0.8423715829849243,0.7351049184799194,0.04846769571304321,0.19263805449008942,0.9874407052993774,0.9915908575057983,0.5688705444335938
mvtec,0,4,pill,pill-color-015,15,D:\STUDY\My_github\sci_project\data\mvtec\pill\test\color\015.png,0.8183867931365967,0.729722797870636,0.7227353453636169,-0.09565144777297974,0.20407550036907196,0.9892654418945312,0.992296040058136,0.5636734962463379
mvtec,0,4,pill,pill-color-016,16,D:\STUDY\My_github\sci_project\data\mvtec\pill\test\color\016.png,0.8047910332679749,0.8460444808006287,0.7302037477493286,-0.07458728551864624,0.3104788362979889,0.9866913557052612,0.9912859201431274,0.571110725402832
mvtec,0,4,pill,pill-color-017,17,D:\STUDY\My_github\sci_project\data\mvtec\pill\test\color\017.png,0.7556381821632385,0.7338502407073975,0.7435516715049744,-0.01208651065826416,0.19549456238746643,0.9840198755264282,0.9901232719421387,0.5796204805374146
mvtec,0,4,pill,pill-color-018,18,D:\STUDY\My_github\sci_project\data\mvtec\pill\test\color\018.png,0.8069238066673279,0.8231212496757507,0.7451212406158447,-0.061802566051483154,0.18183684349060059,0.9885514974594116,0.9920263886451721,0.5656640529632568
mvtec,0,4,pill,pill-color-019,19,D:\STUDY\My_github\sci_project\data\mvtec\pill\test\color\019.png,0.7301046252250671,0.7061179876327515,0.7388317584991455,0.00872713327407837,0.19755594432353973,0.9838634729385376,0.9900514483451843,0.5801447629928589
mvtec,0,4,pill,pill-color-020,20,D:\STUDY\My_github\sci_project\data\mvtec\pill\test\color\020.png,0.781130313873291,0.8617621064186096,0.7367901802062988,-0.04434013366699219,0.2552092373371124,0.9881110191345215,0.9918559789657593,0.5669195652008057
mvtec,0,4,pill,pill-color-021,21,D:\STUDY\My_github\sci_project\data\mvtec\pill\test\color\021.png,0.8011515736579895,0.8639807105064392,0.7242051959037781,-0.07694637775421143,0.2663590908050537,0.9929407835006714,0.9935632944107056,0.5542542338371277
mvtec,0,4,pill,pill-color-022,22,D:\STUDY\My_github\sci_project\data\mvtec\pill\test\color\022.png,0.8401585817337036,0.8529742956161499,0.7390017509460449,-0.10115683078765869,0.4448834955692291,0.9872150421142578,0.9915000200271606,0.5695385336875916
mvtec,0,4,pill,pill-color-023,23,D:\STUDY\My_github\sci_project\data\mvtec\pill\test\color\023.png,0.8060203194618225,0.715695321559906,0.7311497926712036,-0.0748705267906189,0.4364309012889862,0.9877730011940002,0.9917231798171997,0.5678972005844116
mvtec,0,4,pill,pill-color-024,24,D:\STUDY\My_github\sci_project\data\mvtec\pill\test\color\024.png,0.8206266164779663,0.8270122408866882,0.7251982688903809,-0.09542834758758545,0.2411782443523407,0.9859753251075745,0.9909859299659729,0.573310375213623
mvtec,0,4,pill,pill-combined-000,25,D:\STUDY\My_github\sci_project\data\mvtec\pill\test\combined\000.png,0.7026723027229309,0.7483778595924377,0.71785569190979,0.01518338918685913,0.3009239733219147,0.9919432401657104,0.9932387471199036,0.556678056716919
mvtec,0,4,pill,pill-combined-001,26,D:\STUDY\My_github\sci_project\data\mvtec\pill\test\combined\001.png,0.5726886987686157,0.7095209360122681,0.6894750595092773,0.11678636074066162,0.2791544795036316,0.9929433465003967,0.9935640692710876,0.5542481541633606
mvtec,0,4,pill,pill-combined-002,27,D:\STUDY\My_github\sci_project\data\mvtec\pill\test\combined\002.png,0.717934250831604,0.7899736762046814,0.734761118888855,0.016826868057250977,0.4283543527126312,0.9778103828430176,0.9869456887245178,0.6027787327766418
mvtec,0,4,pill,pill-combined-003,28,D:\STUDY\My_github\sci_project\data\mvtec\pill\test\combined\003.png,0.6999175548553467,0.46134236454963684,0.7123955488204956,0.012477993965148926,0.37886762619018555,0.9878942370414734,0.9917710423469543,0.5675450563430786
mvtec,0,4,pill,pill-combined-004,29,D:\STUDY\My_github\sci_project\data\mvtec\pill\test\combined\004.png,0.5631099343299866,0.4950582981109619,0.7144118547439575,0.15130192041397095,0.35875576734542847,0.990581750869751,0.9927728176116943,0.5601436495780945
mvtec,0,4,pill,pill-combined-005,30,D:\STUDY\My_github\sci_project\data\mvtec\pill\test\combined\005.png,0.5348044633865356,0.600583553314209,0.733871340751648,0.1990668773651123,0.2421037256717682,0.9767827391624451,0.9863545894622803,0.6070916652679443
mvtec,0,4,pill,pill-combined-006,31,D:\STUDY\My_github\sci_project\data\mvtec\pill\test\combined\006.png,0.45332950353622437,0.29593390226364136,0.5710915327072144,0.11776202917098999,0.2880820333957672,0.9865060448646545,0.991209089756012,0.5716743469238281
mvtec,0,4,pill,pill-combined-007,32,D:\STUDY\My_github\sci_project\data\mvtec\pill\test\combined\007.png,0.5524810552597046,0.2710218131542206,0.5377190709114075,-0.01476198434829712,0.28680419921875,0.9882375597953796,0.9919052720069885,0.5665566921234131
mvtec,0,4,pill,pill-combined-008,33,D:\STUDY\My_github\sci_project\data\mvtec\pill\test\combined\008.png,0.5684731006622314,0.6143202781677246,0.7045148611068726,0.1360417604446411,0.3494384288787842,0.9853544235229492,0.9907189607620239,0.5752655267715454
mvtec,0,4,pill,pill-combined-009,34,D:\STUDY\My_github\sci_project\data\mvtec\pill\test\combined\009.png,0.6692653298377991,0.6017258763313293,0.7091879844665527,0.03992265462875366,0.5159555077552795,0.9896796941757202,0.9924489259719849,0.5625432729721069
mvtec,0,4,pill,pill-combined-010,35,D:\STUDY\My_github\sci_project\data\mvtec\pill\test\combined\010.png,0.5516103506088257,0.5998615026473999,0.6561330556869507,0.104522705078125,0.2494686096906662,0.9981665015220642,0.9950469136238098,0.5430309772491455
mvtec,0,4,pill,pill-combined-011,36,D:\STUDY\My_github\sci_project\data\mvtec\pill\test\combined\011.png,0.5715012550354004,0.4715181291103363,0.7159034013748169,0.1444021463394165,0.32125887274742126,0.9845901727676392,0.9903815388679504,0.5777336359024048
mvtec,0,4,pill,pill-combined-012,37,D:\STUDY\My_github\sci_project\data\mvtec\pill\test\combined\012.png,0.6094823479652405,0.4437698721885681,0.6900511384010315,0.08056879043579102,0.23007448017597198,0.9774094820022583,0.9867172837257385,0.6044447422027588
mvtec,0,4,pill,pill-combined-013,38,D:\STUDY\My_github\sci_project\data\mvtec\pill\test\combined\013.png,0.5705319046974182,0.5307143330574036,0.7140220403671265,0.14349013566970825,0.2829083800315857,0.9778503179550171,0.9869682788848877,0.6026140451431274
mvtec,0,4,pill,pill-combined-014,39,D:\STUDY\My_github\sci_project\data\mvtec\pill\test\combined\014.png,0.6856442093849182,0.6572213768959045,0.7007417678833008,0.015097558498382568,0.44545978307724,0.9922671914100647,0.9933456778526306,0.5558803677558899
mvtec,0,4,pill,pill-combined-015,40,D:\STUDY\My_github\sci_project\data\mvtec\pill\test\combined\015.png,0.5163434743881226,0.46823322772979736,0.6347954273223877,0.11845195293426514,0.3547744154930115,0.9804052114486694,0.988355815410614,0.5925050973892212
mvtec,0,4,pill,pill-combined-016,41,D:\STUDY\My_github\sci_project\data\mvtec\pill\test\combined\016.png,0.6589648127555847,0.6017009019851685,0.6722755432128906,0.013310730457305908,0.4310421943664551,0.9902897477149963,0.9926692843437195,0.5609113574028015
mvtec,0,4,pill,pill-contamination-000,42,D:\STUDY\My_github\sci_project\data\mvtec\pill\test\contamination\000.png,0.6338462829589844,0.2150253802537918,0.3304835557937622,-0.30336272716522217,0.2748818099498749,0.9769493937492371,0.9864516854286194,0.6063827276229858
mvtec,0,4,pill,pill-contamination-001,43,D:\STUDY\My_github\sci_project\data\mvtec\pill\test\contamination\001.png,0.68301922082901,0.6630600690841675,0.7168576121330261,0.03383839130401611,0.415701299905777,0.983187198638916,0.9897361993789673,0.5824455618858337
mvtec,0,4,pill,pill-contamination-002,44,D:\STUDY\My_github\sci_project\data\mvtec\pill\test\contamination\002.png,0.7442874312400818,0.39169391989707947,0.6512388586997986,-0.0930485725402832,0.37109535932540894,0.980075478553772,0.9881832003593445,0.593762218952179
mvtec,0,4,pill,pill-contamination-003,45,D:\STUDY\My_github\sci_project\data\mvtec\pill\test\contamination\003.png,0.8012521266937256,0.6713630557060242,0.7305518388748169,-0.07070028781890869,0.5033934116363525,0.9770801067352295,0.9865275025367737,0.6058292984962463
mvtec,0,4,pill,pill-contamination-004,46,D:\STUDY\My_github\sci_project\data\mvtec\pill\test\contamination\004.png,0.7344373464584351,0.5493699312210083,0.7217428088188171,-0.01269453763961792,0.27125871181488037,0.9805394411087036,0.9884255528450012,0.5919973850250244
mvtec,0,4,pill,pill-contamination-005,47,D:\STUDY\My_github\sci_project\data\mvtec\pill\test\contamination\005.png,0.6805762052536011,0.30943846702575684,0.41150879859924316,-0.2690674066543579,0.2661091089248657,0.980416476726532,0.988361656665802,0.5924624800682068
mvtec,0,4,pill,pill-contamination-006,48,D:\STUDY\My_github\sci_project\data\mvtec\pill\test\contamination\006.png,0.7445480823516846,0.3086490035057068,0.6760950684547424,-0.06845301389694214,0.3717714250087738,0.9818589091300964,0.9890939593315125,0.5871279239654541
mvtec,0,4,pill,pill-contamination-007,49,D:\STUDY\My_github\sci_project\data\mvtec\pill\test\contamination\007.png,0.7589464783668518,0.7480761408805847,0.7232193946838379,-0.035727083683013916,0.51050865650177,0.9852637052536011,0.9906794428825378,0.5755549073219299
mvtec,0,4,pill,pill-contamination-008,50,D:\STUDY\My_github\sci_project\data\mvtec\pill\test\contamination\008.png,0.7831616401672363,0.7048434615135193,0.7115967273712158,-0.07156491279602051,0.4397565424442291,0.989948034286499,0.992546558380127,0.5618207454681396
mvtec,0,4,pill,pill-contamination-009,51,D:\STUDY\My_github\sci_project\data\mvtec\pill\test\contamination\009.png,0.5631109476089478,0.2214280217885971,0.4037456214427948,-0.15936532616615295,0.22714102268218994,0.9794892072677612,0.9878715872764587,0.596031904220581
mvtec,0,4,pill,pill-contamination-010,52,D:\STUDY\My_github\sci_project\data\mvtec\pill\test\contamination\010.png,0.7176140546798706,0.7915277481079102,0.7266122102737427,0.00899815559387207,0.45419126749038696,0.9850480556488037,0.9905848503112793,0.5762466788291931
mvtec,0,4,pill,pill-contamination-011,53,D:\STUDY\My_github\sci_project\data\mvtec\pill\test\contamination\011.png,0.7574014663696289,0.30936720967292786,0.6941437125205994,-0.06325775384902954,0.4666619598865509,0.9780095815658569,0.987058162689209,0.6019588708877563
mvtec,0,4,pill,pill-contamination-012,54,D:\STUDY\My_github\sci_project\data\mvtec\pill\test\contamination\012.png,0.7944673299789429,0.6977434754371643,0.7323562502861023,-0.062111079692840576,0.3601230978965759,0.9816761016845703,0.9890031814575195,0.5877894163131714
mvtec,0,4,pill,pill-contamination-013,55,D:\STUDY\My_github\sci_project\data\mvtec\pill\test\contamination\013.png,0.6235783100128174,0.3737136423587799,0.5925026535987854,-0.031075656414031982,0.2933740019798279,0.978630006313324,0.987403929233551,0.5994387865066528
mvtec,0,4,pill,pill-contamination-014,56,D:\STUDY\My_github\sci_project\data\mvtec\pill\test\contamination\014.png,0.7557122707366943,0.6179591417312622,0.7278685569763184,-0.027843713760375977,0.4663589894771576,0.9866270422935486,0.9912592768669128,0.5713059306144714
mvtec,0,4,pill,pill-contamination-015,57,D:\STUDY\My_github\sci_project\data\mvtec\pill\test\contamination\015.png,0.6357698440551758,0.6313164830207825,0.7310370206832886,0.09526717662811279,0.38859647512435913,0.9809199571609497,0.9886214733123779,0.5905703902244568
mvtec,0,4,pill,pill-contamination-016,58,D:\STUDY\My_github\sci_project\data\mvtec\pill\test\contamination\016.png,0.8106691837310791,0.6243624687194824,0.7436829209327698,-0.06698626279830933,0.43460655212402344,0.975018322467804,0.9852969646453857,0.6148248910903931
mvtec,0,4,pill,pill-contamination-017,59,D:\STUDY\My_github\sci_project\data\mvtec\pill\test\contamination\017.png,0.8146019577980042,0.8260047435760498,0.7456635236740112,-0.06893843412399292,0.45647257566452026,0.9864917397499084,0.9912031292915344,0.5717180967330933
mvtec,0,4,pill,pill-contamination-018,60,D:\STUDY\My_github\sci_project\data\mvtec\pill\test\contamination\018.png,0.6462222337722778,0.1901334971189499,0.4876396358013153,-0.15858259797096252,0.3501425087451935,0.9914395809173584,0.9930695295333862,0.5579385757446289
mvtec,0,4,pill,pill-contamination-019,61,D:\STUDY\My_github\sci_project\data\mvtec\pill\test\contamination\019.png,0.7337242960929871,0.5228601098060608,0.7270750999450684,-0.006649196147918701,0.3792014718055725,0.9853259325027466,0.9907065629959106,0.5753562450408936
mvtec,0,4,pill,pill-contamination-020,62,D:\STUDY\My_github\sci_project\data\mvtec\pill\test\contamination\020.png,0.5553750395774841,0.5225648283958435,0.7134039402008057,0.15802890062332153,0.21198907494544983,0.9802359342575073,0.9882674217224121,0.5931487679481506
mvtec,0,4,pill,pill-crack-000,63,D:\STUDY\My_github\sci_project\data\mvtec\pill\test\crack\000.png,0.6161497235298157,0.6151190400123596,0.7203205823898315,0.10417085886001587,0.18953746557235718,0.9872525334358215,0.9915151596069336,0.5694272518157959
mvtec,0,4,pill,pill-crack-001,64,D:\STUDY\My_github\sci_project\data\mvtec\pill\test\crack\001.png,0.40976542234420776,0.450247585773468,0.4249075651168823,0.01514214277267456,0.18143734335899353,0.975314199924469,0.9854779839515686,0.613499104976654
mvtec,0,4,pill,pill-crack-002,65,D:\STUDY\My_github\sci_project\data\mvtec\pill\test\crack\002.png,0.6334547996520996,0.6574684381484985,0.7283391952514648,0.09488439559936523,0.3093487322330475,0.9796801209449768,0.987973690032959,0.5952879786491394
mvtec,0,4,pill,pill-crack-003,66,D:\STUDY\My_github\sci_project\data\mvtec\pill\test\crack\003.png,0.6847850680351257,0.7714864611625671,0.737762987613678,0.052977919578552246,0.19477146863937378,0.971108615398407,0.9827698469161987,0.6334431171417236
mvtec,0,4,pill,pill-crack-004,67,D:\STUDY\My_github\sci_project\data\mvtec\pill\test\crack\004.png,0.5213061571121216,0.7029829025268555,0.7328451871871948,0.21153903007507324,0.2579783499240875,0.9845649003982544,0.9903702139854431,0.5778164267539978
mvtec,0,4,pill,pill-crack-005,68,D:\STUDY\My_github\sci_project\data\mvtec\pill\test\crack\005.png,0.6150526404380798,0.5381135940551758,0.7107366323471069,0.0956839919090271,0.3721963167190552,0.9788548350334167,0.9875275492668152,0.5985380411148071
mvtec,0,4,pill,pill-crack-006,69,D:\STUDY\My_github\sci_project\data\mvtec\pill\test\crack\006.png,0.6925325989723206,0.4336481988430023,0.7129474878311157,0.020414888858795166,0.21079690754413605,0.9742287397384644,0.9848065376281738,0.6184203624725342
mvtec,0,4,pill,pill-crack-007,70,D:\STUDY\My_github\sci_project\data\mvtec\pill\test\crack\007.png,0.49084579944610596,0.4282844364643097,0.6714978218078613,0.18065202236175537,0.19303804636001587,0.977273166179657,0.9866389632225037,0.6050159931182861
mvtec,0,4,pill,pill-crack-008,71,D:\STUDY\My_github\sci_project\data\mvtec\pill\test\crack\008.png,0.34474655985832214,0.4334167540073395,0.651558518409729,0.30681195855140686,0.16299112141132355,0.9875426292419434,0.9916316270828247,0.5685707330703735
mvtec,0,4,pill,pill-crack-009,72,D:\STUDY\My_github\sci_project\data\mvtec\pill\test\crack\009.png,0.6313819885253906,0.7130076289176941,0.7230654954910278,0.09168350696563721,0.2322641909122467,0.9852808117866516,0.9906868934631348,0.5755001902580261
mvtec,0,4,pill,pill-crack-010,73,D:\STUDY\My_github\sci_project\data\mvtec\pill\test\crack\010.png,0.570169985294342,0.5433063507080078,0.705016016960144,0.134846031665802,0.27594906091690063,0.9639599323272705,0.9776079058647156,0.6725237965583801
mvtec,0,4,pill,pill-crack-011,74,D:\STUDY\My_github\sci_project\data\mvtec\pill\test\crack\011.png,0.6478793621063232,0.7085033655166626,0.7210190296173096,0.07313966751098633,0.3348224461078644,0.9860548377037048,0.9910196661949158,0.573063313961029
mvtec,0,4,pill,pill-crack-012,75,D:\STUDY\My_github\sci_project\data\mvtec\pill\test\crack\012.png,0.5954185724258423,0.4279661476612091,0.7130564451217651,0.11763787269592285,0.2384798228740692,0.9669354557991028,0.9798260927200317,0.6555132865905762
mvtec,0,4,pill,pill-crack-013,76,D:\STUDY\My_github\sci_project\data\mvtec\pill\test\crack\013.png,0.6326069831848145,0.1522519886493683,0.286499559879303,-0.3461074233055115,0.1931963562965393,0.9807542562484741,0.9885364174842834,0.5911896228790283
mvtec,0,4,pill,pill-crack-014,77,D:\STUDY\My_github\sci_project\data\mvtec\pill\test\crack\014.png,0.4805493950843811,0.28503939509391785,0.5621873140335083,0.0816379189491272,0.18787743151187897,0.9828181862831116,0.9895608425140381,0.5837245583534241
mvtec,0,4,pill,pill-crack-015,78,D:\STUDY\My_github\sci_project\data\mvtec\pill\test\crack\015.png,0.6302716135978699,0.5016465187072754,0.6133687496185303,-0.0169028639793396,0.21365679800510406,0.9858295321464539,0.9909238219261169,0.5737653970718384
mvtec,0,4,pill,pill-crack-016,79,D:\STUDY\My_github\sci_project\data\mvtec\pill\test\crack\016.png,0.7132666110992432,0.07856340706348419,0.34996476769447327,-0.3633018434047699,0.20716650784015656,0.9789284467697144,0.9875678420066833,0.5982445478439331
mvtec,0,4,pill,pill-crack-017,80,D:\STUDY\My_github\sci_project\data\mvtec\pill\test\crack\017.png,0.6597850918769836,0.7103965282440186,0.7384310364723206,0.07864594459533691,0.2922722101211548,0.9679360389709473,0.9805520176887512,0.6500231027603149
mvtec,0,4,pill,pill-crack-018,81,D:\STUDY\My_github\sci_project\data\mvtec\pill\test\crack\018.png,0.6211214661598206,0.7403069138526917,0.7273527979850769,0.10623133182525635,0.2796867787837982,0.986609160900116,0.9912518858909607,0.5713602304458618
mvtec,0,4,pill,pill-crack-019,82,D:\STUDY\My_github\sci_project\data\mvtec\pill\test\crack\019.png,0.6072027683258057,0.5583378076553345,0.7091012597084045,0.10189849138259888,0.2734892666339874,0.9839337468147278,0.9900837540626526,0.5799089074134827
mvtec,0,4,pill,pill-crack-020,83,D:\STUDY\My_github\sci_project\data\mvtec\pill\test\crack\020.png,0.6499822735786438,0.5547153949737549,0.700792670249939,0.050810396671295166,0.20806346833705902,0.9795963764190674,0.9879289865493774,0.5956137180328369
mvtec,0,4,pill,pill-crack-021,84,D:\STUDY\My_github\sci_project\data\mvtec\pill\test\crack\021.png,0.7656378746032715,0.6430919170379639,0.7533645033836365,-0.01227337121963501,0.2956791818141937,0.9594746232032776,0.9741608500480652,0.6998159289360046
mvtec,0,4,pill,pill-crack-022,85,D:\STUDY\My_github\sci_project\data\mvtec\pill\test\crack\022.png,0.7192911505699158,0.33966103196144104,0.6890685558319092,-0.030222594738006592,0.2838553190231323,0.9898790121078491,0.9925215244293213,0.5620058178901672
mvtec,0,4,pill,pill-crack-023,86,D:\STUDY\My_github\sci_project\data\mvtec\pill\test\crack\023.png,0.5416597127914429,0.6619566679000854,0.7196290493011475,0.1779693365097046,0.2997380793094635,0.9701176285743713,0.9820918440818787,0.6384835243225098
mvtec,0,4,pill,pill-crack-024,87,D:\STUDY\My_github\sci_project\data\mvtec\pill\test\crack\024.png,0.5133247971534729,0.15838924050331116,0.33815065026283264,-0.17517414689064026,0.17871148884296417,0.9764946103096008,0.9861854910850525,0.6083261966705322
mvtec,0,4,pill,pill-crack-025,88,D:\STUDY\My_github\sci_project\data\mvtec\pill\test\crack\025.png,0.7215585112571716,0.3906087279319763,0.5697760581970215,-0.15178245306015015,0.25938403606414795,0.9723551273345947,0.9836018681526184,0.6272861957550049
mvtec,0,4,pill,pill-faulty_imprint-000,89,D:\STUDY\My_github\sci_project\data\mvtec\pill\test\faulty_imprint\000.png,0.7013978958129883,0.28960758447647095,0.4903949201107025,-0.21100297570228577,0.24665121734142303,0.9833478331565857,0.9898117780685425,0.581894040107727
mvtec,0,4,pill,pill-faulty_imprint-001,90,D:\STUDY\My_github\sci_project\data\mvtec\pill\test\faulty_imprint\001.png,0.622722864151001,0.401440292596817,0.38411885499954224,-0.23860400915145874,0.18595486879348755,0.9664537906646729,0.9794726967811584,0.658198893070221
mvtec,0,4,pill,pill-faulty_imprint-002,91,D:\STUDY\My_github\sci_project\data\mvtec\pill\test\faulty_imprint\002.png,0.5539005994796753,0.14948129653930664,0.38827651739120483,-0.16562408208847046,0.23067864775657654,0.97806715965271,0.987090528011322,0.6017228960990906
mvtec,0,4,pill,pill-faulty_imprint-003,92,D:\STUDY\My_github\sci_project\data\mvtec\pill\test\faulty_imprint\003.png,0.25891655683517456,0.3026372790336609,0.5186277627944946,0.25971120595932007,0.2149461805820465,0.9821341633796692,0.9892296195030212,0.5861395597457886
mvtec,0,4,pill,pill-faulty_imprint-004,93,D:\STUDY\My_github\sci_project\data\mvtec\pill\test\faulty_imprint\004.png,0.475783109664917,0.35646504163742065,0.6896036267280579,0.21382051706314087,0.23031306266784668,0.9835083484649658,0.9898868799209595,0.5813461542129517
mvtec,0,4,pill,pill-faulty_imprint-005,94,D:\STUDY\My_github\sci_project\data\mvtec\pill\test\faulty_imprint\005.png,0.5213178396224976,0.5271921157836914,0.7079207897186279,0.18660295009613037,0.34374043345451355,0.9817806482315063,0.9890552163124084,0.587410569190979
mvtec,0,4,pill,pill-faulty_imprint-006,95,D:\STUDY\My_github\sci_project\data\mvtec\pill\test\faulty_imprint\006.png,0.2987963557243347,0.2700996696949005,0.5867929458618164,0.2879965901374817,0.2402234822511673,0.9785236120223999,0.9873450994491577,0.5998673439025879
mvtec,0,4,pill,pill-faulty_imprint-007,96,D:\STUDY\My_github\sci_project\data\mvtec\pill\test\faulty_imprint\007.png,0.46511968970298767,0.4186648428440094,0.7253591418266296,0.26023945212364197,0.3884788155555725,0.9881788492202759,0.9918824434280396,0.5667247772216797
mvtec,0,4,pill,pill-faulty_imprint-008,97,D:\STUDY\My_github\sci_project\data\mvtec\pill\test\faulty_imprint\008.png,0.6018015742301941,0.32706326246261597,0.6928715705871582,0.09106999635696411,0.32714784145355225,0.9911581873893738,0.9929733872413635,0.5586537718772888
mvtec,0,4,pill,pill-faulty_imprint-009,98,D:\STUDY\My_github\sci_project\data\mvtec\pill\test\faulty_imprint\009.png,0.5411590337753296,0.5714600086212158,0.6829522848129272,0.14179325103759766,0.18074315786361694,0.9860803484916687,0.9910304546356201,0.5729840993881226
mvtec,0,4,pill,pill-faulty_imprint-010,99,D:\STUDY\My_github\sci_project\data\mvtec\pill\test\faulty_imprint\010.png,0.6088985204696655,0.5920590758323669,0.7086622714996338,0.09976375102996826,0.319050669670105,0.9930074214935303,0.9935844540596008,0.5540956854820251
mvtec,0,4,pill,pill-faulty_imprint-011,100,D:\STUDY\My_github\sci_project\data\mvtec\pill\test\faulty_imprint\011.png,0.506014883518219,0.3680800199508667,0.6520655155181885,0.14605063199996948,0.2980329096317291,0.9917325973510742,0.9931684136390686,0.5572022795677185
mvtec,0,4,pill,pill-faulty_imprint-012,101,D:\STUDY\My_github\sci_project\data\mvtec\pill\test\faulty_imprint\012.png,0.5549353361129761,0.529445469379425,0.7213340401649475,0.16639870405197144,0.19534918665885925,0.9797934889793396,0.9880340695381165,0.5948483943939209
mvtec,0,4,pill,pill-faulty_imprint-013,102,D:\STUDY\My_github\sci_project\data\mvtec\pill\test\faulty_imprint\013.png,0.5304491519927979,0.1794576495885849,0.4852983057498932,-0.04515084624290466,0.26725512742996216,0.9727391600608826,0.9838533997535706,0.6254307627677917
mvtec,0,4,pill,pill-faulty_imprint-014,103,D:\STUDY\My_github\sci_project\data\mvtec\pill\test\faulty_imprint\014.png,0.6412143111228943,0.3389258086681366,0.5892425775527954,-0.05197173357009888,0.2850947082042694,0.987208902835846,0.9914975166320801,0.5695568323135376
mvtec,0,4,pill,pill-faulty_imprint-015,104,D:\STUDY\My_github\sci_project\data\mvtec\pill\test\faulty_imprint\015.png,0.640117883682251,0.32969045639038086,0.6266694664955139,-0.01344841718673706,0.3226078450679779,0.974381685256958,0.9849023818969727,0.6177173852920532
mvtec,0,4,pill,pill-faulty_imprint-016,105,D:\STUDY\My_github\sci_project\data\mvtec\pill\test\faulty_imprint\016.png,0.5822306275367737,0.2714598774909973,0.649036169052124,0.06680554151535034,0.35138237476348877,0.9840115308761597,0.990119457244873,0.5796484351158142
mvtec,0,4,pill,pill-faulty_imprint-017,106,D:\STUDY\My_github\sci_project\data\mvtec\pill\test\faulty_imprint\017.png,0.5586053729057312,0.5845130085945129,0.7311494946479797,0.17254412174224854,0.2792094349861145,0.9875307083129883,0.9916268587112427,0.5686057806015015
mvtec,0,4,pill,pill-faulty_imprint-018,107,D:\STUDY\My_github\sci_project\data\mvtec\pill\test\faulty_imprint\018.png,0.6411096453666687,0.25980058312416077,0.5215040445327759,-0.11960560083389282,0.5744728446006775,0.9852350950241089,0.990666925907135,0.5756462812423706
mvtec,0,4,pill,pill-pill_type-000,134,D:\STUDY\My_github\sci_project\data\mvtec\pill\test\pill_type\000.png,0.6303648948669434,0.14018642902374268,0.5381362438201904,-0.09222865104675293,0.3972373306751251,0.9940431714057922,0.993905782699585,0.551685094833374
mvtec,0,4,pill,pill-pill_type-001,135,D:\STUDY\My_github\sci_project\data\mvtec\pill\test\pill_type\001.png,0.6752274632453918,0.19104471802711487,0.6619508862495422,-0.01327657699584961,0.35703107714653015,0.990523636341095,0.9927522540092468,0.560295820236206
mvtec,0,4,pill,pill-pill_type-002,136,D:\STUDY\My_github\sci_project\data\mvtec\pill\test\pill_type\002.png,0.3949897289276123,0.13499411940574646,0.570204496383667,0.1752147674560547,0.3546582758426666,0.984351634979248,0.99027419090271,0.5785180926322937
mvtec,0,4,pill,pill-pill_type-003,137,D:\STUDY\My_github\sci_project\data\mvtec\pill\test\pill_type\003.png,0.4094650447368622,0.19202826917171478,0.6531687378883362,0.243703693151474,0.3561946451663971,0.9938820600509644,0.9938567876815796,0.5520535707473755
mvtec,0,4,pill,pill-pill_type-004,138,D:\STUDY\My_github\sci_project\data\mvtec\pill\test\pill_type\004.png,0.4067780375480652,0.1561630368232727,0.602497935295105,0.1957198977470398,0.3401389718055725,0.9893519282341003,0.9923281669616699,0.5634360313415527
mvtec,0,4,pill,pill-pill_type-005,139,D:\STUDY\My_github\sci_project\data\mvtec\pill\test\pill_type\005.png,0.6149798631668091,0.11681300401687622,0.5417044162750244,-0.07327544689178467,0.32305872440338135,0.9953516721725464,0.9942912459373474,0.5487799048423767
mvtec,0,4,pill,pill-pill_type-006,140,D:\STUDY\My_github\sci_project\data\mvtec\pill\test\pill_type\006.png,0.6880811452865601,0.2075270414352417,0.6141961812973022,-0.07388496398925781,0.4085133969783783,0.9941569566726685,0.9939402341842651,0.5514264702796936
mvtec,0,4,pill,pill-pill_type-007,141,D:\STUDY\My_github\sci_project\data\mvtec\pill\test\pill_type\007.png,0.4735681712627411,0.1318901777267456,0.592758059501648,0.11918988823890686,0.3017028570175171,0.9904298186302185,0.9927191138267517,0.5605420470237732
mvtec,0,4,pill,pill-pill_type-008,142,D:\STUDY\My_github\sci_project\data\mvtec\pill\test\pill_type\008.png,0.4013851583003998,0.16402122378349304,0.6168259382247925,0.2154407799243927,0.35715219378471375,0.9919237494468689,0.9932323098182678,0.5567263960838318
mvtec,0,4,pill,pill-scratch-000,143,D:\STUDY\My_github\sci_project\data\mvtec\pill\test\scratch\000.png,0.7725388407707214,0.6603438258171082,0.7424291372299194,-0.030109703540802002,0.23636144399642944,0.9795324206352234,0.9878947734832764,0.5958630442619324
mvtec,0,4,pill,pill-scratch-001,144,D:\STUDY\My_github\sci_project\data\mvtec\pill\test\scratch\001.png,0.7597957849502563,0.4176081717014313,0.5891240835189819,-0.17067170143127441,0.277291476726532,0.9720231890678406,0.9833826422691345,0.6289056539535522
mvtec,0,4,pill,pill-scratch-002,145,D:\STUDY\My_github\sci_project\data\mvtec\pill\test\scratch\002.png,0.730928361415863,0.4220253825187683,0.4082934558391571,-0.32263490557670593,0.2870924174785614,0.9728097915649414,0.9838994145393372,0.6250916123390198
mvtec,0,4,pill,pill-scratch-003,146,D:\STUDY\My_github\sci_project\data\mvtec\pill\test\scratch\003.png,0.7278169393539429,0.40652748942375183,0.6970860958099365,-0.030730843544006348,0.25446459650993347,0.9848249554634094,0.990486204624176,0.5769681930541992
mvtec,0,4,pill,pill-scratch-004,147,D:\STUDY\My_github\sci_project\data\mvtec\pill\test\scratch\004.png,0.5263025164604187,0.17234082520008087,0.440041720867157,-0.08626079559326172,0.28562602400779724,0.9884002208709717,0.9919682145118713,0.5660929679870605
mvtec,0,4,pill,pill-scratch-005,148,D:\STUDY\My_github\sci_project\data\mvtec\pill\test\scratch\005.png,0.592602014541626,0.12727484107017517,0.2792045772075653,-0.31339743733406067,0.19823667407035828,0.9734235405921936,0.9842957854270935,0.6221731305122375
mvtec,0,4,pill,pill-scratch-006,149,D:\STUDY\My_github\sci_project\data\mvtec\pill\test\scratch\006.png,0.7423062920570374,0.44976529479026794,0.6794674396514893,-0.0628388524055481,0.21083904802799225,0.982205867767334,0.989264726638794,0.5858837366104126
mvtec,0,4,pill,pill-scratch-007,150,D:\STUDY\My_github\sci_project\data\mvtec\pill\test\scratch\007.png,0.5290612578392029,0.561992883682251,0.7051239013671875,0.17606264352798462,0.32617253065109253,0.9864500164985657,0.99118572473526,0.5718456506729126
mvtec,0,4,pill,pill-scratch-008,151,D:\STUDY\My_github\sci_project\data\mvtec\pill\test\scratch\008.png,0.5367267727851868,0.4421180188655853,0.6662063598632812,0.12947958707809448,0.3639279007911682,0.9850656390190125,0.9905925989151001,0.5761901140213013
mvtec,0,4,pill,pill-scratch-009,152,D:\STUDY\My_github\sci_project\data\mvtec\pill\test\scratch\009.png,0.4873333275318146,0.2668672502040863,0.6022262573242188,0.11489292979240417,0.33455386757850647,0.9847027659416199,0.9904318451881409,0.5773656368255615
mvtec,0,4,pill,pill-scratch-010,153,D:\STUDY\My_github\sci_project\data\mvtec\pill\test\scratch\010.png,0.6437569856643677,0.533185601234436,0.7048437595367432,0.06108677387237549,0.27141860127449036,0.9869738817214966,0.9914019703865051,0.5702587962150574
mvtec,0,4,pill,pill-scratch-011,154,D:\STUDY\My_github\sci_project\data\mvtec\pill\test\scratch\011.png,0.6505984663963318,0.17696096003055573,0.4361047148704529,-0.2144937515258789,0.2575273811817169,0.9752107858657837,0.9854149222373962,0.6139611005783081
mvtec,0,4,pill,pill-scratch-012,155,D:\STUDY\My_github\sci_project\data\mvtec\pill\test\scratch\012.png,0.7309518456459045,0.5280340313911438,0.7182139754295349,-0.012737870216369629,0.355176717042923,0.9835574626922607,0.9899097681045532,0.5811790227890015
mvtec,0,4,pill,pill-scratch-013,156,D:\STUDY\My_github\sci_project\data\mvtec\pill\test\scratch\013.png,0.6820744276046753,0.7157353162765503,0.747880220413208,0.06580579280853271,0.4573487639427185,0.9850463271141052,0.990584135055542,0.576252281665802
mvtec,0,4,pill,pill-scratch-014,157,D:\STUDY\My_github\sci_project\data\mvtec\pill\test\scratch\014.png,0.5307952165603638,0.3116561472415924,0.5377389192581177,0.006943702697753906,0.34901162981987,0.9816086888313293,0.9889695644378662,0.588034451007843
mvtec,0,4,pill,pill-scratch-015,158,D:\STUDY\My_github\sci_project\data\mvtec\pill\test\scratch\015.png,0.7772530317306519,0.7168775200843811,0.7284570932388306,-0.04879593849182129,0.3085309565067291,0.979945719242096,0.9881147742271423,0.5942607522010803
mvtec,0,4,pill,pill-scratch-016,159,D:\STUDY\My_github\sci_project\data\mvtec\pill\test\scratch\016.png,0.75123131275177,0.663303554058075,0.7281078100204468,-0.023123502731323242,0.28074267506599426,0.9834981560707092,0.9898821115493774,0.5813807845115662
mvtec,0,4,pill,pill-scratch-017,160,D:\STUDY\My_github\sci_project\data\mvtec\pill\test\scratch\017.png,0.7364985942840576,0.7100386023521423,0.7284458875656128,-0.008052706718444824,0.30884498357772827,0.9848001003265381,0.9904751777648926,0.5770488977432251
mvtec,0,4,pill,pill-scratch-018,161,D:\STUDY\My_github\sci_project\data\mvtec\pill\test\scratch\018.png,0.6088211536407471,0.6093397736549377,0.71454918384552,0.10572803020477295,0.5159233808517456,0.9812265634536743,0.9887774586677551,0.5894340872764587
mvtec,0,4,pill,pill-scratch-019,162,D:\STUDY\My_github\sci_project\data\mvtec\pill\test\scratch\019.png,0.813433051109314,0.3525030314922333,0.4036651849746704,-0.40976786613464355,0.2579154074192047,0.9773498177528381,0.9866830110549927,0.6046944856643677
mvtec,0,4,pill,pill-scratch-020,163,D:\STUDY\My_github\sci_project\data\mvtec\pill\test\scratch\020.png,0.8405326008796692,0.9207273125648499,0.7384459376335144,-0.10208666324615479,0.3060407340526581,0.9845554232597351,0.9903659224510193,0.5778474807739258
mvtec,0,4,pill,pill-scratch-021,164,D:\STUDY\My_github\sci_project\data\mvtec\pill\test\scratch\021.png,0.8425646424293518,0.907628059387207,0.6993840336799622,-0.14318060874938965,0.4005076289176941,0.9932823181152344,0.993671178817749,0.5534462332725525
mvtec,0,4,pill,pill-scratch-022,165,D:\STUDY\My_github\sci_project\data\mvtec\pill\test\scratch\022.png,0.6685498952865601,0.4984830617904663,0.6743245124816895,0.0057746171951293945,0.2219405621290207,0.9932429194450378,0.9936587810516357,0.5535388588905334
mvtec,0,4,pill,pill-scratch-023,166,D:\STUDY\My_github\sci_project\data\mvtec\pill\test\scratch\023.png,0.6517789959907532,0.34560099244117737,0.6100544929504395,-0.04172450304031372,0.2939354479312897,0.9797056317329407,0.9879873394966125,0.5951888561248779
mvtec,0,4,screw,screw-manipulated_front-000,41,D:\STUDY\My_github\sci_project\data\mvtec\screw\test\manipulated_front\000.png,0.4742324650287628,0.32433855533599854,0.5579022169113159,0.0836697518825531,0.15010298788547516,0.9673352241516113,0.5114155411720276,0.5104327201843262
mvtec,0,4,screw,screw-manipulated_front-001,42,D:\STUDY\My_github\sci_project\data\mvtec\screw\test\manipulated_front\001.png,0.45588940382003784,0.5219408273696899,0.7412624955177307,0.28537309169769287,0.17706215381622314,0.9763153791427612,0.6250353455543518,0.6108734607696533
mvtec,0,4,screw,screw-manipulated_front-002,43,D:\STUDY\My_github\sci_project\data\mvtec\screw\test\manipulated_front\002.png,0.3196011781692505,0.4356953799724579,0.6332869529724121,0.3136857748031616,0.18030066788196564,0.9670575261116028,0.5105483531951904,0.5096492171287537
mvtec,0,4,screw,screw-manipulated_front-003,44,D:\STUDY\My_github\sci_project\data\mvtec\screw\test\manipulated_front\003.png,0.607239842414856,0.6948392987251282,0.7552297115325928,0.14798986911773682,0.2139401137828827,0.9912332892417908,0.964133083820343,0.787438154220581
mvtec,0,4,screw,screw-manipulated_front-004,45,D:\STUDY\My_github\sci_project\data\mvtec\screw\test\manipulated_front\004.png,0.46729564666748047,0.785068929195404,0.7302234768867493,0.2629278302192688,0.20346607267856598,0.9862115383148193,0.9390145540237427,0.8807157874107361
mvtec,0,4,screw,screw-manipulated_front-005,46,D:\STUDY\My_github\sci_project\data\mvtec\screw\test\manipulated_front\005.png,0.40069347620010376,0.6651723384857178,0.7171393632888794,0.31644588708877563,0.20410865545272827,0.9777929782867432,0.6738364696502686,0.6538794040679932
mvtec,0,4,screw,screw-manipulated_front-006,47,D:\STUDY\My_github\sci_project\data\mvtec\screw\test\manipulated_front\006.png,0.618992805480957,0.594387412071228,0.7280758619308472,0.10908305644989014,0.159143328666687,0.9714476466178894,0.535902202129364,0.5323258638381958
mvtec,0,4,screw,screw-manipulated_front-007,48,D:\STUDY\My_github\sci_project\data\mvtec\screw\test\manipulated_front\007.png,0.7619470953941345,0.8430286049842834,0.7555322647094727,-0.006414830684661865,0.2109992355108261,0.9926103949546814,0.9697840213775635,0.7364152073860168
mvtec,0,4,screw,screw-manipulated_front-008,49,D:\STUDY\My_github\sci_project\data\mvtec\screw\test\manipulated_front\008.png,0.5265305638313293,0.8324259519577026,0.7249838709831238,0.19845330715179443,0.19865936040878296,0.9927811026573181,0.970537006855011,0.7299402356147766
mvtec,0,4,screw,screw-manipulated_front-009,50,D:\STUDY\My_github\sci_project\data\mvtec\screw\test\manipulated_front\009.png,0.3834894299507141,0.46340063214302063,0.747846782207489,0.3643573522567749,0.23423144221305847,0.9781135320663452,0.6858085989952087,0.6644628643989563
mvtec,0,4,screw,screw-manipulated_front-010,51,D:\STUDY\My_github\sci_project\data\mvtec\screw\test\manipulated_front\010.png,0.7182008028030396,0.8246461749076843,0.7212767601013184,0.0030759572982788086,0.16823261976242065,0.9827521443367004,0.8691612482070923,0.8287389278411865
mvtec,0,4,screw,screw-manipulated_front-011,52,D:\STUDY\My_github\sci_project\data\mvtec\screw\test\manipulated_front\011.png,0.650355339050293,0.6416006088256836,0.7401243448257446,0.08976900577545166,0.12455208599567413,0.9860377907752991,0.9371594786643982,0.8804003596305847
mvtec,0,4,screw,screw-manipulated_front-012,53,D:\STUDY\My_github\sci_project\data\mvtec\screw\test\manipulated_front\012.png,0.543380856513977,0.4618833661079407,0.7220529317855835,0.17867207527160645,0.15727044641971588,0.9698324203491211,0.5230332612991333,0.5208644270896912
mvtec,0,4,screw,screw-manipulated_front-013,54,D:\STUDY\My_github\sci_project\data\mvtec\screw\test\manipulated_front\013.png,0.7071177959442139,0.6507948040962219,0.757174015045166,0.05005621910095215,0.19035443663597107,0.9718286395072937,0.5398049354553223,0.5357888340950012
mvtec,0,4,screw,screw-manipulated_front-014,55,D:\STUDY\My_github\sci_project\data\mvtec\screw\test\manipulated_front\014.png,0.6120008826255798,0.36803317070007324,0.6699559688568115,0.05795508623123169,0.15827220678329468,0.972850501537323,0.5523161292076111,0.5468617081642151
mvtec,0,4,screw,screw-manipulated_front-015,56,D:\STUDY\My_github\sci_project\data\mvtec\screw\test\manipulated_front\015.png,0.5292646884918213,0.8397102355957031,0.7520198822021484,0.22275519371032715,0.1954270601272583,0.9909247159957886,0.9629874229431152,0.7981246113777161
mvtec,0,4,screw,screw-manipulated_front-016,57,D:\STUDY\My_github\sci_project\data\mvtec\screw\test\manipulated_front\016.png,0.6127546429634094,0.8715224266052246,0.6921112537384033,0.0793566107749939,0.24046026170253754,0.9928064346313477,0.9706494212150574,0.7289801239967346
mvtec,0,4,screw,screw-manipulated_front-017,58,D:\STUDY\My_github\sci_project\data\mvtec\screw\test\manipulated_front\017.png,0.5756577253341675,0.5325533747673035,0.6953004598617554,0.11964273452758789,0.1058693379163742,0.9776847958564758,0.6698964238166809,0.6503995656967163
mvtec,0,4,screw,screw-manipulated_front-018,59,D:\STUDY\My_github\sci_project\data\mvtec\screw\test\manipulated_front\018.png,0.3273322284221649,0.3729836344718933,0.6612257957458496,0.3338935673236847,0.16639964282512665,0.9855140447616577,0.9307154417037964,0.8779726028442383
mvtec,0,4,screw,screw-manipulated_front-019,60,D:\STUDY\My_github\sci_project\data\mvtec\screw\test\manipulated_front\019.png,0.6954950094223022,0.533368706703186,0.7420560121536255,0.04656100273132324,0.17929483950138092,0.9748519659042358,0.587680459022522,0.5780234932899475
mvtec,0,4,screw,screw-manipulated_front-020,61,D:\STUDY\My_github\sci_project\data\mvtec\screw\test\manipulated_front\020.png,0.5781247019767761,0.10527151823043823,0.44502121210098267,-0.13310348987579346,0.10729815810918808,0.9429072141647339,0.49999985098838806,0.49999988079071045
mvtec,0,4,screw,screw-manipulated_front-021,62,D:\STUDY\My_github\sci_project\data\mvtec\screw\test\manipulated_front\021.png,0.33181527256965637,0.5923229455947876,0.736467182636261,0.4046519100666046,0.1498996913433075,0.981261670589447,0.8152536749839783,0.7801697850227356
mvtec,0,4,screw,screw-manipulated_front-022,63,D:\STUDY\My_github\sci_project\data\mvtec\screw\test\manipulated_front\022.png,0.6975795030593872,0.3627331256866455,0.6969835758209229,-0.0005959272384643555,0.15383380651474,0.9747041463851929,0.5844894647598267,0.5752162933349609
mvtec,0,4,screw,screw-manipulated_front-023,64,D:\STUDY\My_github\sci_project\data\mvtec\screw\test\manipulated_front\023.png,0.6173704862594604,0.40176284313201904,0.6298258900642395,0.012455403804779053,0.15092909336090088,0.9816619753837585,0.8308866024017334,0.7942872047424316
mvtec,0,4,screw,screw-scratch_head-000,65,D:\STUDY\My_github\sci_project\data\mvtec\screw\test\scratch_head\000.png,0.6890481114387512,0.0650503933429718,0.6106669902801514,-0.07838112115859985,0.18180325627326965,0.966057300567627,0.5079253315925598,0.5072733759880066
mvtec,0,4,screw,screw-scratch_head-001,66,D:\STUDY\My_github\sci_project\data\mvtec\screw\test\scratch_head\001.png,0.7768123149871826,0.12755842506885529,0.6677493453025818,-0.10906296968460083,0.21297596395015717,0.9849966764450073,0.9229364991188049,0.8733901381492615
mvtec,0,4,screw,screw-scratch_head-002,67,D:\STUDY\My_github\sci_project\data\mvtec\screw\test\scratch_head\002.png,0.6959512233734131,0.1965387612581253,0.7204321622848511,0.02448093891143799,0.1616814136505127,0.9731926321983337,0.557256281375885,0.5512244701385498
mvtec,0,4,screw,screw-scratch_head-003,68,D:\STUDY\My_github\sci_project\data\mvtec\screw\test\scratch_head\003.png,0.41245540976524353,0.06689058244228363,0.6313628554344177,0.2189074456691742,0.2528480291366577,0.9856306910514832,0.9322680830955505,0.8787055611610413
mvtec,0,4,screw,screw-scratch_head-004,69,D:\STUDY\My_github\sci_project\data\mvtec\screw\test\scratch_head\004.png,0.7276359796524048,0.18024756014347076,0.5734809637069702,-0.15415501594543457,0.1594025194644928,0.9676916003227234,0.5126304626464844,0.5115290880203247
mvtec,0,4,screw,screw-scratch_head-005,70,D:\STUDY\My_github\sci_project\data\mvtec\screw\test\scratch_head\005.png,0.4204406440258026,0.1307319551706314,0.7108473181724548,0.2904066741466522,0.2946693003177643,0.9939306974411011,0.97572922706604,0.6872532367706299
mvtec,0,4,screw,screw-scratch_head-006,71,D:\STUDY\My_github\sci_project\data\mvtec\screw\test\scratch_head\006.png,0.7238922715187073,0.2780352234840393,0.7096786499023438,-0.014213621616363525,0.1947382688522339,0.9853991270065308,0.929115891456604,0.877142608165741
mvtec,0,4,screw,screw-scratch_head-007,72,D:\STUDY\My_github\sci_project\data\mvtec\screw\test\scratch_head\007.png,0.7335522174835205,0.15056881308555603,0.7057750821113586,-0.027777135372161865,0.20852883160114288,0.9795642495155334,0.7444648146629333,0.7165853381156921
mvtec,0,4,screw,screw-scratch_head-008,73,D:\STUDY\My_github\sci_project\data\mvtec\screw\test\scratch_head\008.png,0.5081568360328674,0.25904086232185364,0.7055249810218811,0.19736814498901367,0.21361686289310455,0.975846529006958,0.6118905544281006,0.599312961101532
mvtec,0,4,screw,screw-scratch_head-009,74,D:\STUDY\My_github\sci_project\data\mvtec\screw\test\scratch_head\009.png,0.707349956035614,0.43584761023521423,0.7230865955352783,0.015736639499664307,0.17872610688209534,0.9731494784355164,0.5566105246543884,0.550654411315918
mvtec,0,4,screw,screw-scratch_head-010,75,D:\STUDY\My_github\sci_project\data\mvtec\screw\test\scratch_head\010.png,0.6840484738349915,0.13621316850185394,0.621889591217041,-0.06215888261795044,0.14582160115242004,0.9850537180900574,0.9238690733909607,0.8740020990371704
mvtec,0,4,screw,screw-scratch_head-011,76,D:\STUDY\My_github\sci_project\data\mvtec\screw\test\scratch_head\011.png,0.7234454154968262,0.31705549359321594,0.7376298904418945,0.01418447494506836,0.2212190479040146,0.9849866032600403,0.9227698445320129,0.873279333114624
mvtec,0,4,screw,screw-scratch_head-012,77,D:\STUDY\My_github\sci_project\data\mvtec\screw\test\scratch_head\012.png,0.7027587294578552,0.2393752932548523,0.7139607071876526,0.011201977729797363,0.16294975578784943,0.9640021920204163,0.5043784976005554,0.5040431022644043
mvtec,0,4,screw,screw-scratch_head-013,78,D:\STUDY\My_github\sci_project\data\mvtec\screw\test\scratch_head\013.png,0.8193841576576233,0.8406229615211487,0.7278022766113281,-0.09158188104629517,0.17491090297698975,0.9851011037826538,0.9246292114257812,0.8744903802871704
mvtec,0,4,screw,screw-scratch_head-014,79,D:\STUDY\My_github\sci_project\data\mvtec\screw\test\scratch_head\014.png,0.7649624347686768,0.39428767561912537,0.7125190496444702,-0.05244338512420654,0.1699136644601822,0.9787538051605225,0.7109425067901611,0.6867380738258362
mvtec,0,4,screw,screw-scratch_head-015,80,D:\STUDY\My_github\sci_project\data\mvtec\screw\test\scratch_head\015.png,0.7591407299041748,0.15255838632583618,0.6055501103401184,-0.1535906195640564,0.2564906179904938,0.9801309108734131,0.768425703048706,0.7380253672599792
mvtec,0,4,screw,screw-scratch_head-016,81,D:\STUDY\My_github\sci_project\data\mvtec\screw\test\scratch_head\016.png,0.809218168258667,0.4535304009914398,0.7456294298171997,-0.06358873844146729,0.15861457586288452,0.9901965856552124,0.9604272246360779,0.8214577436447144
mvtec,0,4,screw,screw-scratch_head-017,82,D:\STUDY\My_github\sci_project\data\mvtec\screw\test\scratch_head\017.png,0.6423494815826416,0.14165423810482025,0.7098438739776611,0.06749439239501953,0.1895456463098526,0.9833732843399048,0.8875356912612915,0.8449779748916626
mvtec,0,4,screw,screw-scratch_head-018,83,D:\STUDY\My_github\sci_project\data\mvtec\screw\test\scratch_head\018.png,0.5687782764434814,0.5176095366477966,0.7100598812103271,0.1412816047668457,0.19192232191562653,0.9844449758529663,0.9128830432891846,0.866105854511261
mvtec,0,4,screw,screw-scratch_head-019,84,D:\STUDY\My_github\sci_project\data\mvtec\screw\test\scratch_head\019.png,0.6755980849266052,0.16700860857963562,0.7178690433502197,0.0422709584236145,0.1995118260383606,0.9802859425544739,0.7749777436256409,0.7439037561416626
mvtec,0,4,screw,screw-scratch_head-020,85,D:\STUDY\My_github\sci_project\data\mvtec\screw\test\scratch_head\020.png,0.7681732177734375,0.26912200450897217,0.714975118637085,-0.05319809913635254,0.2002049833536148,0.9809298515319824,0.8018279671669006,0.7680586576461792
mvtec,0,4,screw,screw-scratch_head-021,86,D:\STUDY\My_github\sci_project\data\mvtec\screw\test\scratch_head\021.png,0.5530563592910767,0.04773231968283653,0.6480146646499634,0.09495830535888672,0.2076084166765213,0.9882215857505798,0.9530735611915588,0.866600513458252
mvtec,0,4,screw,screw-scratch_head-022,87,D:\STUDY\My_github\sci_project\data\mvtec\screw\test\scratch_head\022.png,0.768225908279419,0.12031932175159454,0.6486294269561768,-0.11959648132324219,0.1798747032880783,0.979836106300354,0.755945086479187,0.7268465161323547
mvtec,0,4,screw,screw-scratch_head-023,88,D:\STUDY\My_github\sci_project\data\mvtec\screw\test\scratch_head\023.png,0.6423195600509644,0.17119808495044708,0.7291539907455444,0.08683443069458008,0.1494298279285431,0.9794634580612183,0.7402271628379822,0.7128028869628906
mvtec,0,4,screw,screw-scratch_neck-000,89,D:\STUDY\My_github\sci_project\data\mvtec\screw\test\scratch_neck\000.png,0.6879031658172607,0.06509151309728622,0.6864124536514282,-0.0014907121658325195,0.23765090107917786,0.9822868704795837,0.853695273399353,0.8148654103279114
mvtec,0,4,screw,screw-scratch_neck-001,90,D:\STUDY\My_github\sci_project\data\mvtec\screw\test\scratch_neck\001.png,0.7146149277687073,0.1919872909784317,0.6313232183456421,-0.08329170942306519,0.23288573324680328,0.9794081449508667,0.7379075288772583,0.7107336521148682
mvtec,0,4,screw,screw-scratch_neck-002,91,D:\STUDY\My_github\sci_project\data\mvtec\screw\test\scratch_neck\002.png,0.7200749516487122,0.11975505948066711,0.6925467252731323,-0.027528226375579834,0.22958625853061676,0.9801881313323975,0.7708458304405212,0.7401959300041199
mvtec,0,4,screw,screw-scratch_neck-003,92,D:\STUDY\My_github\sci_project\data\mvtec\screw\test\scratch_neck\003.png,0.7248550057411194,0.24990521371364594,0.7119768857955933,-0.012878119945526123,0.28513577580451965,0.9792578816413879,0.7316313982009888,0.7051390409469604
mvtec,0,4,screw,screw-scratch_neck-004,93,D:\STUDY\My_github\sci_project\data\mvtec\screw\test\scratch_neck\004.png,0.8167937994003296,0.3896624743938446,0.7580242156982422,-0.0587695837020874,0.336845338344574,0.9799959063529968,0.7627106308937073,0.7329034209251404
mvtec,0,4,screw,screw-scratch_neck-005,94,D:\STUDY\My_github\sci_project\data\mvtec\screw\test\scratch_neck\005.png,0.7008523941040039,0.14661100506782532,0.6779131889343262,-0.022939205169677734,0.13898803293704987,0.987429678440094,0.9488521814346313,0.8760749697685242
mvtec,0,4,screw,screw-scratch_neck-006,95,D:\STUDY\My_github\sci_project\data\mvtec\screw\test\scratch_neck\006.png,0.7120711207389832,0.39785534143447876,0.7245150208473206,0.012443900108337402,0.40346136689186096,0.9846448302268982,0.9167470335960388,0.8690302968025208
mvtec,0,4,screw,screw-scratch_neck-007,96,D:\STUDY\My_github\sci_project\data\mvtec\screw\test\scratch_neck\007.png,0.8382104635238647,0.37909257411956787,0.7110893130302429,-0.12712115049362183,0.28000879287719727,0.9918217062950134,0.9664427638053894,0.7661088109016418
mvtec,0,4,screw,screw-scratch_neck-008,97,D:\STUDY\My_github\sci_project\data\mvtec\screw\test\scratch_neck\008.png,0.8154940605163574,0.8405985832214355,0.7522951364517212,-0.06319892406463623,0.4189094305038452,0.9893826246261597,0.9576409459114075,0.8436034321784973
mvtec,0,4,screw,screw-scratch_neck-009,98,D:\STUDY\My_github\sci_project\data\mvtec\screw\test\scratch_neck\009.png,0.8123252391815186,0.8210193514823914,0.7586524486541748,-0.05367279052734375,0.28267279267311096,0.9889004230499268,0.9558912515640259,0.8544420599937439
mvtec,0,4,screw,screw-scratch_neck-010,99,D:\STUDY\My_github\sci_project\data\mvtec\screw\test\scratch_neck\010.png,0.8223740458488464,0.2461177557706833,0.6677590608596802,-0.15461498498916626,0.2732242941856384,0.9556673169136047,0.5003653168678284,0.5003435611724854
mvtec,0,4,screw,screw-scratch_neck-011,100,D:\STUDY\My_github\sci_project\data\mvtec\screw\test\scratch_neck\011.png,0.7750878930091858,0.32479262351989746,0.6815786361694336,-0.0935092568397522,0.31135571002960205,0.9850996136665344,0.9246054887771606,0.8744753003120422
mvtec,0,4,screw,screw-scratch_neck-012,101,D:\STUDY\My_github\sci_project\data\mvtec\screw\test\scratch_neck\012.png,0.7784845232963562,0.1670840084552765,0.747218668460846,-0.031265854835510254,0.2696287930011749,0.9794857501983643,0.7411632537841797,0.713638186454773
mvtec,0,4,screw,screw-scratch_neck-013,102,D:\STUDY\My_github\sci_project\data\mvtec\screw\test\scratch_neck\013.png,0.6678767800331116,0.45387282967567444,0.7317870855331421,0.06391030550003052,0.30247583985328674,0.9916951060295105,0.9659317135810852,0.7707825899124146
mvtec,0,4,screw,screw-scratch_neck-014,103,D:\STUDY\My_github\sci_project\data\mvtec\screw\test\scratch_neck\014.png,0.8548237681388855,0.08549000322818756,0.7196574807167053,-0.13516628742218018,0.2919706702232361,0.9867050051689148,0.9436109662055969,0.8802819848060608
mvtec,0,4,screw,screw-scratch_neck-015,104,D:\STUDY\My_github\sci_project\data\mvtec\screw\test\scratch_neck\015.png,0.8253915905952454,0.8502731323242188,0.7036570310592651,-0.12173455953598022,0.41134995222091675,0.9933977127075195,0.9733097553253174,0.7067459225654602
mvtec,0,4,screw,screw-scratch_neck-016,105,D:\STUDY\My_github\sci_project\data\mvtec\screw\test\scratch_neck\016.png,0.7849876284599304,0.5001378059387207,0.7263728380203247,-0.05861479043960571,0.28363510966300964,0.9918628931045532,0.9666106700897217,0.7645803093910217
mvtec,0,4,screw,screw-scratch_neck-017,106,D:\STUDY\My_github\sci_project\data\mvtec\screw\test\scratch_neck\017.png,0.729110062122345,0.11864733695983887,0.7074118852615356,-0.021698176860809326,0.20363202691078186,0.9779403209686279,0.6792839169502258,0.6586930751800537
mvtec,0,4,screw,screw-scratch_neck-018,107,D:\STUDY\My_github\sci_project\data\mvtec\screw\test\scratch_neck\018.png,0.7688159346580505,0.22157980501651764,0.7422112822532654,-0.026604652404785156,0.24556460976600647,0.9908874034881592,0.9628517627716064,0.7993881702423096
mvtec,0,4,screw,screw-scratch_neck-019,108,D:\STUDY\My_github\sci_project\data\mvtec\screw\test\scratch_neck\019.png,0.781243622303009,0.772445797920227,0.7608442306518555,-0.020399391651153564,0.3392377197742462,0.9864300489425659,0.9411668181419373,0.8807662725448608
mvtec,0,4,screw,screw-scratch_neck-020,109,D:\STUDY\My_github\sci_project\data\mvtec\screw\test\scratch_neck\020.png,0.7469886541366577,0.18044260144233704,0.6331979036331177,-0.11379075050354004,0.3002206087112427,0.9610498547554016,0.5018438696861267,0.5017156004905701
mvtec,0,4,screw,screw-scratch_neck-021,110,D:\STUDY\My_github\sci_project\data\mvtec\screw\test\scratch_neck\021.png,0.8019065260887146,0.7849907875061035,0.7443040609359741,-0.05760246515274048,0.25403594970703125,0.9843818545341492,0.9116083979606628,0.8651149868965149
mvtec,0,4,screw,screw-scratch_neck-022,111,D:\STUDY\My_github\sci_project\data\mvtec\screw\test\scratch_neck\022.png,0.8395655155181885,0.6246006488800049,0.7190792560577393,-0.12048625946044922,0.25735968351364136,0.9797404408454895,0.7518989443778992,0.7232276797294617
mvtec,0,4,screw,screw-scratch_neck-023,112,D:\STUDY\My_github\sci_project\data\mvtec\screw\test\scratch_neck\023.png,0.814395546913147,0.47204187512397766,0.7454838156700134,-0.06891173124313354,0.18841348588466644,0.9447376132011414,0.5000025033950806,0.500002384185791
mvtec,0,4,screw,screw-scratch_neck-024,113,D:\STUDY\My_github\sci_project\data\mvtec\screw\test\scratch_neck\024.png,0.8047810792922974,0.29124343395233154,0.7476984262466431,-0.0570826530456543,0.28863832354545593,0.9889482259750366,0.9560715556144714,0.8534477949142456
mvtec,0,4,screw,screw-thread_side-000,114,D:\STUDY\My_github\sci_project\data\mvtec\screw\test\thread_side\000.png,0.13030943274497986,0.32809755206108093,0.6954624056816101,0.5651529729366302,0.1482168734073639,0.9933128952980042,0.9729251265525818,0.7099055647850037
mvtec,0,4,screw,screw-thread_side-001,115,D:\STUDY\My_github\sci_project\data\mvtec\screw\test\thread_side\001.png,0.515427827835083,0.3910248279571533,0.7565693855285645,0.24114155769348145,0.24467948079109192,0.986453115940094,0.9413828253746033,0.8807491064071655
mvtec,0,4,screw,screw-thread_side-002,116,D:\STUDY\My_github\sci_project\data\mvtec\screw\test\thread_side\002.png,0.39690789580345154,0.37484848499298096,0.7215662002563477,0.3246583044528961,0.1979544758796692,0.978935718536377,0.7183333039283752,0.6933044195175171
mvtec,0,4,screw,screw-thread_side-003,117,D:\STUDY\My_github\sci_project\data\mvtec\screw\test\thread_side\003.png,0.603672206401825,0.24548467993736267,0.7509949207305908,0.14732271432876587,0.20398111641407013,0.9788148999214172,0.7134139537811279,0.6889330148696899
mvtec,0,4,screw,screw-thread_side-004,118,D:\STUDY\My_github\sci_project\data\mvtec\screw\test\thread_side\004.png,0.27515608072280884,0.5053583383560181,0.7229893803596497,0.4478332996368408,0.12729805707931519,0.9792073369026184,0.7295297384262085,0.7032668590545654
mvtec,0,4,screw,screw-thread_side-005,119,D:\STUDY\My_github\sci_project\data\mvtec\screw\test\thread_side\005.png,0.266718327999115,0.2554350197315216,0.7501946687698364,0.48347634077072144,0.2565196454524994,0.9779036641120911,0.6779196858406067,0.6574872136116028
mvtec,0,4,screw,screw-thread_side-006,120,D:\STUDY\My_github\sci_project\data\mvtec\screw\test\thread_side\006.png,0.2474663108587265,0.13214954733848572,0.7268664836883545,0.479400172829628,0.2197895050048828,0.9823692440986633,0.856533944606781,0.8174194693565369
mvtec,0,4,screw,screw-thread_side-007,121,D:\STUDY\My_github\sci_project\data\mvtec\screw\test\thread_side\007.png,0.4363464117050171,0.41024836897850037,0.735418438911438,0.2990720272064209,0.20658142864704132,0.9907536506652832,0.962369978427887,0.8038623929023743
mvtec,0,4,screw,screw-thread_side-008,122,D:\STUDY\My_github\sci_project\data\mvtec\screw\test\thread_side\008.png,0.36928704380989075,0.2813687324523926,0.7004269361495972,0.3311398923397064,0.1896304488182068,0.9927471280097961,0.9703864455223083,0.7312282919883728
mvtec,0,4,screw,screw-thread_side-009,123,D:\STUDY\My_github\sci_project\data\mvtec\screw\test\thread_side\009.png,0.46001309156417847,0.3129086494445801,0.7329725027084351,0.2729594111442566,0.10117174685001373,0.9628810286521912,0.5031400918960571,0.5029079914093018
mvtec,0,4,screw,screw-thread_side-010,124,D:\STUDY\My_github\sci_project\data\mvtec\screw\test\thread_side\010.png,0.24579083919525146,0.08801098167896271,0.7260461449623108,0.4802553057670593,0.20487073063850403,0.9830492734909058,0.8782853484153748,0.8368510007858276
mvtec,0,4,screw,screw-thread_side-011,125,D:\STUDY\My_github\sci_project\data\mvtec\screw\test\thread_side\011.png,0.23730522394180298,0.468333899974823,0.71595698595047,0.478651762008667,0.19625219702720642,0.9940794706344604,0.9764010310173035,0.6819484829902649
mvtec,0,4,screw,screw-thread_side-012,126,D:\STUDY\My_github\sci_project\data\mvtec\screw\test\thread_side\012.png,0.4612561762332916,0.6100858449935913,0.7424464225769043,0.28119024634361267,0.13411952555179596,0.982421338558197,0.8583073616027832,0.8190136551856995
mvtec,0,4,screw,screw-thread_side-013,127,D:\STUDY\My_github\sci_project\data\mvtec\screw\test\thread_side\013.png,0.4566197693347931,0.3762282133102417,0.7162017822265625,0.2595820128917694,0.29691970348358154,0.9835342764854431,0.8918564319610596,0.8487250804901123
mvtec,0,4,screw,screw-thread_side-014,128,D:\STUDY\My_github\sci_project\data\mvtec\screw\test\thread_side\014.png,0.49727821350097656,0.12226231396198273,0.7236013412475586,0.22632312774658203,0.2673761248588562,0.9804235696792603,0.7807760238647461,0.7491112947463989
mvtec,0,4,screw,screw-thread_side-015,129,D:\STUDY\My_github\sci_project\data\mvtec\screw\test\thread_side\015.png,0.4604237973690033,0.509143054485321,0.7360953688621521,0.2756715714931488,0.170772522687912,0.9884518384933472,0.9540920257568359,0.8628907203674316
mvtec,0,4,screw,screw-thread_side-016,130,D:\STUDY\My_github\sci_project\data\mvtec\screw\test\thread_side\016.png,0.34499305486679077,0.22023159265518188,0.73350989818573,0.3885168433189392,0.20032429695129395,0.9883538484573364,0.9536677598953247,0.864521861076355
mvtec,0,4,screw,screw-thread_side-017,131,D:\STUDY\My_github\sci_project\data\mvtec\screw\test\thread_side\017.png,0.6088144183158875,0.35542961955070496,0.7212886810302734,0.11247426271438599,0.23657183349132538,0.9928526282310486,0.9708548784255981,0.7272301912307739
mvtec,0,4,screw,screw-thread_side-018,132,D:\STUDY\My_github\sci_project\data\mvtec\screw\test\thread_side\018.png,0.29255539178848267,0.4065605103969574,0.7265543937683105,0.4339990019798279,0.192768856883049,0.9764437675476074,0.6288336515426636,0.6142151355743408
mvtec,0,4,screw,screw-thread_side-019,133,D:\STUDY\My_github\sci_project\data\mvtec\screw\test\thread_side\019.png,0.21449187397956848,0.32852715253829956,0.716417670249939,0.5019257962703705,0.13175034523010254,0.9850482940673828,0.9237812161445618,0.8739450573921204
mvtec,0,4,screw,screw-thread_side-020,134,D:\STUDY\My_github\sci_project\data\mvtec\screw\test\thread_side\020.png,0.60015469789505,0.5155683159828186,0.7553248405456543,0.15517014265060425,0.15721744298934937,0.9716812968254089,0.5382506251335144,0.5344102382659912
mvtec,0,4,screw,screw-thread_side-021,135,D:\STUDY\My_github\sci_project\data\mvtec\screw\test\thread_side\021.png,0.41905996203422546,0.3785950243473053,0.758948802947998,0.3398888409137726,0.14254888892173767,0.9781985282897949,0.6890560984611511,0.6673365831375122
mvtec,0,4,screw,screw-thread_side-022,136,D:\STUDY\My_github\sci_project\data\mvtec\screw\test\thread_side\022.png,0.6357675194740295,0.28092825412750244,0.7490473985671997,0.11327987909317017,0.2752222418785095,0.9884661436080933,0.9541529417037964,0.8626461029052734
mvtec,0,4,screw,screw-thread_top-000,137,D:\STUDY\My_github\sci_project\data\mvtec\screw\test\thread_top\000.png,0.5744471549987793,0.6306990385055542,0.7385257482528687,0.16407859325408936,0.24076542258262634,0.9950889945030212,0.9808176159858704,0.6480230093002319
mvtec,0,4,screw,screw-thread_top-001,138,D:\STUDY\My_github\sci_project\data\mvtec\screw\test\thread_top\001.png,0.6731312274932861,0.6762211322784424,0.7324044704437256,0.05927324295043945,0.28729844093322754,0.9939809441566467,0.9759564995765686,0.6854540705680847
mvtec,0,4,screw,screw-thread_top-002,139,D:\STUDY\My_github\sci_project\data\mvtec\screw\test\thread_top\002.png,0.5344510078430176,0.36542361974716187,0.7573478817939758,0.22289687395095825,0.20350679755210876,0.9799742698669434,0.7617944478988647,0.732082724571228
mvtec,0,4,screw,screw-thread_top-003,140,D:\STUDY\My_github\sci_project\data\mvtec\screw\test\thread_top\003.png,0.3563689589500427,0.3828112781047821,0.7480334043502808,0.39166444540023804,0.16806714236736298,0.9665860533714294,0.5092207789421082,0.5084478855133057
mvtec,0,4,screw,screw-thread_top-004,141,D:\STUDY\My_github\sci_project\data\mvtec\screw\test\thread_top\004.png,0.5292618870735168,0.301031231880188,0.7513794898986816,0.2221176028251648,0.2458689957857132,0.9901086091995239,0.9601268172264099,0.8240675330162048
mvtec,0,4,screw,screw-thread_top-005,142,D:\STUDY\My_github\sci_project\data\mvtec\screw\test\thread_top\005.png,0.5855057835578918,0.4795736074447632,0.7240256071090698,0.13851982355117798,0.21959328651428223,0.9857341051101685,0.9335866570472717,0.879263162612915
mvtec,0,4,screw,screw-thread_top-006,143,D:\STUDY\My_github\sci_project\data\mvtec\screw\test\thread_top\006.png,0.6423996090888977,0.6796647906303406,0.7537128925323486,0.11131328344345093,0.2189132422208786,0.9869899153709412,0.945862889289856,0.8791354894638062
mvtec,0,4,screw,screw-thread_top-007,144,D:\STUDY\My_github\sci_project\data\mvtec\screw\test\thread_top\007.png,0.6120585799217224,0.1991538405418396,0.6973534226417542,0.08529484272003174,0.24724584817886353,0.9885768294334412,0.9546153545379639,0.8606979846954346
mvtec,0,4,screw,screw-thread_top-008,145,D:\STUDY\My_github\sci_project\data\mvtec\screw\test\thread_top\008.png,0.4881918430328369,0.2779424786567688,0.6982426643371582,0.2100508213043213,0.1871112734079361,0.9869712591171265,0.9457235336303711,0.8792306780815125
mvtec,0,4,screw,screw-thread_top-009,146,D:\STUDY\My_github\sci_project\data\mvtec\screw\test\thread_top\009.png,0.6691015958786011,0.6189506649971008,0.7365546226501465,0.06745302677154541,0.1644246131181717,0.987036406993866,0.9462054371833801,0.8788861036300659
mvtec,0,4,screw,screw-thread_top-010,147,D:\STUDY\My_github\sci_project\data\mvtec\screw\test\thread_top\010.png,0.290235310792923,0.4010046124458313,0.7047945261001587,0.4145592153072357,0.2398817092180252,0.9950273633003235,0.980557918548584,0.6499783992767334
mvtec,0,4,screw,screw-thread_top-011,148,D:\STUDY\My_github\sci_project\data\mvtec\screw\test\thread_top\011.png,0.6494265794754028,0.5788000822067261,0.7434960603713989,0.0940694808959961,0.22635029256343842,0.9810731410980225,0.8076702356338501,0.7733267545700073
mvtec,0,4,screw,screw-thread_top-012,149,D:\STUDY\My_github\sci_project\data\mvtec\screw\test\thread_top\012.png,0.5569620132446289,0.3832058608531952,0.7266473770141602,0.16968536376953125,0.15948036313056946,0.9811073541641235,0.8090556263923645,0.7745764255523682
mvtec,0,4,screw,screw-thread_top-013,150,D:\STUDY\My_github\sci_project\data\mvtec\screw\test\thread_top\013.png,0.4755347967147827,0.659235954284668,0.725390613079071,0.24985581636428833,0.31214842200279236,0.9827059507369995,0.8676888346672058,0.8274235725402832
mvtec,0,4,screw,screw-thread_top-014,151,D:\STUDY\My_github\sci_project\data\mvtec\screw\test\thread_top\014.png,0.5696549415588379,0.3558984696865082,0.7155804634094238,0.14592552185058594,0.26325467228889465,0.9826701283454895,0.8665372133255005,0.8263937830924988
mvtec,0,4,screw,screw-thread_top-015,152,D:\STUDY\My_github\sci_project\data\mvtec\screw\test\thread_top\015.png,0.48618775606155396,0.288407564163208,0.7049527168273926,0.21876496076583862,0.1680619716644287,0.9829638004302979,0.8757228255271912,0.8345804214477539
mvtec,0,4,screw,screw-thread_top-016,153,D:\STUDY\My_github\sci_project\data\mvtec\screw\test\thread_top\016.png,0.48839208483695984,0.6004894971847534,0.7164490818977356,0.22805699706077576,0.1742343157529831,0.9923734068870544,0.9687541723251343,0.7454003691673279
mvtec,0,4,screw,screw-thread_top-017,154,D:\STUDY\My_github\sci_project\data\mvtec\screw\test\thread_top\017.png,0.7266176342964172,0.26795607805252075,0.743468701839447,0.016851067543029785,0.19119738042354584,0.9848442673683167,0.92034912109375,0.8716251850128174
mvtec,0,4,screw,screw-thread_top-018,155,D:\STUDY\My_github\sci_project\data\mvtec\screw\test\thread_top\018.png,0.40349406003952026,0.1877339780330658,0.7106684446334839,0.3071743845939636,0.22137778997421265,0.9753750562667847,0.5998054146766663,0.5886866450309753
mvtec,0,4,screw,screw-thread_top-019,156,D:\STUDY\My_github\sci_project\data\mvtec\screw\test\thread_top\019.png,0.6367072463035583,0.5654510855674744,0.7316709160804749,0.0949636697769165,0.2720290422439575,0.9806575179100037,0.790570080280304,0.7579187750816345
mvtec,0,4,screw,screw-thread_top-020,157,D:\STUDY\My_github\sci_project\data\mvtec\screw\test\thread_top\020.png,0.673913836479187,0.7665922045707703,0.7057819962501526,0.031868159770965576,0.3109508156776428,0.9945205450057983,0.9783681631088257,0.6666508913040161
mvtec,0,4,screw,screw-thread_top-021,158,D:\STUDY\My_github\sci_project\data\mvtec\screw\test\thread_top\021.png,0.525234580039978,0.3038936257362366,0.7676964998245239,0.2424619197845459,0.22884565591812134,0.973853349685669,0.5680121183395386,0.5607097148895264
mvtec,0,4,screw,screw-thread_top-022,159,D:\STUDY\My_github\sci_project\data\mvtec\screw\test\thread_top\022.png,0.49688902497291565,0.9013832807540894,0.7304881811141968,0.23359915614128113,0.1740138828754425,0.9855152368545532,0.9307316541671753,0.877980649471283
mvtec,0,4,tile,tile-crack-000,0,D:\STUDY\My_github\sci_project\data\mvtec\tile\test\crack\000.png,0.5712027549743652,0.604218602180481,0.6724019050598145,0.10119915008544922,0.5648003816604614,0.9920440912246704,0.9999984502792358,0.5000103712081909
mvtec,0,4,tile,tile-crack-001,1,D:\STUDY\My_github\sci_project\data\mvtec\tile\test\crack\001.png,0.5452050566673279,0.4005201458930969,0.6985489130020142,0.15334385633468628,0.5198351144790649,0.9923845529556274,0.9999985098838806,0.5000098347663879
mvtec,0,4,tile,tile-crack-002,2,D:\STUDY\My_github\sci_project\data\mvtec\tile\test\crack\002.png,0.567718505859375,0.6641414165496826,0.6874581575393677,0.11973965167999268,0.542036235332489,0.9847618341445923,0.9999976754188538,0.50002521276474
mvtec,0,4,tile,tile-crack-003,3,D:\STUDY\My_github\sci_project\data\mvtec\tile\test\crack\003.png,0.5678468942642212,0.5139936804771423,0.6827654838562012,0.11491858959197998,0.573054850101471,0.987415611743927,0.9999979734420776,0.5000192523002625
mvtec,0,4,tile,tile-crack-004,4,D:\STUDY\My_github\sci_project\data\mvtec\tile\test\crack\004.png,0.6379688382148743,0.8154956698417664,0.754691481590271,0.11672264337539673,0.48147687315940857,0.9984307885169983,0.9999988675117493,0.500002384185791
mvtec,0,4,tile,tile-crack-005,5,D:\STUDY\My_github\sci_project\data\mvtec\tile\test\crack\005.png,0.7704390287399292,0.7295558452606201,0.7737318277359009,0.0032927989959716797,0.45739325881004333,0.9594161510467529,0.9999856352806091,0.5002194046974182
mvtec,0,4,tile,tile-crack-006,6,D:\STUDY\My_github\sci_project\data\mvtec\tile\test\crack\006.png,0.5637742280960083,0.7222374677658081,0.7245466709136963,0.160772442817688,0.606025218963623,0.99268639087677,0.9999985098838806,0.5000092387199402
mvtec,0,4,tile,tile-crack-007,7,D:\STUDY\My_github\sci_project\data\mvtec\tile\test\crack\007.png,0.607699990272522,0.7298232913017273,0.7235713601112366,0.1158713698387146,0.5498029589653015,0.9933322072029114,0.9999985694885254,0.5000087022781372
mvtec,0,4,tile,tile-crack-008,8,D:\STUDY\My_github\sci_project\data\mvtec\tile\test\crack\008.png,0.5980660915374756,0.7134157419204712,0.7045071125030518,0.10644102096557617,0.4870802164077759,0.9938110709190369,0.9999986290931702,0.5000075697898865
mvtec,0,4,tile,tile-crack-009,9,D:\STUDY\My_github\sci_project\data\mvtec\tile\test\crack\009.png,0.5370044708251953,0.624435544013977,0.64162677526474,0.10462230443954468,0.540795624256134,0.9901464581489563,0.9999982714653015,0.5000137090682983
mvtec,0,4,tile,tile-crack-010,10,D:\STUDY\My_github\sci_project\data\mvtec\tile\test\crack\010.png,0.5077004432678223,0.6490504145622253,0.7117154002189636,0.20401495695114136,0.5533905029296875,0.9973202347755432,0.9999988079071045,0.5000035166740417
mvtec,0,4,tile,tile-crack-011,11,D:\STUDY\My_github\sci_project\data\mvtec\tile\test\crack\011.png,0.6019645929336548,0.7434755563735962,0.6907703876495361,0.08880579471588135,0.45710790157318115,0.9903417825698853,0.9999983310699463,0.5000131726264954
mvtec,0,4,tile,tile-crack-012,12,D:\STUDY\My_github\sci_project\data\mvtec\tile\test\crack\012.png,0.5547099113464355,0.6270418763160706,0.6351895332336426,0.08047962188720703,0.5287903547286987,0.9947032332420349,0.9999986886978149,0.500006377696991
mvtec,0,4,tile,tile-crack-013,13,D:\STUDY\My_github\sci_project\data\mvtec\tile\test\crack\013.png,0.6182461977005005,0.7304513454437256,0.5917704701423645,-0.026475727558135986,0.47594285011291504,0.986723005771637,0.9999979138374329,0.5000203251838684
mvtec,0,4,tile,tile-crack-014,14,D:\STUDY\My_github\sci_project\data\mvtec\tile\test\crack\014.png,0.6429252624511719,0.7402607202529907,0.7465925216674805,0.1036672592163086,0.4817977547645569,0.9982696771621704,0.9999988675117493,0.500002384185791
mvtec,0,4,tile,tile-crack-015,15,D:\STUDY\My_github\sci_project\data\mvtec\tile\test\crack\015.png,0.6806434392929077,0.7217998504638672,0.7409644722938538,0.060321033000946045,0.46220314502716064,0.9928279519081116,0.9999985098838806,0.5000092387199402
mvtec,0,4,tile,tile-crack-016,16,D:\STUDY\My_github\sci_project\data\mvtec\tile\test\crack\016.png,0.5348045825958252,0.6769313812255859,0.6996219158172607,0.16481733322143555,0.4602925777435303,0.9886046648025513,0.999998152256012,0.5000165104866028
mvtec,0,4,tile,tile-glue_strip-000,17,D:\STUDY\My_github\sci_project\data\mvtec\tile\test\glue_strip\000.png,0.6932098865509033,0.785351574420929,0.8566319942474365,0.1634221076965332,0.5713024735450745,0.9954754710197449,0.9999986886978149,0.500005841255188
mvtec,0,4,tile,tile-glue_strip-001,18,D:\STUDY\My_github\sci_project\data\mvtec\tile\test\glue_strip\001.png,0.6428380012512207,0.6564853191375732,0.8627355694770813,0.2198975682258606,0.5406021475791931,0.9978700876235962,0.9999988675117493,0.500002920627594
mvtec,0,4,tile,tile-glue_strip-002,19,D:\STUDY\My_github\sci_project\data\mvtec\tile\test\glue_strip\002.png,0.5733626484870911,0.5003915429115295,0.8092389106750488,0.23587626218795776,0.5312723517417908,0.9862726330757141,0.9999978542327881,0.5000213980674744
mvtec,0,4,tile,tile-glue_strip-003,20,D:\STUDY\My_github\sci_project\data\mvtec\tile\test\glue_strip\003.png,0.2553524971008301,0.25089702010154724,0.610787570476532,0.3554350733757019,0.5551495552062988,0.9894360303878784,0.9999982118606567,0.5000148415565491
mvtec,0,4,tile,tile-glue_strip-004,21,D:\STUDY\My_github\sci_project\data\mvtec\tile\test\glue_strip\004.png,0.566582977771759,0.6107211112976074,0.8356763124465942,0.2690933346748352,0.599529504776001,0.9984241724014282,0.9999988675117493,0.500002384185791
mvtec,0,4,tile,tile-glue_strip-005,22,D:\STUDY\My_github\sci_project\data\mvtec\tile\test\glue_strip\005.png,0.6033089756965637,0.7102662324905396,0.8699705600738525,0.2666615843772888,0.6094532608985901,0.9880416393280029,0.9999980926513672,0.5000175833702087
mvtec,0,4,tile,tile-glue_strip-006,23,D:\STUDY\My_github\sci_project\data\mvtec\tile\test\glue_strip\006.png,0.4963850975036621,0.5225895047187805,0.8008061647415161,0.304421067237854,0.6235054731369019,0.9972214698791504,0.9999988079071045,0.5000035166740417
mvtec,0,4,tile,tile-glue_strip-007,24,D:\STUDY\My_github\sci_project\data\mvtec\tile\test\glue_strip\007.png,0.5087373852729797,0.5056484937667847,0.7526934146881104,0.24395602941513062,0.4971931278705597,0.9880114197731018,0.9999980926513672,0.5000175833702087
mvtec,0,4,tile,tile-glue_strip-008,25,D:\STUDY\My_github\sci_project\data\mvtec\tile\test\glue_strip\008.png,0.5898339152336121,0.6658589839935303,0.8398333191871643,0.24999940395355225,0.5239061713218689,0.9956694841384888,0.9999987483024597,0.5000052452087402
mvtec,0,4,tile,tile-glue_strip-009,26,D:\STUDY\My_github\sci_project\data\mvtec\tile\test\glue_strip\009.png,0.7252311706542969,0.9189313650131226,0.8637378811836243,0.1385067105293274,0.5687774419784546,0.9895378351211548,0.9999982118606567,0.5000148415565491
mvtec,0,4,tile,tile-glue_strip-010,27,D:\STUDY\My_github\sci_project\data\mvtec\tile\test\glue_strip\010.png,0.4705147445201874,0.41533470153808594,0.5570299029350281,0.0865151584148407,0.548301100730896,0.9902938604354858,0.9999983310699463,0.5000131726264954
mvtec,0,4,tile,tile-glue_strip-011,28,D:\STUDY\My_github\sci_project\data\mvtec\tile\test\glue_strip\011.png,0.5671796202659607,0.6327767968177795,0.8186957240104675,0.25151610374450684,0.5715850591659546,0.9969717264175415,0.9999988079071045,0.5000041127204895
mvtec,0,4,tile,tile-glue_strip-012,29,D:\STUDY\My_github\sci_project\data\mvtec\tile\test\glue_strip\012.png,0.5537912845611572,0.5952557325363159,0.7804033756256104,0.22661209106445312,0.630660891532898,0.9982136487960815,0.9999988675117493,0.500002920627594
mvtec,0,4,tile,tile-glue_strip-013,30,D:\STUDY\My_github\sci_project\data\mvtec\tile\test\glue_strip\013.png,0.764529824256897,0.8542113900184631,0.8909130096435547,0.12638318538665771,0.53077232837677,0.9960768818855286,0.9999987483024597,0.5000046491622925
mvtec,0,4,tile,tile-glue_strip-014,31,D:\STUDY\My_github\sci_project\data\mvtec\tile\test\glue_strip\014.png,0.5731094479560852,0.6054466366767883,0.8832947015762329,0.3101852536201477,0.6462323665618896,0.9949089884757996,0.9999986886978149,0.500006377696991
mvtec,0,4,tile,tile-glue_strip-015,32,D:\STUDY\My_github\sci_project\data\mvtec\tile\test\glue_strip\015.png,0.6412660479545593,0.6506302356719971,0.8355330228805542,0.19426697492599487,0.5501930713653564,0.9927612543106079,0.9999985098838806,0.5000092387199402
mvtec,0,4,tile,tile-glue_strip-016,33,D:\STUDY\My_github\sci_project\data\mvtec\tile\test\glue_strip\016.png,0.7233127951622009,0.858547568321228,0.8655256032943726,0.14221280813217163,0.6117164492607117,0.998485267162323,0.9999988675117493,0.500002384185791
mvtec,0,4,tile,tile-glue_strip-017,34,D:\STUDY\My_github\sci_project\data\mvtec\tile\test\glue_strip\017.png,0.5565555095672607,0.5897971391677856,0.81013423204422,0.25357872247695923,0.5503126382827759,0.9976606369018555,0.9999988675117493,0.500002920627594
mvtec,0,4,tile,tile-gray_stroke-000,68,D:\STUDY\My_github\sci_project\data\mvtec\tile\test\gray_stroke\000.png,0.579285740852356,0.8715985417366028,0.8968686461448669,0.317582905292511,0.29253727197647095,0.9806430339813232,0.9999969005584717,0.5000384449958801
mvtec,0,4,tile,tile-gray_stroke-001,69,D:\STUDY\My_github\sci_project\data\mvtec\tile\test\gray_stroke\001.png,0.6732496619224548,0.8001935482025146,0.8349969983100891,0.16174733638763428,0.35224899649620056,0.9880947470664978,0.9999980926513672,0.5000175833702087
mvtec,0,4,tile,tile-gray_stroke-002,70,D:\STUDY\My_github\sci_project\data\mvtec\tile\test\gray_stroke\002.png,0.6451377868652344,0.12242738902568817,0.6265740394592285,-0.01856374740600586,0.2578245997428894,0.9455826878547668,0.9999579787254333,0.5006126761436462
mvtec,0,4,tile,tile-gray_stroke-003,71,D:\STUDY\My_github\sci_project\data\mvtec\tile\test\gray_stroke\003.png,0.5735193490982056,0.7772384285926819,0.8075564503669739,0.2340371012687683,0.25716549158096313,0.9981757402420044,0.9999988675117493,0.500002920627594
mvtec,0,4,tile,tile-gray_stroke-004,72,D:\STUDY\My_github\sci_project\data\mvtec\tile\test\gray_stroke\004.png,0.6335259675979614,0.671486496925354,0.8106727600097656,0.1771467924118042,0.3362807333469391,0.9852513074874878,0.9999977350234985,0.500024139881134
mvtec,0,4,tile,tile-gray_stroke-005,73,D:\STUDY\My_github\sci_project\data\mvtec\tile\test\gray_stroke\005.png,0.617435097694397,0.7916020750999451,0.7766419649124146,0.15920686721801758,0.27327147126197815,0.9872395396232605,0.9999979734420776,0.5000192523002625
mvtec,0,4,tile,tile-gray_stroke-006,74,D:\STUDY\My_github\sci_project\data\mvtec\tile\test\gray_stroke\006.png,0.5836448073387146,0.8054264187812805,0.8418586850166321,0.2582138776779175,0.25435829162597656,0.9912802577018738,0.9999983906745911,0.5000115036964417
mvtec,0,4,tile,tile-gray_stroke-007,75,D:\STUDY\My_github\sci_project\data\mvtec\tile\test\gray_stroke\007.png,0.5411019921302795,0.8514435291290283,0.8586052656173706,0.31750327348709106,0.36430037021636963,0.9980353713035583,0.9999988675117493,0.500002920627594
mvtec,0,4,tile,tile-gray_stroke-008,76,D:\STUDY\My_github\sci_project\data\mvtec\tile\test\gray_stroke\008.png,0.6282538771629333,0.7574897408485413,0.8499443531036377,0.22169047594070435,0.31470489501953125,0.9803337454795837,0.9999968409538269,0.5000395178794861
mvtec,0,4,tile,tile-gray_stroke-009,77,D:\STUDY\My_github\sci_project\data\mvtec\tile\test\gray_stroke\009.png,0.6154640316963196,0.8561652898788452,0.8232566118240356,0.20779258012771606,0.26727622747421265,0.9764556288719177,0.9999958872795105,0.5000559687614441
mvtec,0,4,tile,tile-gray_stroke-010,78,D:\STUDY\My_github\sci_project\data\mvtec\tile\test\gray_stroke\010.png,0.5875258445739746,0.7201853394508362,0.8137134313583374,0.2261875867843628,0.3063417375087738,0.9934733510017395,0.9999985694885254,0.5000081062316895
mvtec,0,4,tile,tile-gray_stroke-011,79,D:\STUDY\My_github\sci_project\data\mvtec\tile\test\gray_stroke\011.png,0.5916205644607544,0.4702446460723877,0.7164310216903687,0.12481045722961426,0.2695164680480957,0.961051344871521,0.9999873042106628,0.5001935362815857
mvtec,0,4,tile,tile-gray_stroke-012,80,D:\STUDY\My_github\sci_project\data\mvtec\tile\test\gray_stroke\012.png,0.5949313640594482,0.42119500041007996,0.8205915689468384,0.22566020488739014,0.21381229162216187,0.8897743225097656,0.9967606663703918,0.5296314358711243
mvtec,0,4,tile,tile-gray_stroke-013,81,D:\STUDY\My_github\sci_project\data\mvtec\tile\test\gray_stroke\013.png,0.6629911661148071,0.6389373540878296,0.8039965033531189,0.14100533723831177,0.25734880566596985,0.9529924392700195,0.999976396560669,0.5003551244735718
mvtec,0,4,tile,tile-gray_stroke-014,82,D:\STUDY\My_github\sci_project\data\mvtec\tile\test\gray_stroke\014.png,0.6282793879508972,0.48234084248542786,0.8079291582107544,0.17964977025985718,0.3395724594593048,0.9869531393051147,0.9999979138374329,0.5000203251838684
mvtec,0,4,tile,tile-gray_stroke-015,83,D:\STUDY\My_github\sci_project\data\mvtec\tile\test\gray_stroke\015.png,0.7458156943321228,0.8522854447364807,0.8589299917221069,0.11311429738998413,0.27010437846183777,0.9704501628875732,0.9999937415122986,0.5000923275947571
mvtec,0,4,tile,tile-oil-000,84,D:\STUDY\My_github\sci_project\data\mvtec\tile\test\oil\000.png,0.558490514755249,0.6388311386108398,0.807765007019043,0.24927449226379395,0.6453758478164673,0.9983818531036377,0.9999988675117493,0.500002384185791
mvtec,0,4,tile,tile-oil-001,85,D:\STUDY\My_github\sci_project\data\mvtec\tile\test\oil\001.png,0.5769562721252441,0.6321074962615967,0.8648325204849243,0.2878762483596802,0.5588452219963074,0.997015118598938,0.9999988079071045,0.5000041127204895
mvtec,0,4,tile,tile-oil-002,86,D:\STUDY\My_github\sci_project\data\mvtec\tile\test\oil\002.png,0.5147192478179932,0.6020349860191345,0.7903056144714355,0.2755863666534424,0.5299826860427856,0.9969502091407776,0.9999988079071045,0.5000041127204895
mvtec,0,4,tile,tile-oil-003,87,D:\STUDY\My_github\sci_project\data\mvtec\tile\test\oil\003.png,0.5802904367446899,0.579457700252533,0.8453931212425232,0.26510268449783325,0.572710394859314,0.997739315032959,0.9999988675117493,0.500002920627594
mvtec,0,4,tile,tile-oil-004,88,D:\STUDY\My_github\sci_project\data\mvtec\tile\test\oil\004.png,0.6846507787704468,0.4871964454650879,0.8152680397033691,0.13061726093292236,0.5743407011032104,0.9928308129310608,0.9999985098838806,0.5000092387199402
mvtec,0,4,tile,tile-oil-005,89,D:\STUDY\My_github\sci_project\data\mvtec\tile\test\oil\005.png,0.5293240547180176,0.5971795916557312,0.8091409206390381,0.2798168659210205,0.6250478029251099,0.9985151886940002,0.9999988675117493,0.500002384185791
mvtec,0,4,tile,tile-oil-006,90,D:\STUDY\My_github\sci_project\data\mvtec\tile\test\oil\006.png,0.49783027172088623,0.6174108982086182,0.7477342486381531,0.24990397691726685,0.5269112586975098,0.9980655312538147,0.9999988675117493,0.500002920627594
mvtec,0,4,tile,tile-oil-007,91,D:\STUDY\My_github\sci_project\data\mvtec\tile\test\oil\007.png,0.5117584466934204,0.5761156678199768,0.7994483113288879,0.28768986463546753,0.5326648950576782,0.997494101524353,0.9999988079071045,0.5000035166740417
mvtec,0,4,tile,tile-oil-008,92,D:\STUDY\My_github\sci_project\data\mvtec\tile\test\oil\008.png,0.4980962872505188,0.6278121471405029,0.8107707500457764,0.31267446279525757,0.5809199810028076,0.9965568780899048,0.9999987483024597,0.5000046491622925
mvtec,0,4,tile,tile-oil-009,93,D:\STUDY\My_github\sci_project\data\mvtec\tile\test\oil\009.png,0.5865991115570068,0.661433756351471,0.8111993670463562,0.22460025548934937,0.6057761907577515,0.9976373910903931,0.9999988079071045,0.5000035166740417
mvtec,0,4,tile,tile-oil-010,94,D:\STUDY\My_github\sci_project\data\mvtec\tile\test\oil\010.png,0.6024095416069031,0.5218425393104553,0.8482686877250671,0.24585914611816406,0.6078256368637085,0.9934085607528687,0.9999985694885254,0.5000081062316895
mvtec,0,4,tile,tile-oil-011,95,D:\STUDY\My_github\sci_project\data\mvtec\tile\test\oil\011.png,0.583564281463623,0.6432867050170898,0.8592816591262817,0.2757173776626587,0.5757905840873718,0.9976624250411987,0.9999988675117493,0.500002920627594
mvtec,0,4,tile,tile-oil-012,96,D:\STUDY\My_github\sci_project\data\mvtec\tile\test\oil\012.png,0.563474714756012,0.5543689727783203,0.873319149017334,0.309844434261322,0.5576398372650146,0.9965000152587891,0.9999987483024597,0.5000046491622925
mvtec,0,4,tile,tile-oil-013,97,D:\STUDY\My_github\sci_project\data\mvtec\tile\test\oil\013.png,0.580324649810791,0.6386668682098389,0.8619743585586548,0.28164970874786377,0.5281471014022827,0.9967150688171387,0.9999988079071045,0.5000041127204895
mvtec,0,4,tile,tile-oil-014,98,D:\STUDY\My_github\sci_project\data\mvtec\tile\test\oil\014.png,0.5424644947052002,0.5523197650909424,0.7385891675949097,0.19612467288970947,0.6698635220527649,0.9977486729621887,0.9999988675117493,0.500002920627594
mvtec,0,4,tile,tile-oil-015,99,D:\STUDY\My_github\sci_project\data\mvtec\tile\test\oil\015.png,0.4764440655708313,0.5595406293869019,0.7758112549781799,0.29936718940734863,0.6047340035438538,0.9960092306137085,0.9999987483024597,0.5000052452087402
mvtec,0,4,tile,tile-oil-016,100,D:\STUDY\My_github\sci_project\data\mvtec\tile\test\oil\016.png,0.5528637766838074,0.5837975144386292,0.6820332407951355,0.12916946411132812,0.6183833479881287,0.9970014691352844,0.9999988079071045,0.5000041127204895
mvtec,0,4,tile,tile-oil-017,101,D:\STUDY\My_github\sci_project\data\mvtec\tile\test\oil\017.png,0.5293533205986023,0.6133309602737427,0.6785584688186646,0.14920514822006226,0.7449067831039429,0.9979592561721802,0.9999988675117493,0.500002920627594
mvtec,0,4,tile,tile-rough-000,102,D:\STUDY\My_github\sci_project\data\mvtec\tile\test\rough\000.png,0.6557430028915405,0.7742453813552856,0.8482103943824768,0.19246739149093628,0.38469892740249634,0.9907097816467285,0.9999983310699463,0.5000126361846924
mvtec,0,4,tile,tile-rough-001,103,D:\STUDY\My_github\sci_project\data\mvtec\tile\test\rough\001.png,0.5890699625015259,0.6919271349906921,0.7623301148414612,0.1732601523399353,0.42133399844169617,0.9931366443634033,0.9999985694885254,0.5000087022781372
mvtec,0,4,tile,tile-rough-002,104,D:\STUDY\My_github\sci_project\data\mvtec\tile\test\rough\002.png,0.5585064888000488,0.6238471865653992,0.8347330689430237,0.27622658014297485,0.4236665666103363,0.9937739372253418,0.9999985694885254,0.5000081062316895
mvtec,0,4,tile,tile-rough-003,105,D:\STUDY\My_github\sci_project\data\mvtec\tile\test\rough\003.png,0.5010491609573364,0.27932411432266235,0.683661699295044,0.18261253833770752,0.35733023285865784,0.9840037226676941,0.9999975562095642,0.5000273585319519
mvtec,0,4,tile,tile-rough-004,106,D:\STUDY\My_github\sci_project\data\mvtec\tile\test\rough\004.png,0.3428843021392822,-0.07748541235923767,-0.23360610008239746,-0.5764904022216797,0.46695080399513245,0.9261918067932129,0.9998071789741516,0.5024586915969849
mvtec,0,4,tile,tile-rough-005,107,D:\STUDY\My_github\sci_project\data\mvtec\tile\test\rough\005.png,0.5930576324462891,0.010804004967212677,0.014678657054901123,-0.5783789753913879,0.3271576166152954,0.9232646226882935,0.9997572898864746,0.5030218958854675
mvtec,0,4,tile,tile-rough-006,108,D:\STUDY\My_github\sci_project\data\mvtec\tile\test\rough\006.png,0.49391382932662964,0.022032752633094788,0.0414561927318573,-0.45245763659477234,0.2567133903503418,0.8902199864387512,0.9968666434288025,0.5287799835205078
mvtec,0,4,tile,tile-rough-007,109,D:\STUDY\My_github\sci_project\data\mvtec\tile\test\rough\007.png,0.4447176456451416,-0.01469208113849163,-0.08138713240623474,-0.5261047780513763,0.29465046525001526,0.9583970904350281,0.9999844431877136,0.5002369284629822
mvtec,0,4,tile,tile-rough-008,110,D:\STUDY\My_github\sci_project\data\mvtec\tile\test\rough\008.png,0.5239512324333191,0.03727579489350319,0.2610253691673279,-0.2629258632659912,0.28972184658050537,0.9489222168922424,0.999967634677887,0.5004795789718628
mvtec,0,4,tile,tile-rough-009,111,D:\STUDY\My_github\sci_project\data\mvtec\tile\test\rough\009.png,0.534052312374115,0.18372943997383118,0.6389248371124268,0.10487252473831177,0.4493671655654907,0.9812831878662109,0.999997079372406,0.50003582239151
mvtec,0,4,tile,tile-rough-010,112,D:\STUDY\My_github\sci_project\data\mvtec\tile\test\rough\010.png,0.4679114520549774,0.44209420680999756,0.7483888268470764,0.280477374792099,0.3052186667919159,0.9779869914054871,0.9999963045120239,0.500048816204071
mvtec,0,4,tile,tile-rough-011,113,D:\STUDY\My_github\sci_project\data\mvtec\tile\test\rough\011.png,0.5737684965133667,0.6504865288734436,0.7674528360366821,0.19368433952331543,0.5033215880393982,0.9925730228424072,0.9999985098838806,0.5000098347663879
mvtec,0,4,tile,tile-rough-012,114,D:\STUDY\My_github\sci_project\data\mvtec\tile\test\rough\012.png,0.2641442120075226,0.11902965605258942,0.4092121720314026,0.14506796002388,0.1989443153142929,0.9339427947998047,0.9998952150344849,0.5014179348945618
mvtec,0,4,tile,tile-rough-013,115,D:\STUDY\My_github\sci_project\data\mvtec\tile\test\rough\013.png,0.4459388852119446,0.26400452852249146,0.576785683631897,0.1308467984199524,0.543516218662262,0.9906580448150635,0.9999983310699463,0.5000126361846924
mvtec,0,4,tile,tile-rough-014,116,D:\STUDY\My_github\sci_project\data\mvtec\tile\test\rough\014.png,0.35985326766967773,0.013316549360752106,0.05230030417442322,-0.3075529634952545,0.3467133641242981,0.8984076976776123,0.9983150959014893,0.5167204141616821
mvtec,0,4,toothbrush,toothbrush-defective-000,0,D:\STUDY\My_github\sci_project\data\mvtec\toothbrush\test\defective\000.png,0.5610870122909546,0.5953114032745361,0.6046063899993896,0.04351937770843506,0.40781912207603455,0.9835107326507568,0.9715535044670105,0.7213218808174133
mvtec,0,4,toothbrush,toothbrush-defective-001,1,D:\STUDY\My_github\sci_project\data\mvtec\toothbrush\test\defective\001.png,0.6100255250930786,0.4978485107421875,0.6446765661239624,0.03465104103088379,0.3246135711669922,0.9814155101776123,0.9693726301193237,0.7399863600730896
mvtec,0,4,toothbrush,toothbrush-defective-002,2,D:\STUDY\My_github\sci_project\data\mvtec\toothbrush\test\defective\002.png,0.566971480846405,0.5195949077606201,0.6097923517227173,0.042820870876312256,0.46168777346611023,0.9935556054115295,0.9819828271865845,0.6392960548400879
mvtec,0,4,toothbrush,toothbrush-defective-003,3,D:\STUDY\My_github\sci_project\data\mvtec\toothbrush\test\defective\003.png,0.6345444917678833,0.5023826360702515,0.622730553150177,-0.011813938617706299,0.32230526208877563,0.9856591820716858,0.9738379716873169,0.7024350762367249
mvtec,0,4,toothbrush,toothbrush-defective-004,4,D:\STUDY\My_github\sci_project\data\mvtec\toothbrush\test\defective\004.png,0.740081787109375,0.6206657290458679,0.6372337341308594,-0.10284805297851562,0.398984432220459,0.9862311482429504,0.974449098110199,0.6974875926971436
mvtec,0,4,toothbrush,toothbrush-defective-005,5,D:\STUDY\My_github\sci_project\data\mvtec\toothbrush\test\defective\005.png,0.7064688205718994,0.5948750376701355,0.6428786516189575,-0.0635901689529419,0.4484439194202423,0.9837514758110046,0.9718077778816223,0.7191872596740723
mvtec,0,4,toothbrush,toothbrush-defective-006,6,D:\STUDY\My_github\sci_project\data\mvtec\toothbrush\test\defective\006.png,0.6890612840652466,0.37679624557495117,0.6571924686431885,-0.031868815422058105,0.34802356362342834,0.9793316125869751,0.9672844409942627,0.7584830522537231
mvtec,0,4,toothbrush,toothbrush-defective-007,7,D:\STUDY\My_github\sci_project\data\mvtec\toothbrush\test\defective\007.png,0.6976261734962463,0.7036702632904053,0.6281446218490601,-0.06948155164718628,0.38536882400512695,0.9838694930076599,0.9719326496124268,0.718142032623291
mvtec,0,4,toothbrush,toothbrush-defective-008,8,D:\STUDY\My_github\sci_project\data\mvtec\toothbrush\test\defective\008.png,0.6297064423561096,0.5137580037117004,0.628957986831665,-0.0007484555244445801,0.40337032079696655,0.9861553311347961,0.9743680953979492,0.6981409788131714
mvtec,0,4,toothbrush,toothbrush-defective-009,9,D:\STUDY\My_github\sci_project\data\mvtec\toothbrush\test\defective\009.png,0.6712403297424316,0.7393110990524292,0.634063720703125,-0.03717660903930664,0.4177694022655487,0.990166425704956,0.9786022305488586,0.6648519039154053
mvtec,0,4,toothbrush,toothbrush-defective-010,10,D:\STUDY\My_github\sci_project\data\mvtec\toothbrush\test\defective\010.png,0.6713541746139526,0.36766690015792847,0.607271671295166,-0.06408250331878662,0.4900425970554352,0.970716655254364,0.9597596526145935,0.8271994590759277
mvtec,0,4,toothbrush,toothbrush-defective-011,11,D:\STUDY\My_github\sci_project\data\mvtec\toothbrush\test\defective\011.png,0.810741126537323,0.6062936186790466,0.6444399952888489,-0.16630113124847412,0.4775046706199646,0.970419704914093,0.9595223069190979,0.8291856646537781
mvtec,0,4,toothbrush,toothbrush-defective-012,12,D:\STUDY\My_github\sci_project\data\mvtec\toothbrush\test\defective\012.png,0.6329904198646545,0.44666582345962524,0.6271178722381592,-0.005872547626495361,0.4882607161998749,0.9830231070518494,0.9710403680801392,0.7256550788879395
mvtec,0,4,toothbrush,toothbrush-defective-013,13,D:\STUDY\My_github\sci_project\data\mvtec\toothbrush\test\defective\013.png,0.7118256092071533,0.5995802879333496,0.645915150642395,-0.0659104585647583,0.37419793009757996,0.9708274006843567,0.959848165512085,0.8264504671096802
mvtec,0,4,toothbrush,toothbrush-defective-014,14,D:\STUDY\My_github\sci_project\data\mvtec\toothbrush\test\defective\014.png,0.653451144695282,0.49184170365333557,0.6435045003890991,-0.009946644306182861,0.5164598822593689,0.9810627102851868,0.9690126180648804,0.7431313395500183
mvtec,0,4,toothbrush,toothbrush-defective-015,15,D:\STUDY\My_github\sci_project\data\mvtec\toothbrush\test\defective\015.png,0.6125727891921997,0.5152667760848999,0.641904354095459,0.029331564903259277,0.5068042278289795,0.9729257822036743,0.9615448117256165,0.8114520907402039
mvtec,0,4,toothbrush,toothbrush-defective-016,16,D:\STUDY\My_github\sci_project\data\mvtec\toothbrush\test\defective\016.png,0.6682258248329163,0.7045148015022278,0.6059353351593018,-0.0622904896736145,0.47330737113952637,0.9801788926124573,0.9681218862533569,0.7509914040565491
mvtec,0,4,toothbrush,toothbrush-defective-017,17,D:\STUDY\My_github\sci_project\data\mvtec\toothbrush\test\defective\017.png,0.6850225925445557,0.41007137298583984,0.6067123413085938,-0.07831025123596191,0.5073882341384888,0.9861741065979004,0.9743881225585938,0.6979790925979614
mvtec,0,4,toothbrush,toothbrush-defective-018,18,D:\STUDY\My_github\sci_project\data\mvtec\toothbrush\test\defective\018.png,0.5137370824813843,0.6261178255081177,0.6507598161697388,0.1370227336883545,0.29154637455940247,0.9704261422157288,0.9595274329185486,0.8291429877281189
mvtec,0,4,toothbrush,toothbrush-defective-019,19,D:\STUDY\My_github\sci_project\data\mvtec\toothbrush\test\defective\019.png,0.5857924222946167,0.5281856656074524,0.628254771232605,0.04246234893798828,0.42437052726745605,0.9703571796417236,0.9594723582267761,0.8295997381210327
mvtec,0,4,toothbrush,toothbrush-defective-020,20,D:\STUDY\My_github\sci_project\data\mvtec\toothbrush\test\defective\020.png,0.6316544413566589,0.6094352006912231,0.6360487341880798,0.0043942928314208984,0.43248122930526733,0.9835938811302185,0.9716412425041199,0.7205842137336731
mvtec,0,4,toothbrush,toothbrush-defective-021,21,D:\STUDY\My_github\sci_project\data\mvtec\toothbrush\test\defective\021.png,0.8386650681495667,0.8626580238342285,0.632568359375,-0.20609670877456665,0.43813595175743103,0.9872903227806091,0.9755792021751404,0.6884441375732422
mvtec,0,4,toothbrush,toothbrush-defective-022,22,D:\STUDY\My_github\sci_project\data\mvtec\toothbrush\test\defective\022.png,0.6257838010787964,0.21883293986320496,0.6838858127593994,0.05810201168060303,0.43164628744125366,0.9452617168426514,0.9036871790885925,0.8587349653244019
mvtec,0,4,toothbrush,toothbrush-defective-023,23,D:\STUDY\My_github\sci_project\data\mvtec\toothbrush\test\defective\023.png,0.6956451535224915,0.6854568719863892,0.6060281991958618,-0.08961695432662964,0.39366984367370605,0.979903519153595,0.9678478837013245,0.7534319758415222
mvtec,0,4,toothbrush,toothbrush-defective-024,24,D:\STUDY\My_github\sci_project\data\mvtec\toothbrush\test\defective\024.png,0.6991429328918457,0.5930726528167725,0.6253111362457275,-0.07383179664611816,0.4411895275115967,0.9795935153961182,0.967541515827179,0.7561731934547424
mvtec,0,4,toothbrush,toothbrush-defective-025,25,D:\STUDY\My_github\sci_project\data\mvtec\toothbrush\test\defective\025.png,0.6423627138137817,0.453439861536026,0.6299703121185303,-0.012392401695251465,0.4551708698272705,0.9798617362976074,0.9678063988685608,0.7538018822669983
mvtec,0,4,toothbrush,toothbrush-defective-026,26,D:\STUDY\My_github\sci_project\data\mvtec\toothbrush\test\defective\026.png,0.7483330965042114,0.7425079345703125,0.6253620386123657,-0.1229710578918457,0.40832290053367615,0.9743105173110962,0.9627009034156799,0.8007916212081909
mvtec,0,4,toothbrush,toothbrush-defective-027,27,D:\STUDY\My_github\sci_project\data\mvtec\toothbrush\test\defective\027.png,0.6009694337844849,0.6441351175308228,0.6119264364242554,0.010957002639770508,0.3614915609359741,0.9820812344551086,0.9700582027435303,0.7340481281280518
mvtec,0,4,toothbrush,toothbrush-defective-028,28,D:\STUDY\My_github\sci_project\data\mvtec\toothbrush\test\defective\028.png,0.5941035747528076,0.38186031579971313,0.6306924819946289,0.03658890724182129,0.4163510501384735,0.9806774258613586,0.9686222672462463,0.7465619444847107
mvtec,0,4,toothbrush,toothbrush-defective-029,29,D:\STUDY\My_github\sci_project\data\mvtec\toothbrush\test\defective\029.png,0.5923978686332703,0.49324825406074524,0.6517754793167114,0.05937761068344116,0.5849462747573853,0.9795011878013611,0.9674506783485413,0.7569881677627563
mvtec,0,4,transistor,transistor-bent_lead-000,0,D:\STUDY\My_github\sci_project\data\mvtec\transistor\test\bent_lead\000.png,0.48617228865623474,0.6357029676437378,0.34603679180145264,-0.1401354968547821,0.25603657960891724,0.8658095598220825,0.6248751878738403,0.6107326149940491
mvtec,0,4,transistor,transistor-bent_lead-001,1,D:\STUDY\My_github\sci_project\data\mvtec\transistor\test\bent_lead\001.png,0.3334116041660309,0.4161425828933716,0.6984926462173462,0.3650810420513153,0.23472125828266144,0.9266734719276428,0.9408809542655945,0.8807822465896606
mvtec,0,4,transistor,transistor-bent_lead-002,2,D:\STUDY\My_github\sci_project\data\mvtec\transistor\test\bent_lead\002.png,0.21817785501480103,0.27921539545059204,0.27816909551620483,0.05999124050140381,0.2364693135023117,0.8259811997413635,0.5222457647323608,0.5201603770256042
mvtec,0,4,transistor,transistor-bent_lead-003,3,D:\STUDY\My_github\sci_project\data\mvtec\transistor\test\bent_lead\003.png,0.3235858082771301,0.5354781746864319,0.36492353677749634,0.04133772850036621,0.2282456010580063,0.9386956691741943,0.9538383483886719,0.8638812899589539
mvtec,0,4,transistor,transistor-bent_lead-004,4,D:\STUDY\My_github\sci_project\data\mvtec\transistor\test\bent_lead\004.png,0.517595648765564,0.819773256778717,0.595991849899292,0.07839620113372803,0.2362443208694458,0.8609406352043152,0.6029678583145142,0.5914673805236816
mvtec,0,4,transistor,transistor-bent_lead-005,5,D:\STUDY\My_github\sci_project\data\mvtec\transistor\test\bent_lead\005.png,0.3557143211364746,0.3338506519794464,0.4508138597011566,0.095099538564682,0.296191930770874,0.8387420177459717,0.5397408604621887,0.5357320308685303
mvtec,0,4,transistor,transistor-bent_lead-006,6,D:\STUDY\My_github\sci_project\data\mvtec\transistor\test\bent_lead\006.png,0.19954529404640198,0.2548312246799469,0.26360058784484863,0.06405529379844666,0.26583296060562134,0.8592867255210876,0.596276044845581,0.5855831503868103
mvtec,0,4,transistor,transistor-bent_lead-007,7,D:\STUDY\My_github\sci_project\data\mvtec\transistor\test\bent_lead\007.png,0.2643169164657593,0.1570395827293396,0.24149757623672485,-0.022819340229034424,0.27439364790916443,0.8807089924812317,0.7119972705841064,0.6876747608184814
mvtec,0,4,transistor,transistor-bent_lead-008,8,D:\STUDY\My_github\sci_project\data\mvtec\transistor\test\bent_lead\008.png,0.1319926232099533,0.3005671501159668,0.24504858255386353,0.11305595934391022,0.27095744013786316,0.8943586349487305,0.8064359426498413,0.7722133994102478
mvtec,0,4,transistor,transistor-bent_lead-009,9,D:\STUDY\My_github\sci_project\data\mvtec\transistor\test\bent_lead\009.png,0.49187472462654114,0.4359292685985565,0.33199435472488403,-0.1598803699016571,0.23196977376937866,0.7892703413963318,0.5039193630218506,0.5036229491233826
mvtec,0,4,transistor,transistor-cut_lead-000,10,D:\STUDY\My_github\sci_project\data\mvtec\transistor\test\cut_lead\000.png,0.09397207200527191,0.05812545120716095,0.0514352023601532,-0.04253686964511871,0.23857513070106506,0.8997823596000671,0.8413681387901306,0.8037517070770264
mvtec,0,4,transistor,transistor-cut_lead-001,11,D:\STUDY\My_github\sci_project\data\mvtec\transistor\test\cut_lead\001.png,0.10225354135036469,0.04680931940674782,0.00903463363647461,-0.09321890771389008,0.22888913750648499,0.904370129108429,0.8675761222839355,0.827322781085968
mvtec,0,4,transistor,transistor-cut_lead-002,12,D:\STUDY\My_github\sci_project\data\mvtec\transistor\test\cut_lead\002.png,0.21774296462535858,0.16555063426494598,0.2751050591468811,0.05736209452152252,0.23632988333702087,0.9252775311470032,0.9385666251182556,0.8806602954864502
mvtec,0,4,transistor,transistor-cut_lead-003,13,D:\STUDY\My_github\sci_project\data\mvtec\transistor\test\cut_lead\003.png,0.07763686776161194,0.022290058434009552,0.01390373706817627,-0.06373313069343567,0.22483289241790771,0.9209372401237488,0.9298174977302551,0.8775153756141663
mvtec,0,4,transistor,transistor-cut_lead-004,14,D:\STUDY\My_github\sci_project\data\mvtec\transistor\test\cut_lead\004.png,0.140623539686203,0.026517502963542938,0.023932218551635742,-0.11669132113456726,0.21976061165332794,0.9125431776046753,0.9046332836151123,0.8595139980316162
mvtec,0,4,transistor,transistor-cut_lead-005,15,D:\STUDY\My_github\sci_project\data\mvtec\transistor\test\cut_lead\005.png,0.13333196938037872,0.10161624848842621,0.06368178129196167,-0.06965018808841705,0.23903219401836395,0.8727735280990601,0.6620463132858276,0.6434716582298279
mvtec,0,4,transistor,transistor-cut_lead-006,16,D:\STUDY\My_github\sci_project\data\mvtec\transistor\test\cut_lead\006.png,0.08393508195877075,0.052456460893154144,0.07466599345207214,-0.009269088506698608,0.21716737747192383,0.8908278942108154,0.7821983695030212,0.7503895163536072
mvtec,0,4,transistor,transistor-cut_lead-007,17,D:\STUDY\My_github\sci_project\data\mvtec\transistor\test\cut_lead\007.png,0.06513059139251709,0.1021849662065506,0.19762206077575684,0.13249146938323975,0.21683081984519958,0.8748003840446472,0.6741082072257996,0.6541194915771484
mvtec,0,4,transistor,transistor-cut_lead-008,18,D:\STUDY\My_github\sci_project\data\mvtec\transistor\test\cut_lead\008.png,0.10330231487751007,0.020747452974319458,-0.028118610382080078,-0.13142092525959015,0.2211189866065979,0.7951380014419556,0.5051984190940857,0.5047920346260071
mvtec,0,4,transistor,transistor-cut_lead-009,19,D:\STUDY\My_github\sci_project\data\mvtec\transistor\test\cut_lead\009.png,0.17909005284309387,0.06113287806510925,0.042314350605010986,-0.13677570223808289,0.2629556357860565,0.8371010422706604,0.5369200706481934,0.5332295298576355
mvtec,0,4,transistor,transistor-damaged_case-000,20,D:\STUDY\My_github\sci_project\data\mvtec\transistor\test\damaged_case\000.png,0.4004005789756775,0.454702764749527,0.26990216970443726,-0.13049840927124023,0.38784345984458923,0.8185276985168457,0.5157433152198792,0.5143314599990845
mvtec,0,4,transistor,transistor-damaged_case-001,21,D:\STUDY\My_github\sci_project\data\mvtec\transistor\test\damaged_case\001.png,0.5183274149894714,0.6013240814208984,0.6383746266365051,0.12004721164703369,0.45064276456832886,0.9459856152534485,0.958398699760437,0.8381081819534302
mvtec,0,4,transistor,transistor-damaged_case-002,22,D:\STUDY\My_github\sci_project\data\mvtec\transistor\test\damaged_case\002.png,0.6586788892745972,0.6872674226760864,0.5043981671333313,-0.15428072214126587,0.2557285726070404,0.7997371554374695,0.5064790844917297,0.5059590339660645
mvtec,0,4,transistor,transistor-damaged_case-003,23,D:\STUDY\My_github\sci_project\data\mvtec\transistor\test\damaged_case\003.png,0.582435667514801,0.7255498766899109,0.6806824207305908,0.0982467532157898,0.3085607588291168,0.8793933391571045,0.7032519578933716,0.6799135208129883
mvtec,0,4,transistor,transistor-damaged_case-004,24,D:\STUDY\My_github\sci_project\data\mvtec\transistor\test\damaged_case\004.png,0.654797375202179,0.7606433033943176,0.377815842628479,-0.27698153257369995,0.4474000930786133,0.9385746717453003,0.9537509083747864,0.8642119765281677
mvtec,0,4,transistor,transistor-damaged_case-005,25,D:\STUDY\My_github\sci_project\data\mvtec\transistor\test\damaged_case\005.png,0.4413052797317505,0.5714806914329529,0.35973262786865234,-0.08157265186309814,0.4059589207172394,0.8437069058418274,0.5495498180389404,0.5444166660308838
mvtec,0,4,transistor,transistor-damaged_case-006,26,D:\STUDY\My_github\sci_project\data\mvtec\transistor\test\damaged_case\006.png,0.517242431640625,0.629089891910553,0.5638457536697388,0.04660332202911377,0.367330938577652,0.8551554679870605,0.5811389088630676,0.5722681879997253
mvtec,0,4,transistor,transistor-damaged_case-007,27,D:\STUDY\My_github\sci_project\data\mvtec\transistor\test\damaged_case\007.png,0.7737823724746704,0.7963476777076721,0.4776001572608948,-0.29618221521377563,0.4349746108055115,0.8970908522605896,0.8244771361351013,0.7884981036186218
mvtec,0,4,transistor,transistor-damaged_case-008,28,D:\STUDY\My_github\sci_project\data\mvtec\transistor\test\damaged_case\008.png,0.5465055108070374,0.6678731441497803,0.6335159540176392,0.0870104432106018,0.4575878083705902,0.9399890303611755,0.9547401070594788,0.8601444959640503
mvtec,0,4,transistor,transistor-damaged_case-009,29,D:\STUDY\My_github\sci_project\data\mvtec\transistor\test\damaged_case\009.png,0.4484781324863434,0.5505346059799194,0.4430255889892578,-0.005452543497085571,0.436260849237442,0.8976383209228516,0.8279911279678345,0.7916719317436218
mvtec,0,4,transistor,transistor-misplaced-000,90,D:\STUDY\My_github\sci_project\data\mvtec\transistor\test\misplaced\000.png,0.12059095501899719,0.07861307263374329,0.17542463541030884,0.054833680391311646,0.23335981369018555,0.8182662129402161,0.5155523419380188,0.5141597986221313
mvtec,0,4,transistor,transistor-misplaced-001,91,D:\STUDY\My_github\sci_project\data\mvtec\transistor\test\misplaced\001.png,0.07688246667385101,0.10199377685785294,0.36688870191574097,0.29000623524188995,0.2786215841770172,0.8547125458717346,0.5796445608139038,0.5709530711174011
mvtec,0,4,transistor,transistor-misplaced-002,92,D:\STUDY\My_github\sci_project\data\mvtec\transistor\test\misplaced\002.png,0.17829880118370056,0.04904155060648918,0.1683180332183838,-0.009980767965316772,0.3939485549926758,0.8483207821846008,0.5606219172477722,0.5541943311691284
mvtec,0,4,transistor,transistor-misplaced-003,93,D:\STUDY\My_github\sci_project\data\mvtec\transistor\test\misplaced\003.png,0.14856655895709991,0.050149016082286835,0.16230425238609314,0.013737693428993225,0.408454954624176,0.8688905239105225,0.6404786705970764,0.6244644522666931
mvtec,0,4,transistor,transistor-misplaced-004,94,D:\STUDY\My_github\sci_project\data\mvtec\transistor\test\misplaced\004.png,0.08918949961662292,0.09139341115951538,0.4118778109550476,0.3226883113384247,0.19958451390266418,0.8908129930496216,0.7820945978164673,0.7502962350845337
mvtec,0,4,transistor,transistor-misplaced-005,95,D:\STUDY\My_github\sci_project\data\mvtec\transistor\test\misplaced\005.png,0.0235745906829834,0.06991051137447357,0.281541109085083,0.2579665184020996,0.1847609579563141,0.7419699430465698,0.5003756880760193,0.500353217124939
mvtec,0,4,transistor,transistor-misplaced-006,96,D:\STUDY\My_github\sci_project\data\mvtec\transistor\test\misplaced\006.png,0.07786104083061218,0.11261309683322906,0.37903016805648804,0.30116912722587585,0.22040262818336487,0.9019297957420349,0.8540769815444946,0.8152089715003967
mvtec,0,4,transistor,transistor-misplaced-007,97,D:\STUDY\My_github\sci_project\data\mvtec\transistor\test\misplaced\007.png,0.13850270211696625,0.1298147737979889,0.3192319869995117,0.18072928488254547,0.3623582124710083,0.9444060921669006,0.9574897885322571,0.8446435928344727
mvtec,0,4,transistor,transistor-misplaced-008,98,D:\STUDY\My_github\sci_project\data\mvtec\transistor\test\misplaced\008.png,0.12792089581489563,0.12184959650039673,0.4074172079563141,0.27949631214141846,0.2865065634250641,0.9065178632736206,0.8785583972930908,0.8370925188064575
mvtec,0,4,transistor,transistor-misplaced-009,99,D:\STUDY\My_github\sci_project\data\mvtec\transistor\test\misplaced\009.png,0.18421411514282227,0.17417865991592407,0.47147178649902344,0.28725767135620117,0.22194838523864746,0.8707215189933777,0.6503891944885254,0.6331939101219177
mvtec,0,4,wood,wood-color-000,0,D:\STUDY\My_github\sci_project\data\mvtec\wood\test\color\000.png,0.7308025360107422,0.8863005638122559,0.8664261102676392,0.13562357425689697,0.4069918096065521,0.9996834993362427,0.9651240110397339,0.7782285809516907
mvtec,0,4,wood,wood-color-001,1,D:\STUDY\My_github\sci_project\data\mvtec\wood\test\color\001.png,0.6202617883682251,0.8231675624847412,0.8413164019584656,0.22105461359024048,0.5144567489624023,0.9975504279136658,0.9645148515701294,0.7838824391365051
mvtec,0,4,wood,wood-color-002,2,D:\STUDY\My_github\sci_project\data\mvtec\wood\test\color\002.png,0.643790602684021,0.8745082020759583,0.8867366313934326,0.24294602870941162,0.3395232558250427,0.9995412826538086,0.9650830030441284,0.7786080837249756
mvtec,0,4,wood,wood-color-003,3,D:\STUDY\My_github\sci_project\data\mvtec\wood\test\color\003.png,0.6365373134613037,0.7453209161758423,0.8055419921875,0.1690046787261963,0.5887547135353088,0.9989030361175537,0.9648997187614441,0.780306875705719
mvtec,0,4,wood,wood-color-004,4,D:\STUDY\My_github\sci_project\data\mvtec\wood\test\color\004.png,0.6999167799949646,0.8955655097961426,0.9081651568412781,0.20824837684631348,0.45197775959968567,0.9983086585998535,0.9647300243377686,0.7818823456764221
mvtec,0,4,wood,wood-color-005,5,D:\STUDY\My_github\sci_project\data\mvtec\wood\test\color\005.png,0.6065840721130371,0.8434823155403137,0.8381849527359009,0.23160088062286377,0.36870259046554565,0.999057948589325,0.9649441242218018,0.7798952460289001
mvtec,0,4,wood,wood-color-006,6,D:\STUDY\My_github\sci_project\data\mvtec\wood\test\color\006.png,0.5477719902992249,0.7259563207626343,0.7437708973884583,0.1959989070892334,0.4748017489910126,0.9993570446968079,0.9650299549102783,0.7790992259979248
mvtec,0,4,wood,wood-color-007,7,D:\STUDY\My_github\sci_project\data\mvtec\wood\test\color\007.png,0.6826291680335999,0.9026025533676147,0.8478078246116638,0.16517865657806396,0.39194387197494507,0.9991981387138367,0.9649842977523804,0.7795223593711853
mvtec,0,4,wood,wood-combined-000,8,D:\STUDY\My_github\sci_project\data\mvtec\wood\test\combined\000.png,0.4015823006629944,0.6685779690742493,0.8657967448234558,0.4642144441604614,0.46999451518058777,0.997275173664093,0.9644371271133423,0.7846057415008545
mvtec,0,4,wood,wood-combined-001,9,D:\STUDY\My_github\sci_project\data\mvtec\wood\test\combined\001.png,0.49518823623657227,0.44432249665260315,0.7945155501365662,0.2993273138999939,0.4193682372570038,0.9979363679885864,0.9646241664886475,0.7828657627105713
mvtec,0,4,wood,wood-combined-002,10,D:\STUDY\My_github\sci_project\data\mvtec\wood\test\combined\002.png,0.3246663510799408,0.18473225831985474,0.8430448770523071,0.5183785259723663,0.3863157629966736,0.9983696341514587,0.9647473692893982,0.7817210555076599
mvtec,0,4,wood,wood-combined-003,11,D:\STUDY\My_github\sci_project\data\mvtec\wood\test\combined\003.png,0.5687025785446167,0.6768980622291565,0.7979426383972168,0.2292400598526001,0.51908940076828,0.9984544515609741,0.964771568775177,0.781496524810791
mvtec,0,4,wood,wood-combined-004,12,D:\STUDY\My_github\sci_project\data\mvtec\wood\test\combined\004.png,0.45692867040634155,0.4156579375267029,0.9105864763259888,0.4536578059196472,0.35570859909057617,0.9565631151199341,0.9534677267074585,0.8652476668357849
mvtec,0,4,wood,wood-combined-005,13,D:\STUDY\My_github\sci_project\data\mvtec\wood\test\combined\005.png,0.6445912718772888,0.5220136046409607,0.6907551884651184,0.04616391658782959,0.5113614201545715,0.9988096952438354,0.9648730158805847,0.7805547714233398
mvtec,0,4,wood,wood-combined-006,14,D:\STUDY\My_github\sci_project\data\mvtec\wood\test\combined\006.png,0.4191441237926483,0.34472692012786865,0.7742634415626526,0.3551193177700043,0.3701978325843811,0.926260232925415,0.9375385642051697,0.8804824352264404
mvtec,0,4,wood,wood-combined-007,15,D:\STUDY\My_github\sci_project\data\mvtec\wood\test\combined\007.png,0.5895652174949646,0.6703300476074219,0.805036187171936,0.21547096967697144,0.4434995949268341,0.9980290532112122,0.9646505117416382,0.7826212048530579
mvtec,0,4,wood,wood-combined-008,16,D:\STUDY\My_github\sci_project\data\mvtec\wood\test\combined\008.png,0.5776737928390503,0.8062846064567566,0.807643711566925,0.22996991872787476,0.520668625831604,0.9991703033447266,0.9649763107299805,0.7795963883399963
mvtec,0,4,wood,wood-combined-009,17,D:\STUDY\My_github\sci_project\data\mvtec\wood\test\combined\009.png,0.5153291821479797,0.3273347318172455,0.8201403617858887,0.30481117963790894,0.33981966972351074,0.9855776429176331,0.9613001942634583,0.8136746883392334
mvtec,0,4,wood,wood-combined-010,18,D:\STUDY\My_github\sci_project\data\mvtec\wood\test\combined\010.png,0.4707701504230499,0.5591714382171631,0.8518373966217041,0.3810672461986542,0.40604135394096375,0.9956427812576294,0.9639801979064941,0.7888637781143188
mvtec,0,4,wood,wood-hole-000,38,D:\STUDY\My_github\sci_project\data\mvtec\wood\test\hole\000.png,0.4966040849685669,0.8025437593460083,0.8199628591537476,0.32335877418518066,0.4183254837989807,0.9990686774253845,0.9649471640586853,0.7798666954040527
mvtec,0,4,wood,wood-hole-001,39,D:\STUDY\My_github\sci_project\data\mvtec\wood\test\hole\001.png,0.675931453704834,0.8660567402839661,0.8617556095123291,0.18582415580749512,0.4543779790401459,0.9994103908538818,0.9650453329086304,0.7789570689201355
mvtec,0,4,wood,wood-hole-002,40,D:\STUDY\My_github\sci_project\data\mvtec\wood\test\hole\002.png,0.7071635723114014,0.8489658832550049,0.842068076133728,0.13490450382232666,0.42666396498680115,0.9974059462547302,0.9644740223884583,0.7842622995376587
mvtec,0,4,wood,wood-hole-003,41,D:\STUDY\My_github\sci_project\data\mvtec\wood\test\hole\003.png,0.6207468509674072,0.8572677969932556,0.8546935319900513,0.23394668102264404,0.3636532425880432,0.9976567029953003,0.9645448923110962,0.783602774143219
mvtec,0,4,wood,wood-hole-004,42,D:\STUDY\My_github\sci_project\data\mvtec\wood\test\hole\004.png,0.4576723277568817,0.5936866402626038,0.8191280364990234,0.3614557087421417,0.39694538712501526,0.9981051683425903,0.9646720886230469,0.7824202179908752
mvtec,0,4,wood,wood-hole-005,43,D:\STUDY\My_github\sci_project\data\mvtec\wood\test\hole\005.png,0.535333514213562,0.7329566478729248,0.8235622644424438,0.28822875022888184,0.36882326006889343,0.9953254461288452,0.9638921618461609,0.7896849513053894
mvtec,0,4,wood,wood-hole-006,44,D:\STUDY\My_github\sci_project\data\mvtec\wood\test\hole\006.png,0.5579678416252136,0.7671177387237549,0.9087321758270264,0.35076433420181274,0.3087998926639557,0.9906964302062988,0.9626359343528748,0.801395058631897
mvtec,0,4,wood,wood-hole-007,45,D:\STUDY\My_github\sci_project\data\mvtec\wood\test\hole\007.png,0.6317386627197266,0.8246534466743469,0.8672528266906738,0.23551416397094727,0.3922440707683563,0.998659610748291,0.9648301005363464,0.7809528708457947
mvtec,0,4,wood,wood-hole-008,46,D:\STUDY\My_github\sci_project\data\mvtec\wood\test\hole\008.png,0.7846128940582275,0.8542110919952393,0.8741322159767151,0.08951932191848755,0.36808666586875916,0.9923757910728455,0.9630858302116394,0.7972076535224915
mvtec,0,4,wood,wood-hole-009,47,D:\STUDY\My_github\sci_project\data\mvtec\wood\test\hole\009.png,0.628851592540741,0.8784908652305603,0.8692842721939087,0.24043267965316772,0.3770900368690491,0.9990735054016113,0.9649485349655151,0.779853880405426
mvtec,0,4,wood,wood-liquid-000,48,D:\STUDY\My_github\sci_project\data\mvtec\wood\test\liquid\000.png,0.6610928773880005,0.7395936250686646,0.7993291020393372,0.13823622465133667,0.5142189860343933,0.9980037808418274,0.9646432995796204,0.7826879024505615
mvtec,0,4,wood,wood-liquid-001,49,D:\STUDY\My_github\sci_project\data\mvtec\wood\test\liquid\001.png,0.6013473272323608,0.6578913331031799,0.8165575861930847,0.21521025896072388,0.44103699922561646,0.997096061706543,0.9643866419792175,0.7850756645202637
mvtec,0,4,wood,wood-liquid-002,50,D:\STUDY\My_github\sci_project\data\mvtec\wood\test\liquid\002.png,0.6478391885757446,0.7149226665496826,0.8272888660430908,0.1794496774673462,0.5711508989334106,0.9977062940597534,0.9645589590072632,0.7834722399711609
mvtec,0,4,wood,wood-liquid-003,51,D:\STUDY\My_github\sci_project\data\mvtec\wood\test\liquid\003.png,0.7347524762153625,0.7404452562332153,0.8886484503746033,0.15389597415924072,0.49514588713645935,0.9949479103088379,0.9637877345085144,0.7906590104103088
mvtec,0,4,wood,wood-liquid-004,52,D:\STUDY\My_github\sci_project\data\mvtec\wood\test\liquid\004.png,0.7200772762298584,0.7699602246284485,0.8832064867019653,0.16312921047210693,0.5249319076538086,0.9943503737449646,0.9636232256889343,0.7921941876411438
mvtec,0,4,wood,wood-liquid-005,53,D:\STUDY\My_github\sci_project\data\mvtec\wood\test\liquid\005.png,0.5553330779075623,0.7563804388046265,0.8169662356376648,0.26163315773010254,0.6283186674118042,0.9945979118347168,0.9636912941932678,0.7915592193603516
mvtec,0,4,wood,wood-liquid-006,54,D:\STUDY\My_github\sci_project\data\mvtec\wood\test\liquid\006.png,0.5472498536109924,0.7296344637870789,0.8066819310188293,0.2594320774078369,0.5324906706809998,0.97957843542099,0.9597817063331604,0.827013373374939
mvtec,0,4,wood,wood-liquid-007,55,D:\STUDY\My_github\sci_project\data\mvtec\wood\test\liquid\007.png,0.6469807624816895,0.8033096194267273,0.8786606788635254,0.23167991638183594,0.5715185403823853,0.997812032699585,0.9645889401435852,0.7831935882568359
mvtec,0,4,wood,wood-liquid-008,56,D:\STUDY\My_github\sci_project\data\mvtec\wood\test\liquid\008.png,0.569333553314209,0.6988720297813416,0.7938936948776245,0.22456014156341553,0.5595152974128723,0.9987057447433472,0.9648432731628418,0.7808305621147156
mvtec,0,4,wood,wood-liquid-009,57,D:\STUDY\My_github\sci_project\data\mvtec\wood\test\liquid\009.png,0.6420539021492004,0.7354846596717834,0.7997448444366455,0.15769094228744507,0.5309044718742371,0.9946133494377136,0.9636955261230469,0.7915195822715759
mvtec,0,4,wood,wood-scratch-000,58,D:\STUDY\My_github\sci_project\data\mvtec\wood\test\scratch\000.png,0.49696439504623413,0.7124403715133667,0.8436920642852783,0.3467276692390442,0.47026529908180237,0.9994387030601501,0.9650534391403198,0.7788816094398499
mvtec,0,4,wood,wood-scratch-001,59,D:\STUDY\My_github\sci_project\data\mvtec\wood\test\scratch\001.png,0.4402470290660858,0.45933210849761963,0.84260493516922,0.40235790610313416,0.3578539788722992,0.9157214164733887,0.9275980591773987,0.8762940764427185
mvtec,0,4,wood,wood-scratch-002,60,D:\STUDY\My_github\sci_project\data\mvtec\wood\test\scratch\002.png,0.6277093291282654,0.874912679195404,0.8566780090332031,0.22896867990493774,0.36507222056388855,0.998096764087677,0.9646697044372559,0.7824423909187317
mvtec,0,4,wood,wood-scratch-003,61,D:\STUDY\My_github\sci_project\data\mvtec\wood\test\scratch\003.png,0.7093802690505981,0.9090972542762756,0.8568714261054993,0.14749115705490112,0.3376854360103607,0.9984917640686035,0.964782178401947,0.7813977003097534
mvtec,0,4,wood,wood-scratch-004,62,D:\STUDY\My_github\sci_project\data\mvtec\wood\test\scratch\004.png,0.6367447376251221,0.823176383972168,0.8227090835571289,0.18596434593200684,0.44587191939353943,0.9974697828292847,0.9644920825958252,0.784094512462616
mvtec,0,4,wood,wood-scratch-005,63,D:\STUDY\My_github\sci_project\data\mvtec\wood\test\scratch\005.png,0.501071572303772,0.564509928226471,0.7571287751197815,0.2560572028160095,0.5254941582679749,0.9982147216796875,0.9647032618522644,0.7821307182312012
mvtec,0,4,wood,wood-scratch-006,64,D:\STUDY\My_github\sci_project\data\mvtec\wood\test\scratch\006.png,0.17400488257408142,0.22255204617977142,0.47012877464294434,0.2961238920688629,0.2415073812007904,0.9909488558769226,0.9627031683921814,0.8007702827453613
mvtec,0,4,wood,wood-scratch-007,65,D:\STUDY\My_github\sci_project\data\mvtec\wood\test\scratch\007.png,0.49967560172080994,0.5874142646789551,0.699730634689331,0.20005503296852112,0.5584985017776489,0.9993410706520081,0.9650253653526306,0.7791417837142944
mvtec,0,4,wood,wood-scratch-008,66,D:\STUDY\My_github\sci_project\data\mvtec\wood\test\scratch\008.png,0.47348707914352417,0.8525269627571106,0.8184704780578613,0.34498339891433716,0.46801093220710754,0.9991546869277954,0.9649718403816223,0.7796379327774048
mvtec,0,4,wood,wood-scratch-009,67,D:\STUDY\My_github\sci_project\data\mvtec\wood\test\scratch\009.png,0.5955726504325867,0.8219828605651855,0.7584736347198486,0.16290098428726196,0.39366060495376587,0.9961327314376831,0.964116632938385,0.7875915765762329
mvtec,0,4,wood,wood-scratch-010,68,D:\STUDY\My_github\sci_project\data\mvtec\wood\test\scratch\010.png,0.3869304656982422,0.795488178730011,0.7712617516517639,0.38433128595352173,0.43487176299095154,0.997865617275238,0.9646040797233582,0.783052384853363
mvtec,0,4,wood,wood-scratch-011,69,D:\STUDY\My_github\sci_project\data\mvtec\wood\test\scratch\011.png,0.4822658896446228,0.6285130381584167,0.8187755942344666,0.33650970458984375,0.46941983699798584,0.9994224309921265,0.9650487899780273,0.7789249420166016
mvtec,0,4,wood,wood-scratch-012,70,D:\STUDY\My_github\sci_project\data\mvtec\wood\test\scratch\012.png,0.6349613070487976,0.7201697826385498,0.8532438278198242,0.2182825207710266,0.568726658821106,0.9994251728057861,0.9650495648384094,0.778917670249939
mvtec,0,4,wood,wood-scratch-013,71,D:\STUDY\My_github\sci_project\data\mvtec\wood\test\scratch\013.png,0.6075721979141235,0.8690998554229736,0.8490637540817261,0.24149155616760254,0.3586701452732086,0.9993515610694885,0.9650284051895142,0.7791138291358948
mvtec,0,4,wood,wood-scratch-014,72,D:\STUDY\My_github\sci_project\data\mvtec\wood\test\scratch\014.png,0.6793231964111328,0.8663663864135742,0.8338762521743774,0.15455305576324463,0.41470664739608765,0.9996323585510254,0.9651092290878296,0.7783650755882263
mvtec,0,4,wood,wood-scratch-015,73,D:\STUDY\My_github\sci_project\data\mvtec\wood\test\scratch\015.png,0.5451975464820862,0.7807381749153137,0.7240455746650696,0.1788480281829834,0.3932434022426605,0.9975169897079468,0.9645053744316101,0.7839704155921936
mvtec,0,4,wood,wood-scratch-016,74,D:\STUDY\My_github\sci_project\data\mvtec\wood\test\scratch\016.png,0.44839122891426086,0.4674625098705292,0.7224124670028687,0.2740212380886078,0.33444827795028687,0.9805918335914612,0.9600362181663513,0.8248468041419983
mvtec,0,4,wood,wood-scratch-017,75,D:\STUDY\My_github\sci_project\data\mvtec\wood\test\scratch\017.png,0.6156504154205322,0.7923411130905151,0.8976858258247375,0.2820354104042053,0.4519416391849518,0.9986401200294495,0.9648244976997375,0.7810046076774597
mvtec,0,4,wood,wood-scratch-018,76,D:\STUDY\My_github\sci_project\data\mvtec\wood\test\scratch\018.png,0.6436156630516052,0.47186607122421265,0.8070866465568542,0.16347098350524902,0.43915867805480957,0.9994978904724121,0.9650704860687256,0.7787237763404846
mvtec,0,4,wood,wood-scratch-019,77,D:\STUDY\My_github\sci_project\data\mvtec\wood\test\scratch\019.png,0.5867377519607544,0.8579277396202087,0.8601137399673462,0.2733759880065918,0.410932719707489,0.9948822259902954,0.9637696146965027,0.7908281683921814
mvtec,0,4,wood,wood-scratch-020,78,D:\STUDY\My_github\sci_project\data\mvtec\wood\test\scratch\020.png,0.677331805229187,0.846868097782135,0.7735843658447266,0.09625256061553955,0.37826982140541077,0.9994667172431946,0.9650615453720093,0.7788069248199463
mvtec,0,4,zipper,zipper-broken_teeth-000,0,D:\STUDY\My_github\sci_project\data\mvtec\zipper\test\broken_teeth\000.png,0.25564974546432495,0.41194409132003784,0.8225218653678894,0.5668721199035645,0.16981977224349976,0.9743437767028809,0.9945327043533325,0.546951174736023
mvtec,0,4,zipper,zipper-broken_teeth-001,1,D:\STUDY\My_github\sci_project\data\mvtec\zipper\test\broken_teeth\001.png,0.44993823766708374,0.48193660378456116,0.819400429725647,0.36946219205856323,0.2739482522010803,0.9834152460098267,0.9950106143951416,0.5433090925216675
mvtec,0,4,zipper,zipper-broken_teeth-002,2,D:\STUDY\My_github\sci_project\data\mvtec\zipper\test\broken_teeth\002.png,0.3157470226287842,0.35222432017326355,0.7475074529647827,0.43176043033599854,0.1684388518333435,0.9693902730941772,0.9942545890808105,0.549056887626648
mvtec,0,4,zipper,zipper-broken_teeth-003,3,D:\STUDY\My_github\sci_project\data\mvtec\zipper\test\broken_teeth\003.png,0.5728843212127686,0.5888179540634155,0.8235933780670166,0.25070905685424805,0.39654961228370667,0.9880196452140808,0.9952383637428284,0.5415621399879456
mvtec,0,4,zipper,zipper-broken_teeth-004,4,D:\STUDY\My_github\sci_project\data\mvtec\zipper\test\broken_teeth\004.png,0.5734930038452148,0.5532189011573792,0.8155438303947449,0.24205082654953003,0.3328777551651001,0.9622966051101685,0.9938342571258545,0.5522227883338928
mvtec,0,4,zipper,zipper-broken_teeth-005,5,D:\STUDY\My_github\sci_project\data\mvtec\zipper\test\broken_teeth\005.png,0.5916880369186401,0.257961630821228,0.6178702116012573,0.026182174682617188,0.2749398648738861,0.96064692735672,0.9937326312065125,0.5529852509498596
mvtec,0,4,zipper,zipper-broken_teeth-006,6,D:\STUDY\My_github\sci_project\data\mvtec\zipper\test\broken_teeth\006.png,0.5616223216056824,0.3396247625350952,0.8069080114364624,0.24528568983078003,0.36248061060905457,0.9750211238861084,0.9945697784423828,0.5466697216033936
mvtec,0,4,zipper,zipper-broken_teeth-007,7,D:\STUDY\My_github\sci_project\data\mvtec\zipper\test\broken_teeth\007.png,0.5004119873046875,0.41783931851387024,0.7433316707611084,0.2429196834564209,0.4271322786808014,0.9894871711730957,0.9953089356422424,0.5410190224647522
mvtec,0,4,zipper,zipper-broken_teeth-008,8,D:\STUDY\My_github\sci_project\data\mvtec\zipper\test\broken_teeth\008.png,0.337701678276062,0.5011339783668518,0.82369065284729,0.485988974571228,0.2233264148235321,0.9844852685928345,0.995064377784729,0.5428972244262695
mvtec,0,4,zipper,zipper-broken_teeth-009,9,D:\STUDY\My_github\sci_project\data\mvtec\zipper\test\broken_teeth\009.png,0.3270997405052185,0.2905997931957245,0.5198430418968201,0.19274330139160156,0.1940050721168518,0.9669528603553772,0.9941131472587585,0.5501243472099304
mvtec,0,4,zipper,zipper-broken_teeth-010,10,D:\STUDY\My_github\sci_project\data\mvtec\zipper\test\broken_teeth\010.png,0.4555708169937134,0.355582594871521,0.8067024350166321,0.3511316180229187,0.3060941994190216,0.9711484313011169,0.9943547248840332,0.5482996702194214
mvtec,0,4,zipper,zipper-broken_teeth-011,11,D:\STUDY\My_github\sci_project\data\mvtec\zipper\test\broken_teeth\011.png,0.609754204750061,0.4805581271648407,0.818187952041626,0.20843374729156494,0.2628548741340637,0.9694665670394897,0.9942589998245239,0.5490236878395081
mvtec,0,4,zipper,zipper-broken_teeth-012,12,D:\STUDY\My_github\sci_project\data\mvtec\zipper\test\broken_teeth\012.png,0.4380316734313965,0.17947030067443848,0.7660412788391113,0.32800960540771484,0.302807092666626,0.9408359527587891,0.9923925399780273,0.5629603266716003
mvtec,0,4,zipper,zipper-broken_teeth-013,13,D:\STUDY\My_github\sci_project\data\mvtec\zipper\test\broken_teeth\013.png,0.5625081062316895,0.5960320234298706,0.8291902542114258,0.26668214797973633,0.4022979736328125,0.9861851334571838,0.995148777961731,0.5422500967979431
mvtec,0,4,zipper,zipper-broken_teeth-014,14,D:\STUDY\My_github\sci_project\data\mvtec\zipper\test\broken_teeth\014.png,0.44219931960105896,0.463907927274704,0.6426955461502075,0.20049622654914856,0.2607841193675995,0.9721969366073608,0.9944136738777161,0.5478532314300537
mvtec,0,4,zipper,zipper-broken_teeth-015,15,D:\STUDY\My_github\sci_project\data\mvtec\zipper\test\broken_teeth\015.png,0.2827107310295105,0.3049588203430176,0.23262277245521545,-0.050087958574295044,0.17091666162014008,0.9585216641426086,0.9935995936393738,0.5539823174476624
mvtec,0,4,zipper,zipper-broken_teeth-016,16,D:\STUDY\My_github\sci_project\data\mvtec\zipper\test\broken_teeth\016.png,0.4415203332901001,0.41082632541656494,0.8514876961708069,0.4099673628807068,0.17622625827789307,0.9444499015808105,0.9926540851593018,0.5610238909721375
mvtec,0,4,zipper,zipper-broken_teeth-017,17,D:\STUDY\My_github\sci_project\data\mvtec\zipper\test\broken_teeth\017.png,0.6027642488479614,0.6365046501159668,0.8204594850540161,0.2176952362060547,0.42403385043144226,0.9710714221000671,0.9943503737449646,0.5483325719833374
mvtec,0,4,zipper,zipper-broken_teeth-018,18,D:\STUDY\My_github\sci_project\data\mvtec\zipper\test\broken_teeth\018.png,0.5297226905822754,0.7175565361976624,0.8312531113624573,0.3015304207801819,0.363136351108551,0.9838973879814148,0.99503493309021,0.5431230068206787
mvtec,0,4,zipper,zipper-combined-000,19,D:\STUDY\My_github\sci_project\data\mvtec\zipper\test\combined\000.png,0.17349262535572052,0.4372652769088745,0.8548402786254883,0.6813476532697678,0.39602452516555786,0.9681056141853333,0.99418044090271,0.549616813659668
mvtec,0,4,zipper,zipper-combined-001,20,D:\STUDY\My_github\sci_project\data\mvtec\zipper\test\combined\001.png,0.31526660919189453,0.40958482027053833,0.8183112740516663,0.5030446648597717,0.2364068627357483,0.9723000526428223,0.9944194555282593,0.5478095412254333
mvtec,0,4,zipper,zipper-combined-002,21,D:\STUDY\My_github\sci_project\data\mvtec\zipper\test\combined\002.png,0.12633636593818665,0.35381412506103516,0.7190802693367004,0.5927439033985138,0.186704620718956,0.9698005318641663,0.9942781329154968,0.5488791465759277
mvtec,0,4,zipper,zipper-combined-003,22,D:\STUDY\My_github\sci_project\data\mvtec\zipper\test\combined\003.png,0.7257758975028992,0.5834397077560425,0.8018393516540527,0.07606345415115356,0.4502420425415039,0.9789361953735352,0.9947795867919922,0.5450735688209534
mvtec,0,4,zipper,zipper-combined-004,23,D:\STUDY\My_github\sci_project\data\mvtec\zipper\test\combined\004.png,0.47718557715415955,0.2996180057525635,0.7962872982025146,0.3191017210483551,0.4879927933216095,0.9711975455284119,0.9943574666976929,0.54827880859375
mvtec,0,4,zipper,zipper-combined-005,24,D:\STUDY\My_github\sci_project\data\mvtec\zipper\test\combined\005.png,0.2745656371116638,0.5018573999404907,0.7939387559890747,0.5193731188774109,0.29326459765434265,0.9953294992446899,0.9955803751945496,0.5389221906661987
mvtec,0,4,zipper,zipper-combined-006,25,D:\STUDY\My_github\sci_project\data\mvtec\zipper\test\combined\006.png,0.5440765023231506,0.6347343921661377,0.7248871922492981,0.18081068992614746,0.4972997009754181,0.9968072175979614,0.9956467151641846,0.5384078621864319
mvtec,0,4,zipper,zipper-combined-007,26,D:\STUDY\My_github\sci_project\data\mvtec\zipper\test\combined\007.png,0.3945745825767517,0.27115172147750854,0.4767634868621826,0.08218890428543091,0.35553109645843506,0.9609953165054321,0.9937542676925659,0.5528233051300049
mvtec,0,4,zipper,zipper-combined-008,27,D:\STUDY\My_github\sci_project\data\mvtec\zipper\test\combined\008.png,0.4453311562538147,0.46494829654693604,0.8127393126487732,0.3674081563949585,0.37757736444473267,0.9874140620231628,0.9952089190483093,0.5417880415916443
mvtec,0,4,zipper,zipper-combined-009,28,D:\STUDY\My_github\sci_project\data\mvtec\zipper\test\combined\009.png,0.5691421031951904,0.2669064402580261,0.5320704579353333,-0.03707164525985718,0.38303864002227783,0.9775044322013855,0.9947037100791931,0.5456513166427612
mvtec,0,4,zipper,zipper-combined-010,29,D:\STUDY\My_github\sci_project\data\mvtec\zipper\test\combined\010.png,0.510818362236023,0.4338899850845337,0.7634425163269043,0.25262415409088135,0.43745771050453186,0.9878469705581665,0.995229959487915,0.5416263341903687
mvtec,0,4,zipper,zipper-combined-011,30,D:\STUDY\My_github\sci_project\data\mvtec\zipper\test\combined\011.png,0.6653605699539185,0.4646417796611786,0.8102558851242065,0.14489531517028809,0.5145341753959656,0.9903884530067444,0.9953517317771912,0.5406889915466309
mvtec,0,4,zipper,zipper-combined-012,31,D:\STUDY\My_github\sci_project\data\mvtec\zipper\test\combined\012.png,0.5106382369995117,0.19432684779167175,0.5977042317390442,0.08706599473953247,0.4779455363750458,0.9557600021362305,0.9934229254722595,0.5553035736083984
mvtec,0,4,zipper,zipper-combined-013,32,D:\STUDY\My_github\sci_project\data\mvtec\zipper\test\combined\013.png,0.36323750019073486,0.32922595739364624,0.6855853796005249,0.32234787940979004,0.48929229378700256,0.9735223054885864,0.9944874048233032,0.547294557094574
mvtec,0,4,zipper,zipper-combined-014,33,D:\STUDY\My_github\sci_project\data\mvtec\zipper\test\combined\014.png,0.3474004864692688,0.29267963767051697,0.7623903751373291,0.4149898886680603,0.42738279700279236,0.9550378918647766,0.9933760166168213,0.5556538105010986
mvtec,0,4,zipper,zipper-combined-015,34,D:\STUDY\My_github\sci_project\data\mvtec\zipper\test\combined\015.png,0.24402351677417755,0.27275747060775757,0.706498384475708,0.46247486770153046,0.4633895754814148,0.9935613870620728,0.9954997897148132,0.5395461320877075
mvtec,0,4,zipper,zipper-fabric_border-000,35,D:\STUDY\My_github\sci_project\data\mvtec\zipper\test\fabric_border\000.png,0.8134765028953552,0.8169530034065247,0.7699765563011169,-0.04349994659423828,0.4829951524734497,0.9839178323745728,0.9950359463691711,0.5431151390075684
mvtec,0,4,zipper,zipper-fabric_border-001,36,D:\STUDY\My_github\sci_project\data\mvtec\zipper\test\fabric_border\001.png,0.7829493284225464,0.8038670420646667,0.8860487341880798,0.10309940576553345,0.5100613236427307,0.9775829315185547,0.9947078824043274,0.5456194877624512
mvtec,0,4,zipper,zipper-fabric_border-002,37,D:\STUDY\My_github\sci_project\data\mvtec\zipper\test\fabric_border\002.png,0.5943231582641602,0.3204057216644287,0.808311402797699,0.21398824453353882,0.3234460949897766,0.9781322479248047,0.9947371482849121,0.5453970432281494
mvtec,0,4,zipper,zipper-fabric_border-003,38,D:\STUDY\My_github\sci_project\data\mvtec\zipper\test\fabric_border\003.png,0.7844061851501465,0.8195481300354004,0.7374354600906372,-0.04697072505950928,0.46796914935112,0.9928784966468811,0.9954683184623718,0.5397894382476807
mvtec,0,4,zipper,zipper-fabric_border-004,39,D:\STUDY\My_github\sci_project\data\mvtec\zipper\test\fabric_border\004.png,0.7157821655273438,0.7671208381652832,0.6714487075805664,-0.044333457946777344,0.44192269444465637,0.9948469400405884,0.9955585598945618,0.5390915274620056
mvtec,0,4,zipper,zipper-fabric_border-005,40,D:\STUDY\My_github\sci_project\data\mvtec\zipper\test\fabric_border\005.png,0.5710005164146423,0.6427667737007141,0.8259927034378052,0.25499218702316284,0.5035684704780579,0.9874898791313171,0.9952126145362854,0.5417596697807312
mvtec,0,4,zipper,zipper-fabric_border-006,41,D:\STUDY\My_github\sci_project\data\mvtec\zipper\test\fabric_border\006.png,0.781544029712677,0.771957278251648,0.8325571417808533,0.05101311206817627,0.5335649847984314,0.9811313152313232,0.9948940277099609,0.5442006587982178
mvtec,0,4,zipper,zipper-fabric_border-007,42,D:\STUDY\My_github\sci_project\data\mvtec\zipper\test\fabric_border\007.png,0.7355257272720337,0.824050784111023,0.7642340660095215,0.028708338737487793,0.4882418215274811,0.988721489906311,0.9952722191810608,0.5413015484809875
mvtec,0,4,zipper,zipper-fabric_border-008,43,D:\STUDY\My_github\sci_project\data\mvtec\zipper\test\fabric_border\008.png,0.7923012971878052,0.6687399744987488,0.7737950086593628,-0.018506288528442383,0.4815951883792877,0.986047625541687,0.9951419830322266,0.542302131652832
mvtec,0,4,zipper,zipper-fabric_border-009,44,D:\STUDY\My_github\sci_project\data\mvtec\zipper\test\fabric_border\009.png,0.7510939836502075,0.7541323304176331,0.7788078784942627,0.027713894844055176,0.4938107430934906,0.9917952418327332,0.9954179525375366,0.5401785373687744
mvtec,0,4,zipper,zipper-fabric_border-010,45,D:\STUDY\My_github\sci_project\data\mvtec\zipper\test\fabric_border\010.png,0.6377209424972534,0.640818178653717,0.7249592542648315,0.08723831176757812,0.5417952537536621,0.9849346876144409,0.9950868487358093,0.542725145816803
mvtec,0,4,zipper,zipper-fabric_border-011,46,D:\STUDY\My_github\sci_project\data\mvtec\zipper\test\fabric_border\011.png,0.7558563351631165,0.6316396594047546,0.7392640113830566,-0.016592323780059814,0.47285011410713196,0.9826762676239014,0.9949731826782227,0.5435956716537476
mvtec,0,4,zipper,zipper-fabric_border-012,47,D:\STUDY\My_github\sci_project\data\mvtec\zipper\test\fabric_border\012.png,0.8111980557441711,0.5822222828865051,0.7656199932098389,-0.045578062534332275,0.5203653573989868,0.9684911966323853,0.9942027926445007,0.5494481921195984
mvtec,0,4,zipper,zipper-fabric_border-013,48,D:\STUDY\My_github\sci_project\data\mvtec\zipper\test\fabric_border\013.png,0.7574177980422974,0.8895819783210754,0.890921950340271,0.13350415229797363,0.4747893810272217,0.9876374006271362,0.9952198266983032,0.5417044758796692
mvtec,0,4,zipper,zipper-fabric_border-014,49,D:\STUDY\My_github\sci_project\data\mvtec\zipper\test\fabric_border\014.png,0.7609801888465881,0.3871539533138275,0.6463403701782227,-0.11463981866836548,0.4102196991443634,0.9786376357078552,0.9947638511657715,0.5451934337615967
mvtec,0,4,zipper,zipper-fabric_border-015,50,D:\STUDY\My_github\sci_project\data\mvtec\zipper\test\fabric_border\015.png,0.7441440224647522,0.6045610904693604,0.7508876323699951,0.00674360990524292,0.49106335639953613,0.9851086735725403,0.9950954914093018,0.5426589250564575
mvtec,0,4,zipper,zipper-fabric_border-016,51,D:\STUDY\My_github\sci_project\data\mvtec\zipper\test\fabric_border\016.png,0.5885579586029053,0.588821291923523,0.6764593124389648,0.08790135383605957,0.47567763924598694,0.9892913699150085,0.9952995777130127,0.5410910844802856
mvtec,0,4,zipper,zipper-fabric_interior-000,52,D:\STUDY\My_github\sci_project\data\mvtec\zipper\test\fabric_interior\000.png,0.7387290000915527,0.4795800745487213,0.8371047973632812,0.09837579727172852,0.49698713421821594,0.9784085750579834,0.9947517514228821,0.545285701751709
mvtec,0,4,zipper,zipper-fabric_interior-001,53,D:\STUDY\My_github\sci_project\data\mvtec\zipper\test\fabric_interior\001.png,0.6243184804916382,0.28930383920669556,0.6997934579849243,0.07547497749328613,0.4998534321784973,0.9695689678192139,0.9942648410797119,0.5489794015884399
mvtec,0,4,zipper,zipper-fabric_interior-002,54,D:\STUDY\My_github\sci_project\data\mvtec\zipper\test\fabric_interior\002.png,0.6006877422332764,0.4195350110530853,0.724897027015686,0.12420928478240967,0.4146580100059509,0.9794976711273193,0.994809091091156,0.5448487401008606
mvtec,0,4,zipper,zipper-fabric_interior-003,55,D:\STUDY\My_github\sci_project\data\mvtec\zipper\test\fabric_interior\003.png,0.804701566696167,0.4841688275337219,0.7201133966445923,-0.08458817005157471,0.47785475850105286,0.9706737399101257,0.9943278431892395,0.5485031604766846
mvtec,0,4,zipper,zipper-fabric_interior-004,56,D:\STUDY\My_github\sci_project\data\mvtec\zipper\test\fabric_interior\004.png,0.7518215775489807,0.5755784511566162,0.8105149269104004,0.05869334936141968,0.44038063287734985,0.9797568917274475,0.99482262134552,0.5447453856468201
mvtec,0,4,zipper,zipper-fabric_interior-005,57,D:\STUDY\My_github\sci_project\data\mvtec\zipper\test\fabric_interior\005.png,0.7520844340324402,0.35990408062934875,0.7984880805015564,0.04640364646911621,0.4273206293582916,0.974478006362915,0.9945400357246399,0.5468952059745789
mvtec,0,4,zipper,zipper-fabric_interior-006,58,D:\STUDY\My_github\sci_project\data\mvtec\zipper\test\fabric_interior\006.png,0.6282342076301575,0.5102453231811523,0.7231866121292114,0.09495240449905396,0.4666772782802582,0.9767271280288696,0.9946621060371399,0.5459679365158081
mvtec,0,4,zipper,zipper-fabric_interior-007,59,D:\STUDY\My_github\sci_project\data\mvtec\zipper\test\fabric_interior\007.png,0.8269637227058411,0.19371575117111206,-0.01826813817024231,-0.8452318608760834,0.28187599778175354,0.9541696310043335,0.9933192729949951,0.5560775399208069
mvtec,0,4,zipper,zipper-fabric_interior-008,60,D:\STUDY\My_github\sci_project\data\mvtec\zipper\test\fabric_interior\008.png,0.7552294135093689,0.2659177780151367,0.7083926200866699,-0.046836793422698975,0.541572630405426,0.9774288535118103,0.9946997165679932,0.5456819534301758
mvtec,0,4,zipper,zipper-fabric_interior-009,61,D:\STUDY\My_github\sci_project\data\mvtec\zipper\test\fabric_interior\009.png,0.6934117078781128,0.4607568383216858,0.7843521237373352,0.09094041585922241,0.42437073588371277,0.9657859206199646,0.9940443634986877,0.5506427884101868
mvtec,0,4,zipper,zipper-fabric_interior-010,62,D:\STUDY\My_github\sci_project\data\mvtec\zipper\test\fabric_interior\010.png,0.7350308299064636,0.24257990717887878,0.45002204179763794,-0.2850087881088257,0.49542778730392456,0.9219916462898254,0.9908965826034546,0.5739651322364807
mvtec,0,4,zipper,zipper-fabric_interior-011,63,D:\STUDY\My_github\sci_project\data\mvtec\zipper\test\fabric_interior\011.png,0.6707851886749268,0.44532930850982666,0.7320895195007324,0.061304330825805664,0.5308436751365662,0.9747217893600464,0.9945533871650696,0.5467939376831055
mvtec,0,4,zipper,zipper-fabric_interior-012,64,D:\STUDY\My_github\sci_project\data\mvtec\zipper\test\fabric_interior\012.png,0.7598267793655396,0.33322474360466003,0.6104665398597717,-0.14936023950576782,0.37133461236953735,0.9295984506607056,0.9915277361869812,0.5693348050117493
mvtec,0,4,zipper,zipper-fabric_interior-013,65,D:\STUDY\My_github\sci_project\data\mvtec\zipper\test\fabric_interior\013.png,0.7004493474960327,0.328193724155426,0.7764923572540283,0.0760430097579956,0.4834410846233368,0.9622714519500732,0.9938327074050903,0.552234411239624
mvtec,0,4,zipper,zipper-fabric_interior-014,66,D:\STUDY\My_github\sci_project\data\mvtec\zipper\test\fabric_interior\014.png,0.7247940897941589,0.600638747215271,0.8045501708984375,0.07975608110427856,0.46907931566238403,0.9713022112846375,0.9943634271621704,0.5482339262962341
mvtec,0,4,zipper,zipper-fabric_interior-015,67,D:\STUDY\My_github\sci_project\data\mvtec\zipper\test\fabric_interior\015.png,0.6735597848892212,0.3654940128326416,0.7283134460449219,0.054753661155700684,0.4146627187728882,0.9788740277290344,0.9947763085365295,0.5450984239578247
mvtec,0,4,zipper,zipper-rough-000,100,D:\STUDY\My_github\sci_project\data\mvtec\zipper\test\rough\000.png,0.20671825110912323,0.267049103975296,0.8656904697418213,0.6589722186326981,0.2921344041824341,0.9698119759559631,0.9942787289619446,0.5488743185997009
mvtec,0,4,zipper,zipper-rough-001,101,D:\STUDY\My_github\sci_project\data\mvtec\zipper\test\rough\001.png,0.2903953790664673,0.24544450640678406,0.873619794845581,0.5832244157791138,0.2997770607471466,0.9728560447692871,0.9944504499435425,0.5475746989250183
mvtec,0,4,zipper,zipper-rough-002,102,D:\STUDY\My_github\sci_project\data\mvtec\zipper\test\rough\002.png,0.2935609817504883,0.3182384967803955,0.7844682931900024,0.49090731143951416,0.277178019285202,0.9588556289672852,0.9936206340789795,0.5538246035575867
mvtec,0,4,zipper,zipper-rough-003,103,D:\STUDY\My_github\sci_project\data\mvtec\zipper\test\rough\003.png,0.20625826716423035,0.2643683850765228,0.8579793572425842,0.6517210900783539,0.3171483874320984,0.9813185334205627,0.9949036836624146,0.5441268682479858
mvtec,0,4,zipper,zipper-rough-004,104,D:\STUDY\My_github\sci_project\data\mvtec\zipper\test\rough\004.png,0.28827983140945435,0.3185243010520935,0.8859008550643921,0.5976210236549377,0.2490733116865158,0.9830980896949768,0.994994580745697,0.5434318780899048
mvtec,0,4,zipper,zipper-rough-005,105,D:\STUDY\My_github\sci_project\data\mvtec\zipper\test\rough\005.png,0.19867786765098572,0.19988563656806946,0.8498952388763428,0.6512173712253571,0.24902629852294922,0.9491130113601685,0.9929801225662231,0.5586038827896118
mvtec,0,4,zipper,zipper-rough-006,106,D:\STUDY\My_github\sci_project\data\mvtec\zipper\test\rough\006.png,0.2591502070426941,0.36051440238952637,0.8023104667663574,0.5431602597236633,0.3136634826660156,0.9877803325653076,0.9952267408370972,0.54165118932724
mvtec,0,4,zipper,zipper-rough-007,107,D:\STUDY\My_github\sci_project\data\mvtec\zipper\test\rough\007.png,0.2604176700115204,0.2752409279346466,0.8563923239707947,0.5959746539592743,0.23819847404956818,0.9787884950637817,0.9947718381881714,0.5451328158378601
mvtec,0,4,zipper,zipper-rough-008,108,D:\STUDY\My_github\sci_project\data\mvtec\zipper\test\rough\008.png,0.2518610954284668,0.2822829782962799,0.7007737159729004,0.4489126205444336,0.24831148982048035,0.9789961576461792,0.9947827458381653,0.5450494289398193
mvtec,0,4,zipper,zipper-rough-009,109,D:\STUDY\My_github\sci_project\data\mvtec\zipper\test\rough\009.png,0.31449198722839355,0.468895822763443,0.8017451763153076,0.48725318908691406,0.21527168154716492,0.9832599759101868,0.9950027465820312,0.5433692336082458
mvtec,0,4,zipper,zipper-rough-010,110,D:\STUDY\My_github\sci_project\data\mvtec\zipper\test\rough\010.png,0.35379499197006226,0.35456591844558716,0.8180976510047913,0.464302659034729,0.2799791097640991,0.9895646572113037,0.9953125715255737,0.5409907102584839
mvtec,0,4,zipper,zipper-rough-011,111,D:\STUDY\My_github\sci_project\data\mvtec\zipper\test\rough\011.png,0.3893488645553589,0.6126868724822998,0.781254231929779,0.39190536737442017,0.2826637029647827,0.9941604733467102,0.9955272674560547,0.5393336415290833
mvtec,0,4,zipper,zipper-rough-012,112,D:\STUDY\My_github\sci_project\data\mvtec\zipper\test\rough\012.png,0.2070833444595337,0.28635507822036743,0.849907398223877,0.6428240537643433,0.29137009382247925,0.9753893613815308,0.9945898056030273,0.5465174913406372
mvtec,0,4,zipper,zipper-rough-013,113,D:\STUDY\My_github\sci_project\data\mvtec\zipper\test\rough\013.png,0.368374228477478,0.36987394094467163,0.6613434553146362,0.2929692268371582,0.24168843030929565,0.9811441898345947,0.9948946833610535,0.5441955327987671
mvtec,0,4,zipper,zipper-rough-014,114,D:\STUDY\My_github\sci_project\data\mvtec\zipper\test\rough\014.png,0.383973091840744,0.324718713760376,0.535124659538269,0.15115156769752502,0.2576792538166046,0.9759497046470642,0.9946202039718628,0.5462865233421326
mvtec,0,4,zipper,zipper-rough-015,115,D:\STUDY\My_github\sci_project\data\mvtec\zipper\test\rough\015.png,0.3301430940628052,0.4491339921951294,0.8478790521621704,0.5177359580993652,0.4295947551727295,0.9923648834228516,0.9954444766044617,0.5399734973907471
mvtec,0,4,zipper,zipper-rough-016,116,D:\STUDY\My_github\sci_project\data\mvtec\zipper\test\rough\016.png,0.289897084236145,0.4247762858867645,0.8566956520080566,0.5667985677719116,0.2863968014717102,0.9687992334365845,0.9942205548286438,0.5493137836456299
mvtec,0,4,zipper,zipper-split_teeth-000,117,D:\STUDY\My_github\sci_project\data\mvtec\zipper\test\split_teeth\000.png,0.24444042146205902,0.3075326979160309,0.7298307418823242,0.4853903204202652,0.2002701312303543,0.9588045477867126,0.9936174154281616,0.5538487434387207
mvtec,0,4,zipper,zipper-split_teeth-001,118,D:\STUDY\My_github\sci_project\data\mvtec\zipper\test\split_teeth\001.png,0.3274954557418823,0.4030319154262543,0.7551906704902649,0.42769521474838257,0.22513672709465027,0.9652824997901917,0.9940144419670105,0.550868034362793
mvtec,0,4,zipper,zipper-split_teeth-002,119,D:\STUDY\My_github\sci_project\data\mvtec\zipper\test\split_teeth\002.png,0.42954781651496887,0.5007839798927307,0.7898257970809937,0.3602779805660248,0.21776089072227478,0.9694697260856628,0.9942591190338135,0.5490224361419678
mvtec,0,4,zipper,zipper-split_teeth-003,120,D:\STUDY\My_github\sci_project\data\mvtec\zipper\test\split_teeth\003.png,0.1355060189962387,0.3114483952522278,0.6937106847763062,0.5582046657800674,0.21583007276058197,0.9798598885536194,0.9948280453681946,0.544704258441925
mvtec,0,4,zipper,zipper-split_teeth-004,121,D:\STUDY\My_github\sci_project\data\mvtec\zipper\test\split_teeth\004.png,0.27841854095458984,0.20624297857284546,0.8151118159294128,0.536693274974823,0.3090057671070099,0.951485276222229,0.9931410551071167,0.5574062466621399
mvtec,0,4,zipper,zipper-split_teeth-005,122,D:\STUDY\My_github\sci_project\data\mvtec\zipper\test\split_teeth\005.png,0.32552140951156616,0.1950080692768097,0.6779481768608093,0.35242676734924316,0.184761643409729,0.9671065807342529,0.9941221475601196,0.5500564575195312
mvtec,0,4,zipper,zipper-split_teeth-006,123,D:\STUDY\My_github\sci_project\data\mvtec\zipper\test\split_teeth\006.png,0.24268901348114014,0.39814645051956177,0.7282525300979614,0.4855635166168213,0.17720142006874084,0.9715045690536499,0.9943748116493225,0.5481476783752441
mvtec,0,4,zipper,zipper-split_teeth-007,124,D:\STUDY\My_github\sci_project\data\mvtec\zipper\test\split_teeth\007.png,0.3779670298099518,0.3705306351184845,0.8216044306755066,0.4436374008655548,0.22103749215602875,0.9744099974632263,0.9945363402366638,0.5469235777854919
mvtec,0,4,zipper,zipper-split_teeth-008,125,D:\STUDY\My_github\sci_project\data\mvtec\zipper\test\split_teeth\008.png,0.38986992835998535,0.28651490807533264,0.5161494016647339,0.12627947330474854,0.1832590252161026,0.9455821514129639,0.992734432220459,0.5604281425476074
mvtec,0,4,zipper,zipper-split_teeth-009,126,D:\STUDY\My_github\sci_project\data\mvtec\zipper\test\split_teeth\009.png,0.3298594355583191,0.30228596925735474,0.42937538027763367,0.09951594471931458,0.22753052413463593,0.9508042335510254,0.9930951595306396,0.5577477812767029
mvtec,0,4,zipper,zipper-split_teeth-010,127,D:\STUDY\My_github\sci_project\data\mvtec\zipper\test\split_teeth\010.png,0.23086947202682495,0.20465274155139923,0.7743327617645264,0.5434632897377014,0.17549462616443634,0.9789470434188843,0.9947801828384399,0.54506915807724
mvtec,0,4,zipper,zipper-split_teeth-011,128,D:\STUDY\My_github\sci_project\data\mvtec\zipper\test\split_teeth\011.png,0.3191238045692444,0.3554835915565491,0.7578926682472229,0.4387688636779785,0.21410636603832245,0.9508911967277527,0.9931010603904724,0.5577040314674377
mvtec,0,4,zipper,zipper-split_teeth-012,129,D:\STUDY\My_github\sci_project\data\mvtec\zipper\test\split_teeth\012.png,0.3084484338760376,0.25282201170921326,0.7732962965965271,0.4648478627204895,0.2477089762687683,0.9539974927902222,0.9933080077171326,0.5561618208885193
mvtec,0,4,zipper,zipper-split_teeth-013,130,D:\STUDY\My_github\sci_project\data\mvtec\zipper\test\split_teeth\013.png,0.3644981384277344,0.37270188331604004,0.5792230367660522,0.21472489833831787,0.17885689437389374,0.9330781698226929,0.9918040037155151,0.5673025846481323
mvtec,0,4,zipper,zipper-split_teeth-014,131,D:\STUDY\My_github\sci_project\data\mvtec\zipper\test\split_teeth\014.png,0.3375781774520874,0.38939574360847473,0.6944121718406677,0.3568339943885803,0.25987017154693604,0.9418181777000427,0.9924644231796265,0.5624285936355591
mvtec,0,4,zipper,zipper-split_teeth-015,132,D:\STUDY\My_github\sci_project\data\mvtec\zipper\test\split_teeth\015.png,0.30204495787620544,0.2598813772201538,0.8473461270332336,0.5453011691570282,0.35175615549087524,0.9524776935577393,0.9932073950767517,0.5569117665290833
mvtec,0,4,zipper,zipper-split_teeth-016,133,D:\STUDY\My_github\sci_project\data\mvtec\zipper\test\split_teeth\016.png,0.38314881920814514,0.376842737197876,0.8336414098739624,0.45049259066581726,0.2951660752296448,0.9671885371208191,0.9941269755363464,0.550020158290863
mvtec,0,4,zipper,zipper-split_teeth-017,134,D:\STUDY\My_github\sci_project\data\mvtec\zipper\test\split_teeth\017.png,0.37538257241249084,0.29842889308929443,0.6874770522117615,0.31209447979927063,0.2960393726825714,0.9439750909805298,0.9926201701164246,0.5612752437591553
mvtec,0,4,zipper,zipper-squeezed_teeth-000,135,D:\STUDY\My_github\sci_project\data\mvtec\zipper\test\squeezed_teeth\000.png,0.28912585973739624,0.26669541001319885,0.8554512858390808,0.5663254261016846,0.20387570559978485,0.9327968955039978,0.9917819499969482,0.5674648284912109
mvtec,0,4,zipper,zipper-squeezed_teeth-001,136,D:\STUDY\My_github\sci_project\data\mvtec\zipper\test\squeezed_teeth\001.png,0.14057545363903046,0.44361719489097595,0.8411141037940979,0.7005386501550674,0.25497910380363464,0.9778763055801392,0.9947235584259033,0.5455005168914795
mvtec,0,4,zipper,zipper-squeezed_teeth-002,137,D:\STUDY\My_github\sci_project\data\mvtec\zipper\test\squeezed_teeth\002.png,0.3031226098537445,0.37979596853256226,0.8273290395736694,0.5242064297199249,0.2213037610054016,0.9594404101371765,0.9936574101448059,0.5535493493080139
mvtec,0,4,zipper,zipper-squeezed_teeth-003,138,D:\STUDY\My_github\sci_project\data\mvtec\zipper\test\squeezed_teeth\003.png,0.22238478064537048,0.23728281259536743,0.8288060426712036,0.6064212620258331,0.2705652117729187,0.9653297066688538,0.9940172433853149,0.5508469939231873
mvtec,0,4,zipper,zipper-squeezed_teeth-004,139,D:\STUDY\My_github\sci_project\data\mvtec\zipper\test\squeezed_teeth\004.png,0.2387591153383255,0.41475510597229004,0.7837823629379272,0.5450232475996017,0.16669826209545135,0.9604252576828003,0.9937188625335693,0.5530884265899658
mvtec,0,4,zipper,zipper-squeezed_teeth-005,140,D:\STUDY\My_github\sci_project\data\mvtec\zipper\test\squeezed_teeth\005.png,0.12132304906845093,0.3003239333629608,0.6075856685638428,0.48626261949539185,0.195773184299469,0.9559862017631531,0.9934375882148743,0.5551941990852356
mvtec,0,4,zipper,zipper-squeezed_teeth-006,141,D:\STUDY\My_github\sci_project\data\mvtec\zipper\test\squeezed_teeth\006.png,0.31212031841278076,0.3160806894302368,0.6318550109863281,0.31973469257354736,0.2893977463245392,0.9543591737747192,0.9933316707611084,0.5559848546981812
mvtec,0,4,zipper,zipper-squeezed_teeth-007,142,D:\STUDY\My_github\sci_project\data\mvtec\zipper\test\squeezed_teeth\007.png,0.3009816110134125,0.4745805263519287,0.6721612215042114,0.37117961049079895,0.16137292981147766,0.9507646560668945,0.9930924773216248,0.5577676296234131
mvtec,0,4,zipper,zipper-squeezed_teeth-008,143,D:\STUDY\My_github\sci_project\data\mvtec\zipper\test\squeezed_teeth\008.png,0.16662046313285828,0.33866697549819946,0.3009750545024872,0.1343545913696289,0.11160612106323242,0.953742504119873,0.9932911992073059,0.5562870502471924
mvtec,0,4,zipper,zipper-squeezed_teeth-009,144,D:\STUDY\My_github\sci_project\data\mvtec\zipper\test\squeezed_teeth\009.png,0.16517511010169983,0.22624459862709045,0.38322895765304565,0.21805384755134583,0.2139815241098404,0.9701631665229797,0.9942988157272339,0.5487226843833923
mvtec,0,4,zipper,zipper-squeezed_teeth-010,145,D:\STUDY\My_github\sci_project\data\mvtec\zipper\test\squeezed_teeth\010.png,0.20994587242603302,0.22611799836158752,0.851279616355896,0.641333743929863,0.27256539463996887,0.9796309471130371,0.9948160648345947,0.5447954535484314
mvtec,0,4,zipper,zipper-squeezed_teeth-011,146,D:\STUDY\My_github\sci_project\data\mvtec\zipper\test\squeezed_teeth\011.png,0.22176815569400787,0.09655190259218216,0.5542536377906799,0.33248548209667206,0.2510960102081299,0.9569314122200012,0.9934983849525452,0.5547396540641785
mvtec,0,4,zipper,zipper-squeezed_teeth-012,147,D:\STUDY\My_github\sci_project\data\mvtec\zipper\test\squeezed_teeth\012.png,0.21419978141784668,0.3613700270652771,0.7243980169296265,0.5101982355117798,0.15488936007022858,0.9464113712310791,0.9927927851676941,0.559995174407959
mvtec,0,4,zipper,zipper-squeezed_teeth-013,148,D:\STUDY\My_github\sci_project\data\mvtec\zipper\test\squeezed_teeth\013.png,0.31889742612838745,0.31996387243270874,0.30899009108543396,-0.009907335042953491,0.2473079115152359,0.9560755491256714,0.9934433698654175,0.5551510453224182
mvtec,0,4,zipper,zipper-squeezed_teeth-014,149,D:\STUDY\My_github\sci_project\data\mvtec\zipper\test\squeezed_teeth\014.png,0.4996781349182129,0.32024288177490234,0.851716160774231,0.35203802585601807,0.2987770140171051,0.9500229954719543,0.9930422306060791,0.558141827583313
mvtec,0,4,zipper,zipper-squeezed_teeth-015,150,D:\STUDY\My_github\sci_project\data\mvtec\zipper\test\squeezed_teeth\015.png,0.415968120098114,0.35376784205436707,0.7909531593322754,0.3749850392341614,0.2956390082836151,0.971821665763855,0.9943926334381104,0.5480127334594727
