dataset,seed,shot,category,sample_count,raw_visual_image_auroc,calibrated_visual_image_auroc,raw_text_image_auroc,calibrated_text_image_auroc,dynamic_image_auroc,dynamic_pixel_auroc,dynamic_pixel_ap,dynamic_aupro,dynamic_minus_raw_visual_image_auroc,calibration_loss_visual_image_auroc,calibration_loss_text_image_auroc,raw_visual_minus_raw_text_image_auroc,visual_calibration_high_saturation_fraction,visual_calibration_low_saturation_fraction,text_calibration_high_saturation_fraction,text_calibration_low_saturation_fraction,visual_calibrated_unique_fraction,text_calibrated_unique_fraction,raw_to_calibrated_visual_spearman,raw_to_calibrated_text_spearman,dynamic_to_raw_visual_spearman,mean_visual_weight,mean_visual_weight_normal,mean_visual_weight_anomaly,visual_weight_label_gap,visual_weight_at_upper_clip_fraction,visual_weight_at_lower_clip_fraction,mean_pixel_visual_weight,pixel_visual_weight_p10_sampled,pixel_visual_weight_p50_sampled,pixel_visual_weight_p90_sampled,route_visual_count,route_text_count,route_weighted_count
mvtec,0,1,bottle,83,0.9992063492063492,0.5,0.9333333333333333,0.7777777777777778,0.7777777777777778,0.9084752718166668,0.4333019138537322,0.8426103215848294,-0.22142857142857142,-0.4992063492063492,-0.15555555555555556,0.06587301587301586,1.0,0.0,0.024096385542168676,0.7108433734939759,0.012048192771084338,0.43373493975903615,,0.8981320609699388,0.36448783822240866,0.5727141212268048,0.49999988079071045,0.5957980070795331,0.09579812628882267,0.0,0.0,0.4827648388209127,0.437207356095314,0.49999967217445374,0.5056764721870423,18,0,65
mvtec,0,1,cable,150,0.9205397301349325,0.5086206896551724,0.8809970014992504,0.5,0.5086206896551724,0.903857704198922,0.3722042875323006,0.6265533474757538,-0.41191904047976013,-0.41191904047976013,-0.3809970014992504,0.03954272863568209,1.0,0.0,0.0,1.0,0.013333333333333334,0.006666666666666667,0.14095229572048187,,0.14095229572048187,0.49999983807404835,0.4999997703165844,0.49999988079071045,1.104741260693487e-07,0.0,0.0,0.511417399739651,0.49999967217445374,0.49999967217445374,0.5020279824733734,0,0,150
mvtec,0,1,capsule,132,0.8635819704826485,0.5,0.9026725169525329,0.9026725169525329,0.9026725169525328,0.9669916232647456,0.1606423907711297,0.9531808538844292,0.0390905464698843,-0.3635819704826485,0.0,-0.03909054646988441,1.0,0.0,0.0,0.0,0.007575757575757576,1.0,,0.9999999999999998,0.640918743771295,0.7373218563469973,0.8536111842031064,0.7127837412947908,-0.14082744290831561,0.0,0.0,0.24242628197432248,0.14182026386260987,0.14941450953483582,0.49999967217445374,101,0,31
mvtec,0,1,carpet,117,1.0,0.5,1.0,0.5,0.5,0.976233331444021,0.2980477991643034,0.9881717530210334,-0.5,-0.5,-0.5,0.0,1.0,0.0,1.0,0.0,0.008547008547008548,0.008547008547008548,,,,0.5,0.5,0.5,0.0,0.0,0.0,0.5020537518855852,0.49999967217445374,0.49999967217445374,0.49999967217445374,0,0,117
mvtec,0,1,grid,78,0.9866332497911445,0.5,0.9908103592314119,0.5238095238095238,0.5238095238095238,0.9537698340388884,0.2127519944613951,0.8496364826151567,-0.4628237259816207,-0.48663324979114453,-0.4670008354218881,-0.00417710944026739,1.0,0.0,1.0,0.0,0.01282051282051282,0.02564102564102564,,0.19487094073848923,0.1543782777278941,0.500001289905646,0.5000047910781134,0.5,-4.791078113353109e-06,0.0,0.0,0.5028292851897123,0.49999967217445374,0.49999967217445374,0.49999967217445374,0,0,78
mvtec,0,1,hazelnut,110,0.905,0.5,0.9778571428571428,0.8642857142857143,0.8642857142857143,0.9364818113718176,0.3174471581021386,0.894507929197138,-0.0407142857142857,-0.405,-0.11357142857142843,-0.07285714285714273,1.0,0.0,0.2636363636363636,0.5909090909090909,0.00909090909090909,0.3181818181818182,,0.9172561201663596,0.6757653192690897,0.5238554884086956,0.49999988079071045,0.5374872641904014,0.03748738339969093,0.0,0.0,0.32514517298178885,0.16137313842773438,0.42026932537555695,0.49999967217445374,8,0,102
mvtec,0,1,leather,124,1.0,0.5,0.9996603260869565,0.9996603260869565,0.9996603260869564,0.9781954504979746,0.131916109124866,0.9991888310437084,-0.00033967391304357,-0.5,0.0,0.00033967391304345895,1.0,0.0,0.7338709677419355,0.25,0.008064516129032258,0.5645161290322581,,0.9947177562676492,0.6850476118709816,0.5006683218863702,0.5008880663663149,0.5005918890237808,-0.00029617734253406525,0.0,0.0,0.5187910443974111,0.5054338872432709,0.5066962838172913,0.5144954919815063,0,0,124
mvtec,0,1,metal_nut,115,0.9946236559139785,0.5,0.9574780058651026,0.9574780058651026,0.9574780058651026,0.9241603236684124,0.508968160635961,0.0,-0.03714565004887593,-0.4946236559139785,0.0,0.03714565004887593,1.0,0.0,0.0,0.13043478260869565,0.008695652173913044,0.9826086956521739,,0.9999921091774212,0.3732689439786687,0.6689314785210982,0.5309224237095226,0.7015787818098581,0.17065635810033553,0.0,0.0,0.4522295506055162,0.24356768131256104,0.4980933666229248,0.5,54,0,61
mvtec,0,1,pill,167,0.908619749045281,0.67075831969449,0.823786142935079,0.6749863611565738,0.7956901254773595,0.8613239908559427,0.246949859415725,0.8174424255614124,-0.11292962356792147,-0.23786142935079102,-0.14879978177850517,0.08483360611020196,1.0,0.0,1.0,0.0,0.059880239520958084,0.1437125748502994,0.4112190735977168,0.650669314359591,0.3242553914648095,0.5000030732083464,0.5000014591675538,0.5000033708328896,1.9116653358075553e-06,0.0,0.0,0.45558090765421577,0.4354642242193222,0.435664564371109,0.49999967217445374,0,0,167
mvtec,0,1,screw,160,0.8926009428161509,0.5365853658536586,0.8425906948145113,0.8302930928468949,0.8333674933387989,0.964459654036729,0.0577953769089913,0.8415007322656847,-0.059233449477351985,-0.3560155769624923,-0.012297601967616423,0.05001024800163956,1.0,0.0,0.0375,0.375,0.025,0.78125,0.2349538853796846,0.9942925723559268,0.5129978154115479,0.5880469072610139,0.5299235306135038,0.6080726084588957,0.07814907784539182,0.0,0.0,0.42263856904845337,0.3928400605916977,0.39399921894073486,0.49999967217445374,42,0,118
mvtec,0,1,tile,117,0.9992784992784993,0.5,1.0,0.9090909090909091,0.9090909090909092,0.8988963744654553,0.4775037343278279,0.9065382739075633,-0.09018759018759015,-0.4992784992784993,-0.09090909090909094,-0.0007215007215006786,1.0,0.0,0.7948717948717948,0.1282051282051282,0.008547008547008548,0.1452991452991453,,0.7374180027192605,0.6876488287577882,0.5130747745179722,0.546356018745538,0.5,-0.046356018745537964,0.0,0.0,0.5025039321744198,0.49999967217445374,0.49999967217445374,0.5,5,0,112
mvtec,0,1,toothbrush,42,0.9916666666666667,0.5,0.9277777777777778,0.9277777777777778,0.9277777777777778,0.945036685847034,0.2431662052797162,0.9552020227213156,-0.06388888888888888,-0.4916666666666667,0.0,0.06388888888888888,1.0,0.0,1.0,0.0,0.023809523809523808,0.9761904761904762,,0.9999594838239,0.4468214419615061,0.5007813289051964,0.5017216404279073,0.500405204296112,-0.0013164361317953288,0.0,0.0,0.4435178846673369,0.3165336847305298,0.31670184433460236,0.7548768520355223,0,0,42
mvtec,0,1,transistor,100,0.9154166666666667,0.5083333333333333,0.8737499999999999,0.8052083333333333,0.8075,0.6291616110984043,0.0996987284612147,0.5074027318681058,-0.10791666666666666,-0.40708333333333335,-0.06854166666666661,0.04166666666666674,1.0,0.0,0.0,0.82,0.02,0.41,0.17234549688642783,0.8854594309398843,0.47899158593605956,0.5265914180874824,0.5007815187176069,0.5653062671422958,0.06452474842468892,0.0,0.0,0.5061303222917695,0.49999967217445374,0.49999967217445374,0.49999967217445374,8,0,92
mvtec,0,1,wood,79,0.9912280701754386,0.5,0.9921052631578947,0.9921052631578947,0.9921052631578948,0.9498550672643932,0.327732629227361,0.982637676258936,0.0008771929824562541,-0.49122807017543857,0.0,-0.0008771929824561431,1.0,0.0,0.0,0.0,0.012658227848101266,1.0,,1.0,0.6115141187925998,0.5572812504406217,0.7047635410961351,0.5105785250663757,-0.19418501602975946,0.0,0.0,0.5066299960575278,0.49999967217445374,0.49999967217445374,0.5,10,0,69
mvtec,0,1,zipper,151,0.9860819327731092,0.5,0.98109243697479,0.9813550420168068,0.98109243697479,0.913455283933966,0.1800077264773209,0.8630157789166242,-0.004989495798319199,-0.4860819327731092,0.0002626050420168058,0.004989495798319199,1.0,0.0,1.0,0.0,0.006622516556291391,0.3708609271523179,,0.91957811564342,0.6916782567501545,0.5000188666463687,0.5000763889402151,0.500003398466511,-7.299047370412648e-05,0.0,0.0,0.5044752934239036,0.49999967217445374,0.49999967217445374,0.5,0,0,151
mvtec,0,2,bottle,83,1.0,0.575,0.9333333333333333,0.928968253968254,0.9349206349206348,0.9308378202845372,0.5759423201807792,0.8878953501847731,-0.06507936507936518,-0.42500000000000004,-0.00436507936507935,0.06666666666666665,1.0,0.0,0.0,0.3855421686746988,0.04819277108433735,0.7951807228915663,0.32337531830752264,0.9949022071270915,0.4841711904377184,0.6608144583472286,0.5037660747766495,0.7106710880521744,0.2069050132755249,0.0,0.0,0.4640605701756985,0.05000000074505806,0.5076726078987122,0.8391640126705171,41,0,42
mvtec,0,2,cable,150,0.9345952023988007,0.5,0.8809970014992504,0.5271739130434783,0.5271739130434783,0.9054335210532318,0.3630613496564118,0.7931501454772534,-0.4074212893553224,-0.4345952023988007,-0.35382308845577215,0.05359820089955025,1.0,0.0,0.0,1.0,0.006666666666666667,0.04,,0.31097671985180925,0.2162230080249155,0.5000130907694499,0.49999988079071045,0.5000214187995248,2.153800881432577e-05,0.0,0.0,0.9303161834224327,0.9076426565647125,0.9311161637306213,0.949999988079071,0,0,150
mvtec,0,2,capsule,132,0.9118468288791385,0.5217391304347826,0.9026725169525329,0.9026725169525329,0.9026725169525328,0.9690575247704192,0.1645723085564166,0.9607784466264638,-0.009174311926605672,-0.3901076984443559,0.0,0.00917431192660556,1.0,0.0,0.0,0.0,0.015151515151515152,1.0,0.15018785229652765,0.9999999999999998,0.6475139966501958,0.7350370075666544,0.8526122129481771,0.710227560559544,-0.14238465238863318,0.0,0.0,0.17587083462069705,0.05000000074505806,0.05000000074505806,0.49999967217445374,99,0,33
mvtec,0,2,carpet,117,1.0,0.5,1.0,0.5,0.5,0.9892446043322772,0.4788411209768345,0.9948867269290352,-0.5,-0.5,-0.5,0.0,1.0,0.0,1.0,0.0,0.008547008547008548,0.008547008547008548,,,,0.5,0.5,0.5,0.0,0.0,0.0,0.8489289033747645,0.8453591167926788,0.855325847864151,0.8854949414730072,0,0,117
mvtec,0,2,grid,78,1.0,0.5,0.9908103592314119,0.9908103592314119,0.990810359231412,0.9829243034486312,0.3452554272708332,0.9303795432697368,-0.00918964076858797,-0.5,0.0,0.009189640768588081,1.0,0.0,0.0,0.0,0.01282051282051282,1.0,,0.9999999999999999,0.6846191782900644,0.6232073307037354,0.684816300868988,0.6005092890639054,-0.0843070118050826,0.0,0.0,0.9429169719968974,0.949999988079071,0.949999988079071,0.949999988079071,21,0,57
mvtec,0,2,hazelnut,110,0.9289285714285715,0.5,0.9778571428571428,0.9778571428571428,0.9778571428571428,0.9767744563014064,0.4958652917730827,0.9746946932378586,0.04892857142857121,-0.42892857142857155,0.0,-0.04892857142857121,1.0,0.0,0.0,0.07272727272727272,0.00909090909090909,1.0,,0.9999999999999999,0.7288461104974866,0.7485881241885098,0.6085083976387977,0.8286336822169168,0.22012528457811908,0.0,0.0,0.2938574957764313,0.05000000074505806,0.05000000074505806,0.5550898909568788,80,0,30
mvtec,0,2,leather,124,1.0,0.5,0.9996603260869565,0.9996603260869565,0.9996603260869564,0.9877710318867808,0.2416822970177946,0.9954421625846926,-0.00033967391304357,-0.5,0.0,0.00033967391304345895,1.0,0.0,0.33064516129032256,0.24193548387096775,0.008064516129032258,0.8225806451612904,,0.9968100182237115,0.6915815556737974,0.5088955606183698,0.5056596733629704,0.5100210866202479,0.004361413257277569,0.0,0.0,0.9332290908390216,0.949999988079071,0.949999988079071,0.949999988079071,2,0,122
mvtec,0,2,metal_nut,115,1.0,0.9772727272727273,0.9574780058651026,0.9574780058651026,0.959921798631476,0.9324854872825998,0.6529808339448449,0.9152050698740868,-0.040078201368524025,-0.022727272727272707,0.0,0.042521994134897434,1.0,0.0,0.0,0.20869565217391303,0.19130434782608696,0.9652173913043478,0.6737195640431654,0.9999605452644299,0.38256135090349563,0.6479039832301762,0.5222086405212228,0.6776383653763802,0.15542972485515738,0.0,0.0,0.6969969320649864,0.4635856658220291,0.7088029980659485,0.949999988079071,47,0,68
mvtec,0,2,pill,167,0.8987997817785052,0.6538461538461539,0.823786142935079,0.823786142935079,0.823786142935079,0.9320026214522196,0.4071530684349901,0.9512624953489016,-0.07501363884342616,-0.24495362793235131,0.0,0.07501363884342616,1.0,0.0,0.0,0.0,0.04790419161676647,1.0,0.37005401696339585,1.0,0.3276175703670113,0.6405005840484254,0.6721627139128171,0.6346621771230765,-0.037500536789740635,0.0,0.0,0.7148458477737375,0.5751290321350098,0.6150048673152924,0.9304787039756774,54,0,113
mvtec,0,2,screw,160,0.9036687845870055,0.5448862471817996,0.8425906948145113,0.8425906948145113,0.8425906948145113,0.9781466412802128,0.1387517294617122,0.9391882581581308,-0.06107808977249418,-0.35878253740520594,0.0,0.06107808977249418,1.0,0.0,0.0,0.1375,0.03125,0.96875,0.30141614659059723,0.9999743639043731,0.5323352220581841,0.6960901886224746,0.5757560177547175,0.7375498609382565,0.16179384318353895,0.0,0.0,0.33301789780177354,0.15649219751358032,0.1582750380039215,0.6995862126350404,98,0,62
mvtec,0,2,tile,117,1.0,0.5,1.0,1.0,1.0,0.944773033453886,0.5610028126438306,0.939965445408672,0.0,-0.5,0.0,0.0,1.0,0.0,0.0,0.0,0.008547008547008548,1.0,,1.0,0.8481469825712958,0.6040163987722152,0.7692953835834156,0.539085369024958,-0.2302100145584577,0.0,0.0,0.5943836345558394,0.5485134899616242,0.5643118321895599,0.6912077605724335,29,0,88
mvtec,0,2,toothbrush,42,1.0,0.5,0.9277777777777778,0.9277777777777778,0.9277777777777778,0.9461813904504872,0.3373676579280084,0.9306871681476816,-0.07222222222222219,-0.5,0.0,0.07222222222222219,1.0,0.0,0.0,0.0,0.023809523809523808,1.0,,1.0,0.502309375253221,0.853157027846291,0.8636047492424647,0.8489779392878215,-0.01462680995464316,0.0,0.0,0.4786631180392192,0.1578578233718872,0.1757964864373207,0.949999988079071,42,0,0
mvtec,0,2,transistor,100,0.9245833333333333,0.7916666666666666,0.8737499999999999,0.8737499999999999,0.8737499999999999,0.7456191815977011,0.1648192705697262,0.6024450610078481,-0.0508333333333334,-0.13291666666666668,0.0,0.0508333333333334,1.0,0.0,0.0,0.07,0.32,1.0,0.8659924909024499,0.9999999999999999,0.5414221422142214,0.6560769659280777,0.5847536196311315,0.763061985373497,0.17830836574236553,0.0,0.0,0.7972500797899126,0.7287831366062164,0.7636078298091888,0.949999988079071,42,0,58
mvtec,0,2,wood,79,0.987719298245614,0.5,0.9921052631578947,0.9921052631578947,0.9921052631578948,0.9612325432562792,0.3670741765001525,0.9915024217955188,0.004385964912280826,-0.487719298245614,0.0,-0.004385964912280715,1.0,0.0,0.0,0.0,0.012658227848101266,1.0,,1.0,0.6111489776046739,0.8219081638734552,0.8325721746996829,0.8185312271118164,-0.014040947587866559,0.0,0.0,0.5366214664044597,0.5008232295513153,0.5109171569347382,0.5632052421569824,79,0,0
mvtec,0,2,zipper,151,0.9910714285714286,0.5,0.98109243697479,0.898109243697479,0.8982405462184874,0.9588415169562432,0.3120955502436605,0.9081783981804664,-0.09283088235294124,-0.4910714285714286,-0.08298319327731096,0.00997899159663862,1.0,0.0,1.0,0.0,0.006622516556291391,0.16556291390728478,,0.6967434081398522,0.5865560644549147,0.5000043179815179,0.5000198092311621,0.5000001522673279,-1.965696383421367e-05,0.0,0.0,0.5332531142104041,0.49999967217445374,0.5000091791152954,0.5930777609348296,0,0,151
mvtec,0,4,bottle,83,1.0,0.5,0.9333333333333333,0.930952380952381,0.930952380952381,0.9283499831224392,0.6092638718514396,0.8761707710852543,-0.06904761904761902,-0.5,-0.0023809523809523725,0.06666666666666665,1.0,0.0,0.0,0.3855421686746988,0.012048192771084338,0.7831325301204819,,0.9939998826762615,0.478628512507226,0.6588294412716326,0.5033975183963776,0.7081729088510785,0.20477539045470095,0.0,0.0,0.613769677912899,0.05967965871095658,0.6622535884380341,0.949999988079071,40,0,43
mvtec,0,4,cable,150,0.9248500749625186,0.5,0.8809970014992504,0.5163043478260869,0.5163043478260869,0.90692239857289,0.3471013748643826,0.8250581347162927,-0.40854572713643167,-0.4248500749625186,-0.3646926536731635,0.043853073463268166,1.0,0.0,0.0,1.0,0.006666666666666667,0.02666666666666667,,0.242507164588309,0.19184890686270623,0.5000026933352153,0.49999988079071045,0.5000044664610988,4.585670388301821e-06,0.0,0.0,0.5444728533871298,0.5000108480453491,0.5005434453487396,0.6661047339439392,0,0,150
mvtec,0,4,capsule,132,0.9465496609493419,0.7086158755484643,0.9026725169525329,0.9026725169525329,0.9026725169525328,0.973522313150258,0.2120961714495322,0.9622113388896496,-0.04387714399680909,-0.23793378540087762,0.0,0.043877143996808976,1.0,0.0,0.0,0.0,0.09848484848484848,1.0,0.49869254528293416,0.9999999999999998,0.6826556328364282,0.7596164824384631,0.8578342354815939,0.7388916354660594,-0.11894260001553447,0.0,0.0,0.16271658338682482,0.05000000074505806,0.05000000074505806,0.4999407231807709,108,0,24
mvtec,0,4,carpet,117,1.0,0.5,1.0,0.5,0.5,0.9855937959704926,0.3786602441846724,0.995878779666432,-0.5,-0.5,-0.5,0.0,1.0,0.0,1.0,0.0,0.008547008547008548,0.008547008547008548,,,,0.5,0.5,0.5,0.0,0.0,0.0,0.5334769427210779,0.518825101852417,0.5221005380153656,0.5363464713096618,0,0,117
mvtec,0,4,grid,78,0.9966583124477861,0.5,0.9908103592314119,0.9908103592314119,0.990810359231412,0.9750286561486334,0.1540724116095089,0.9685608971093964,-0.005847953216374102,-0.49665831244778613,0.0,0.005847953216374213,1.0,0.0,0.48717948717948717,0.0,0.01282051282051282,1.0,,0.9999999999999999,0.6747556241227127,0.5098287914043818,0.5216546910149711,0.5054718810215331,-0.01618280999343802,0.0,0.0,0.5228354310657316,0.5018996059894562,0.5031393468379974,0.5242496252059936,0,0,78
mvtec,0,4,hazelnut,110,0.9960714285714286,0.5,0.9778571428571428,0.9778571428571429,0.9778571428571428,0.9766332302691249,0.4962266496986888,0.962724358420144,-0.01821428571428585,-0.4960714285714286,1.1102230246251565e-16,0.01821428571428585,1.0,0.0,0.0,0.16363636363636364,0.00909090909090909,0.9727272727272728,,0.999977458438994,0.8004959201348522,0.6463449694893577,0.5833770409226418,0.6823266429560525,0.09894960203341074,0.0,0.0,0.5435479247203359,0.2273417517542839,0.25062108039855957,0.9388314366340638,46,0,64
mvtec,0,4,leather,124,1.0,0.5,0.9996603260869565,0.9996603260869565,0.9996603260869564,0.9840255230203596,0.1767837366386104,0.9986032370856022,-0.00033967391304357,-0.5,0.0,0.00033967391304345895,1.0,0.0,0.5080645161290323,0.24193548387096775,0.008064516129032258,0.8064516129032258,,0.996372650120004,0.699942555743061,0.5086497851917821,0.5060169491916895,0.5095655542352925,0.0035486050436029926,0.0,0.0,0.5702447863084604,0.5538908243179321,0.557394802570343,0.5761450529098511,2,0,122
mvtec,0,4,metal_nut,115,1.0,1.0,0.9574780058651026,0.9574780058651026,0.9604105571847508,0.9315603642375436,0.6477718809190678,0.92426899993303,-0.03958944281524923,0.0,0.0,0.042521994134897434,0.991304347826087,0.0,0.0,0.1391304347826087,0.20869565217391303,0.9826086956521739,0.6985855556654403,0.9999921091774212,0.3803203661327232,0.6562782870686572,0.5277995453639464,0.6866711076869759,0.15887156232302957,0.0,0.0,0.6328872817473905,0.3966033935546875,0.5832861959934235,0.949999988079071,53,0,62
mvtec,0,4,pill,167,0.9484451718494272,0.5,0.823786142935079,0.823786142935079,0.823786142935079,0.932426094767288,0.3896221736856553,0.958149153131168,-0.12465902891434821,-0.4484451718494272,0.0,0.12465902891434821,1.0,0.0,0.0,0.0,0.005988023952095809,1.0,,1.0,0.35161346841600793,0.5902306601672829,0.6183843887769259,0.5850391924803984,-0.033345196296527546,0.0,0.0,0.37617355738135627,0.2306852638721466,0.2352958545088768,0.5409780263900756,12,0,155
mvtec,0,4,screw,160,0.9005943840951014,0.5280795244927239,0.8425906948145113,0.8419758147161305,0.8419758147161305,0.978165671702074,0.1401024686745545,0.939738336356958,-0.05861856937897092,-0.3725148596023775,-0.0006148800983808433,0.058003689280590076,1.0,0.0,0.0,0.175,0.03125,0.9625,0.30141614659059723,0.9999589819315235,0.5407669368697641,0.6964365046471357,0.5852372137511649,0.7347488653759996,0.1495116516248347,0.0,0.0,0.4545887538282817,0.34580790996551514,0.35003000497817993,0.755019980669022,102,0,58
mvtec,0,4,tile,117,1.0,0.5,1.0,1.0,1.0,0.9448689682749368,0.5623631840290088,0.9400098776977388,0.0,-0.5,0.0,0.0,1.0,0.0,0.6923076923076923,0.1282051282051282,0.008547008547008548,0.6495726495726496,,0.9995034658710794,0.8544629508959858,0.5268958119245676,0.5927812420960629,0.5010122500714802,-0.09176899202458266,0.0,0.0,0.6193347694751286,0.5682859361171723,0.589249312877655,0.738263213634491,9,0,108
mvtec,0,4,toothbrush,42,1.0,0.5,0.9277777777777778,0.9277777777777778,0.9277777777777778,0.9434476338383726,0.2103691455370181,0.9762592365058196,-0.07222222222222219,-0.5,0.0,0.07222222222222219,1.0,0.0,0.0,0.0,0.023809523809523808,1.0,,1.0,0.5272668341301353,0.7773417347953433,0.8457227597633997,0.7499893248081207,-0.09573343495527897,0.0,0.0,0.3360582497771632,0.05000000074505806,0.05000000074505806,0.949999988079071,41,0,1
mvtec,0,4,transistor,100,0.94,0.76875,0.8737499999999999,0.8737499999999999,0.8737499999999999,0.7409617147246745,0.1612980334770782,0.6029108684352605,-0.06625000000000003,-0.1712499999999999,0.0,0.06625000000000003,1.0,0.0,0.0,0.39,0.31,1.0,0.8441073697848943,0.9999999999999999,0.5402220222022202,0.5947931274771691,0.5331435417135556,0.6872675061225891,0.15412396440903353,0.0,0.0,0.7232305045128539,0.6409076809883117,0.6730392873287201,0.9336018860340118,26,0,74
mvtec,0,4,wood,79,0.9929824561403509,0.5,0.9921052631578947,0.9921052631578947,0.9921052631578948,0.9626481700489185,0.3783536425438085,0.991158172046018,-0.0008771929824560321,-0.49298245614035086,0.0,0.0008771929824561431,1.0,0.0,0.0,0.02531645569620253,0.012658227848101266,1.0,,1.0,0.6217867575462512,0.75849277837367,0.6590751754610162,0.7899750192960103,0.1308998438349941,0.0,0.0,0.5510470886228788,0.5047544538974762,0.522921621799469,0.5999926328659058,68,0,11
mvtec,0,4,zipper,151,0.9884453781512605,0.5,0.98109243697479,0.98109243697479,0.98109243697479,0.9595904995104502,0.322535826716309,0.9232545312182991,-0.007352941176470562,-0.48844537815126055,0.0,0.007352941176470562,1.0,0.0,0.0,0.0,0.006622516556291391,1.0,,0.9999999999999999,0.7034437086092714,0.5545742795956845,0.5755539368838072,0.5489326910812313,-0.026621245802575855,0.0,0.0,0.5361517583316198,0.49999967217445374,0.5000653266906738,0.6221030533313752,0,0,151
mvtec,1,1,bottle,83,0.9904761904761905,0.6,0.9333333333333333,0.8575396825396825,0.8845238095238095,0.9106139709460817,0.3578899356886362,0.7930387954200155,-0.10595238095238102,-0.39047619047619053,-0.07579365079365086,0.05714285714285716,1.0,0.0,0.0,0.5542168674698795,0.060240963855421686,0.5783132530120482,0.37112748676874924,0.9583602167374111,0.5163551074923604,0.5969354004026896,0.4999974086880684,0.6277093660263788,0.12771195733831042,0.0,0.0,0.4291694549128017,0.07342281416058541,0.4998382031917572,0.5,22,0,61
mvtec,1,1,cable,150,0.8971139430284858,0.5,0.8809970014992504,0.5,0.5,0.8483505226360996,0.2055512710927114,0.7549103454511584,-0.3971139430284858,-0.3971139430284858,-0.3809970014992504,0.016116941529235373,1.0,0.0,0.0,1.0,0.006666666666666667,0.006666666666666667,,,,0.49999988079071045,0.49999988079071045,0.49999988079071045,0.0,0.0,0.0,0.508016795294721,0.49999967217445374,0.49999967217445374,0.5,0,0,150
mvtec,1,1,capsule,132,0.800957319505385,0.5434782608695652,0.9026725169525329,0.9026725169525329,0.9026725169525328,0.9683890777462356,0.1725734052670016,0.9635328744302596,0.10171519744714785,-0.25747905863581977,0.0,-0.10171519744714796,1.0,0.0,0.3181818181818182,0.015151515151515152,0.022727272727272728,1.0,0.21159163134497774,0.9999999999999998,0.6239871016889899,0.5889180316166445,0.7530876605407052,0.554276733770283,-0.19881092677042222,0.0,0.0,0.19314927278829386,0.06679660528898239,0.06795908510684967,0.49999967217445374,30,0,102
mvtec,1,1,carpet,117,1.0,0.5,1.0,0.5,0.5,0.9763957779730668,0.3018642235958971,0.9876814354433836,-0.5,-0.5,-0.5,0.0,1.0,0.0,1.0,0.0,0.008547008547008548,0.008547008547008548,,,,0.5,0.5,0.5,0.0,0.0,0.0,0.5020308313564865,0.49999967217445374,0.49999967217445374,0.49999967217445374,0,0,117
mvtec,1,1,grid,78,0.987468671679198,0.5,0.9908103592314119,0.5,0.5,0.9483771974532006,0.1051972052933957,0.9132828126645764,-0.48746867167919805,-0.48746867167919805,-0.4908103592314119,-0.003341687552213868,1.0,0.0,1.0,0.0,0.01282051282051282,0.01282051282051282,,,,0.5,0.5,0.5,0.0,0.0,0.0,0.5012840988077609,0.49999967217445374,0.49999967217445374,0.49999967217445374,0,0,78
mvtec,1,1,hazelnut,110,0.9857142857142858,0.5,0.9778571428571428,0.9778571428571429,0.9778571428571428,0.9511793685840972,0.2345357759401236,0.9691006072471612,-0.007857142857143007,-0.48571428571428577,1.1102230246251565e-16,0.007857142857143007,1.0,0.0,0.5181818181818182,0.2818181818181818,0.00909090909090909,0.36363636363636365,,0.9540983342426235,0.7389431801887524,0.532807673107494,0.5358581647276879,0.5310645350388118,-0.004793629688876089,0.0,0.0,0.3682808554679097,0.25708943605422974,0.25709080696105957,0.49999967217445374,10,0,100
mvtec,1,1,leather,124,1.0,0.5,0.9996603260869565,0.9943953804347826,0.9943953804347826,0.9690484904829808,0.1548749603652998,0.9821003045601076,-0.005604619565217406,-0.5,-0.005264945652173947,0.00033967391304345895,1.0,0.0,0.717741935483871,0.2661290322580645,0.008064516129032258,0.056451612903225805,,0.7984209435799692,0.7732966083555953,0.5033796290236134,0.5000008698552847,0.5045548496039017,0.004553979748617043,0.0,0.0,0.5009731185447072,0.49999967217445374,0.49999967217445374,0.49999967217445374,1,0,123
mvtec,1,1,metal_nut,115,1.0,0.6136363636363636,0.9574780058651026,0.8602150537634409,0.8836754643206256,0.8999298947141683,0.4382596102620448,0.9454798372707957,-0.1163245356793744,-0.38636363636363635,-0.09726295210166169,0.042521994134897434,1.0,0.0,0.4260869565217391,0.4260869565217391,0.05217391304347826,0.26956521739130435,0.3533440924373582,0.9459470122685134,0.3014221362346534,0.5204134746738102,0.5026262768290259,0.524621198895157,0.021994922066131073,0.0,0.0,0.5084420894010463,0.4731821745634079,0.49999967217445374,0.5074427902698517,6,0,109
mvtec,1,1,pill,167,0.9181669394435351,0.5,0.823786142935079,0.8295144571740316,0.8303327877795963,0.8902060070296687,0.2391516971192073,0.9112769107303792,-0.08783415166393882,-0.4181669394435351,0.005728314238952592,0.0943807965084561,1.0,0.0,1.0,0.0,0.005988023952095809,0.437125748502994,,0.9752620283766417,0.2185769272137004,0.5000289492978307,0.5000693568816552,0.500021498254005,-4.785862765022131e-05,0.0,0.0,0.40189307751120296,0.31935368180274964,0.43967418372631073,0.49999967217445374,0,0,167
mvtec,1,1,screw,160,0.9069481451117032,0.5,0.8425906948145113,0.8161508505841362,0.8161508505841362,0.9539426421899851,0.0568278036033618,0.8106628298231572,-0.09079729452756702,-0.4069481451117032,-0.026439844230375154,0.06435745029719186,1.0,0.0,0.0,0.5375,0.00625,0.7375,,0.9902519131603016,0.5366238840669788,0.5673481747508049,0.5135820391701489,0.5858726416315351,0.07229060246138619,0.0,0.0,0.49560073032885005,0.49917304515838623,0.49917447566986084,0.49999967217445374,29,0,131
mvtec,1,1,tile,117,1.0,0.5,1.0,0.9848484848484849,0.9848484848484848,0.9085254378580944,0.4759038409693389,0.9209089754856568,-0.015151515151515249,-0.5,-0.015151515151515138,0.0,1.0,0.0,0.7521367521367521,0.1452991452991453,0.008547008547008548,0.1794871794871795,,0.7843594644775462,0.759129964249972,0.5140068913117434,0.5496607964689081,0.5,-0.049660796468908086,0.0,0.0,0.5051386834035988,0.49999967217445374,0.49999967217445374,0.5,5,0,112
mvtec,1,1,toothbrush,42,0.9944444444444445,0.7083333333333333,0.9277777777777778,0.9277777777777778,0.9277777777777778,0.9260985025211486,0.1098844936334007,0.9883512229678804,-0.06666666666666665,-0.2861111111111112,0.0,0.06666666666666665,1.0,0.0,0.0,0.0,0.14285714285714285,1.0,0.5625165997964795,1.0,0.5065229722064662,0.6166439326036544,0.7416020532449087,0.5666606843471527,-0.17494136889775602,0.0,0.0,0.26406130815122525,0.05000000074505806,0.05000000074505806,0.5518323719501496,16,0,26
mvtec,1,1,transistor,100,0.90625,0.5,0.8737499999999999,0.7645833333333334,0.7645833333333334,0.6055077267928303,0.0899780073404969,0.5224914214665133,-0.1416666666666666,-0.40625,-0.10916666666666652,0.032500000000000084,1.0,0.0,0.08,0.8,0.01,0.27,,0.8105033569141813,0.3417625573132902,0.5248454385995864,0.5057666252056757,0.5534636586904526,0.04769703348477683,0.0,0.0,0.5044152898088303,0.49999967217445374,0.49999967217445374,0.49999967217445374,7,0,93
mvtec,1,1,wood,79,0.9798245614035088,0.5,0.9921052631578947,0.9921052631578947,0.9921052631578948,0.93674054218554,0.2849392345242502,0.9779719478307358,0.012280701754386003,-0.4798245614035088,0.0,-0.012280701754385892,1.0,0.0,0.0,0.0759493670886076,0.012658227848101266,0.9873417721518988,,0.9999939142950167,0.5890736920367851,0.5363945168784902,0.5828444424428438,0.5216853737831115,-0.06115906865973231,0.0,0.0,0.5018505750890665,0.49999967217445374,0.49999967217445374,0.5,7,0,72
mvtec,1,1,zipper,151,0.9926470588235294,0.5,0.98109243697479,0.5,0.5,0.8988226099767879,0.1649955978125907,0.44589914234841,-0.49264705882352944,-0.49264705882352944,-0.48109243697479,0.011554621848739455,1.0,0.0,1.0,0.0,0.006622516556291391,0.006622516556291391,,,,0.5,0.5,0.5,0.0,0.0,0.0,0.5010344471622881,0.49999967217445374,0.49999967217445374,0.5,0,0,151
mvtec,1,2,bottle,83,0.9936507936507937,0.5,0.9333333333333333,0.85,0.85,0.9271410682971566,0.6068836244253982,0.8654991589223039,-0.1436507936507937,-0.4936507936507937,-0.08333333333333337,0.060317460317460325,1.0,0.0,0.0,0.6024096385542169,0.012048192771084338,0.5662650602409639,,0.9547065905434605,0.4690207188666094,0.5908167462751089,0.5000013113021851,0.6196470430919102,0.11964573178972515,0.0,0.0,0.6364147648079388,0.09778765216469765,0.6712877154350281,0.949999988079071,21,0,62
mvtec,1,2,cable,150,0.9212893553223389,0.5,0.8809970014992504,0.5,0.5,0.8686972329062024,0.2228341162421148,0.7679817832527911,-0.4212893553223389,-0.4212893553223389,-0.3809970014992504,0.04029235382308849,1.0,0.0,0.0,1.0,0.006666666666666667,0.006666666666666667,,,,0.49999988079071045,0.49999988079071045,0.49999988079071045,0.0,0.0,0.0,0.5118362025947318,0.49999967217445374,0.49999967217445374,0.5000255763530731,0,0,150
mvtec,1,2,capsule,132,0.8041483845233347,0.7905863581970483,0.9026725169525329,0.9026725169525329,0.9026725169525328,0.9680677134917032,0.1985112613065891,0.9676151631550232,0.09852413242919811,-0.013562026326286447,0.0,-0.09852413242919822,1.0,0.0,0.03787878787878788,0.0,0.15151515151515152,1.0,0.6104571045328823,0.9999999999999998,0.5835442179355397,0.6313905774643926,0.8023570594580277,0.5953150812639009,-0.20704197819412684,0.0,0.0,0.18590119522686904,0.05000000074505806,0.05000000074505806,0.503685063123703,45,0,87
mvtec,1,2,carpet,117,0.9995987158908507,0.5,1.0,0.9821428571428572,0.9821428571428572,0.982709455554117,0.3299993404901879,0.9882706594145152,-0.01745585874799349,-0.4995987158908507,-0.017857142857142794,-0.00040128410914930246,1.0,0.0,1.0,0.0,0.008547008547008548,0.23076923076923078,,0.7381416275936946,0.7187120394776194,0.5000080812690605,0.5000337681600026,0.5,-3.3768160002556336e-05,0.0,0.0,0.5043650610502252,0.49999967217445374,0.4999999701976776,0.5000612735748291,0,0,117
mvtec,1,2,grid,78,0.9958228905597326,0.5,0.9908103592314119,0.5,0.5,0.9756682032453088,0.1596535292129356,0.9693298531917895,-0.4958228905597326,-0.4958228905597326,-0.4908103592314119,0.005012531328320691,1.0,0.0,1.0,0.0,0.01282051282051282,0.01282051282051282,,,,0.5,0.5,0.5,0.0,0.0,0.0,0.5384227396088527,0.5080865085124969,0.5122761726379395,0.5654602348804474,0,0,78
mvtec,1,2,hazelnut,110,0.9989285714285714,0.5,0.9778571428571428,0.9778571428571428,0.9778571428571428,0.9724488281887248,0.3407347813741189,0.9839746103117112,-0.02107142857142863,-0.4989285714285714,0.0,0.02107142857142863,1.0,0.0,0.0,0.08181818181818182,0.00909090909090909,1.0,,0.9999999999999999,0.7841805107860154,0.6954210709441792,0.6298893347382546,0.7328677773475647,0.1029784426093101,0.0,0.0,0.4760367372593992,0.4364468455314636,0.43741412460803986,0.5120366990566254,67,0,43
mvtec,1,2,leather,124,1.0,0.5,0.9996603260869565,0.9996603260869565,0.9996603260869564,0.9883942395297556,0.2694828473532255,0.9937872893367748,-0.00033967391304357,-0.5,0.0,0.00033967391304345895,1.0,0.0,0.0,0.25,0.008064516129032258,0.8306451612903226,,0.997209324002369,0.6962435408854976,0.6208437661970815,0.5119421165436506,0.6587226008591445,0.14678048431549384,0.0,0.0,0.9146638360119436,0.9230126142501831,0.9251184165477753,0.9350369870662689,31,0,93
mvtec,1,2,metal_nut,115,0.9995112414467253,0.6136363636363636,0.9574780058651026,0.9574780058651026,0.9574780058651026,0.914496240195316,0.4966067047975315,0.944234990904512,-0.04203323558162275,-0.38587487781036167,0.0,0.04203323558162275,1.0,0.0,0.0,0.034782608695652174,0.05217391304347826,1.0,0.3533440924373582,1.0,0.3621557642231516,0.7697760022204855,0.5691024552692067,0.8172471638648741,0.2481447085956674,0.0,0.0,0.5154883945362928,0.46220586597919466,0.49999967217445374,0.5573222339153292,86,0,29
mvtec,1,2,pill,167,0.955810147299509,0.5,0.823786142935079,0.823786142935079,0.823786142935079,0.931005886146788,0.398887419677402,0.9418287057304078,-0.13202400436442996,-0.45581014729950897,0.0,0.13202400436442996,1.0,0.0,0.0,0.0,0.005988023952095809,1.0,,1.0,0.27574025786636713,0.7543609981051462,0.7800145516028771,0.749630555616203,-0.030383995986674184,0.0,0.0,0.7784099965121584,0.6875119686126709,0.7474214434623718,0.949999988079071,167,0,0
mvtec,1,2,screw,160,0.9130969460955114,0.5,0.8425906948145113,0.8425906948145113,0.8425906948145113,0.9779050900619684,0.1289043082117724,0.9423531007545802,-0.07050625128100008,-0.4130969460955114,0.0,0.07050625128100008,1.0,0.0,0.0,0.04375,0.00625,1.0,,1.0,0.5770303527481543,0.778052582219243,0.6676966984097551,0.8160743573132683,0.14837765890351318,0.0,0.0,0.6016732930608525,0.555740749835968,0.5614074170589447,0.8235975027084352,127,0,33
mvtec,1,2,tile,117,1.0,0.5,1.0,0.9848484848484849,0.9848484848484848,0.9432533932790172,0.5411818059822231,0.9397077611867768,-0.015151515151515249,-0.5,-0.015151515151515138,0.0,1.0,0.0,0.7521367521367521,0.15384615384615385,0.008547008547008548,0.1794871794871795,,0.7843594644775462,0.7597509099200942,0.5131427039448012,0.546596859440659,0.5,-0.046596859440659055,0.0,0.0,0.5354552625907772,0.5066686928272247,0.5107779204845428,0.566090852022171,4,0,113
mvtec,1,2,toothbrush,42,0.9972222222222222,0.5,0.9277777777777778,0.9277777777777778,0.9277777777777778,0.923114013936295,0.1036856955621003,0.9892997064885176,-0.06944444444444442,-0.49722222222222223,0.0,0.06944444444444442,1.0,0.0,0.0,0.0,0.023809523809523808,1.0,,1.0,0.49631310266591044,0.713104696500869,0.8049986958503723,0.6763470967610677,-0.12865159908930457,0.0,0.0,0.26588141914026625,0.05000000074505806,0.05000000074505806,0.5263808608055115,29,0,13
mvtec,1,2,transistor,100,0.9291666666666667,0.5,0.8737499999999999,0.8737499999999999,0.8737499999999999,0.738642444910776,0.1649345227245719,0.5703085959057528,-0.05541666666666678,-0.4291666666666667,0.0,0.05541666666666678,1.0,0.0,0.0,0.09,0.01,1.0,,0.9999999999999999,0.46109810981098104,0.6725564497709274,0.6079070528348287,0.7695305451750756,0.16162349234024687,0.0,0.0,0.9412892541796033,0.9487867832183838,0.949999988079071,0.949999988079071,52,0,48
mvtec,1,2,wood,79,0.987719298245614,0.5,0.9921052631578947,0.9921052631578947,0.9921052631578948,0.9753138955706244,0.6019787394262639,0.9651549704228516,0.004385964912280826,-0.487719298245614,0.0,-0.004385964912280715,1.0,0.0,0.0,0.0,0.012658227848101266,1.0,,1.0,0.6194498539435248,0.8104328150990643,0.7066153287887573,0.8433083524306615,0.13669302364190417,0.0,0.0,0.9245133910864846,0.949999988079071,0.949999988079071,0.949999988079071,69,0,10
mvtec,1,2,zipper,151,0.9915966386554622,0.5,0.98109243697479,0.5,0.5,0.9330701726061974,0.2191990100759479,0.8650904079766821,-0.4915966386554622,-0.4915966386554622,-0.48109243697479,0.010504201680672232,1.0,0.0,1.0,0.0,0.006622516556291391,0.006622516556291391,,,,0.5,0.5,0.5,0.0,0.0,0.0,0.5105753353534032,0.49999967217445374,0.49999967217445374,0.5,0,0,151
mvtec,1,4,bottle,83,0.9984126984126984,0.525,0.9333333333333333,0.88015873015873,0.8857142857142856,0.927508279790046,0.5974767756416449,0.8541462111827466,-0.11269841269841285,-0.4734126984126984,-0.05317460317460332,0.06507936507936507,1.0,0.0,0.0,0.4939759036144578,0.024096385542168676,0.6144578313253012,0.1889822365046136,0.9680900115349043,0.5028547091490566,0.6070261310382061,0.5000588595867157,0.6409839949910603,0.1409251354043446,0.0,0.0,0.5283833041254677,0.08494140505790711,0.5311830639839172,0.8756948053836824,23,0,60
mvtec,1,4,cable,150,0.9289730134932533,0.5,0.8809970014992504,0.5380434782608696,0.5380434782608696,0.9078670954197806,0.3144726071763725,0.8673204100513898,-0.3909295352323837,-0.42897301349325334,-0.3429535232383808,0.04797601199400292,1.0,0.0,0.0,0.9866666666666667,0.006666666666666667,0.05333333333333334,,0.36547525054729996,0.1534995079397326,0.5002411421140035,0.49999988079071045,0.5003932416439056,0.00039336085319519043,0.0,0.0,0.5498096211352883,0.4994967430830002,0.5003913342952728,0.7272943675518037,0,0,150
mvtec,1,4,capsule,132,0.7949740725967291,0.6304347826086957,0.9026725169525329,0.9026725169525329,0.9026725169525328,0.9694389507710462,0.2113227355031283,0.9692452626488202,0.10769844435580367,-0.16453928998803347,0.0,-0.10769844435580378,1.0,0.0,0.0,0.0,0.03787878787878788,1.0,0.3609139138907921,0.9999999999999998,0.5568344873286616,0.6489462369319164,0.8103945903156115,0.6148791531904028,-0.1955154371252087,0.0,0.0,0.17704416477102092,0.05000000074505806,0.05000000074505806,0.5069971144199371,51,0,81
mvtec,1,4,carpet,117,1.0,0.5,1.0,0.5,0.5,0.9842245416401152,0.3535512672796115,0.9961147268960492,-0.5,-0.5,-0.5,0.0,1.0,0.0,1.0,0.0,0.008547008547008548,0.008547008547008548,,,,0.5,0.5,0.5,0.0,0.0,0.0,0.5111905524814869,0.5024378716945648,0.503101110458374,0.5064935266971589,0,0,117
mvtec,1,4,grid,78,0.9983291562238931,0.5,0.9908103592314119,0.9690893901420217,0.9695071010860484,0.9764387090271348,0.1670295171572891,0.9685410403783258,-0.028822055137844638,-0.49832915622389307,-0.021720969089390252,0.007518796992481147,1.0,0.0,1.0,0.0,0.01282051282051282,0.2948717948717949,,0.8058857326003335,0.6783301623731235,0.5000336032647353,0.5001225045749119,0.5000008501504597,-0.00012165442445222219,0.0,0.0,0.5393462260129454,0.5096674740314484,0.5140257775783539,0.5650397121906281,0,0,78
mvtec,1,4,hazelnut,110,1.0,0.5,0.9778571428571428,0.9778571428571428,0.9778571428571428,0.9751134198384996,0.4022123576489759,0.9889688249889862,-0.022142857142857242,-0.5,0.0,0.022142857142857242,1.0,0.0,0.0,0.03636363636363636,0.00909090909090909,1.0,,0.9999999999999999,0.8253950364042106,0.7594924569129944,0.6622917160391808,0.8150357374123165,0.1527440213731357,0.0,0.0,0.430156333806031,0.2783991038799286,0.2886469066143036,0.63292356133461,90,0,20
mvtec,1,4,leather,124,1.0,0.5,0.9996603260869565,0.9996603260869565,0.9996603260869564,0.9835074696404328,0.1713113184192395,0.998421416737995,-0.00033967391304357,-0.5,0.0,0.00033967391304345895,1.0,0.0,0.0,0.18548387096774194,0.008064516129032258,1.0,,0.9999999999999998,0.7280692368214003,0.6658121198415756,0.5214177016168833,0.7160362653110338,0.19461856369415054,0.0,0.0,0.5382200128274771,0.524244874715805,0.5261500477790833,0.5368007123470306,93,0,31
mvtec,1,4,metal_nut,115,1.0,0.8181818181818181,0.9574780058651026,0.9574780058651026,0.9574780058651026,0.9318753196689016,0.6521826621936851,0.9011319373723192,-0.042521994134897434,-0.18181818181818188,0.0,0.042521994134897434,1.0,0.0,0.0,0.043478260869565216,0.11304347826086956,1.0,0.567943459109449,1.0,0.3569557326599858,0.7575455313143523,0.5593374642458829,0.8044334611585063,0.2450959969126234,0.0,0.0,0.6862898333066447,0.4436286360025406,0.6586304605007172,0.949999988079071,86,0,29
mvtec,1,4,pill,167,0.9519912711402073,0.5,0.823786142935079,0.823786142935079,0.823786142935079,0.931260280603302,0.3905307020970304,0.961103815832214,-0.1282051282051283,-0.4519912711402073,0.0,0.1282051282051283,1.0,0.0,0.0,0.0,0.005988023952095809,1.0,,1.0,0.32864821132262156,0.6420400057010308,0.6819583773612976,0.6346791712104851,-0.04727920615081249,0.0,0.0,0.48492592437681425,0.2744955003261566,0.3469194769859314,0.8154280900955201,61,0,106
mvtec,1,4,screw,160,0.9182209469153515,0.9074605451936872,0.8425906948145113,0.8425906948145112,0.8430006148800985,0.9792231000732412,0.1804611957150084,0.945631689378689,-0.07522033203525302,-0.010760401721664259,-1.1102230246251565e-16,0.07563025210084018,1.0,0.0,0.0,0.1125,0.38125,0.975,0.9033334753188039,0.9999853508829748,0.5636587366694011,0.7070190496742725,0.5857793361675449,0.7487907156723888,0.1630113795048439,0.0,0.0,0.29881776493402196,0.05000000074505806,0.05000000074505806,0.8714618742465974,105,0,55
mvtec,1,4,tile,117,1.0,0.5,1.0,1.0,1.0,0.9432628042122976,0.5413010093158952,0.9382730315675052,0.0,-0.5,0.0,0.0,1.0,0.0,0.0,0.0,0.008547008547008548,1.0,,1.0,0.8299839649927316,0.6077947845825782,0.7763860875909979,0.5415624869721276,-0.2348236006188703,0.0,0.0,0.5430440155638087,0.5085296869277954,0.5155227482318878,0.587658703327179,31,0,86
mvtec,1,4,toothbrush,42,1.0,0.5,0.9277777777777778,0.9277777777777778,0.9277777777777778,0.9457018713644882,0.2695393526474456,0.9629055062501892,-0.07222222222222219,-0.5,0.0,0.07222222222222219,1.0,0.0,0.0,0.0,0.023809523809523808,1.0,,1.0,0.4575804229803096,0.7375713657765162,0.8188932836055756,0.7050425986448924,-0.11385068496068318,0.0,0.0,0.35284571305376905,0.05000000074505806,0.05000000074505806,0.949999988079071,35,0,7
mvtec,1,4,transistor,100,0.96875,0.5,0.8737499999999999,0.8737499999999999,0.8737499999999999,0.7386122397476357,0.156198784331991,0.6078065199640943,-0.09500000000000008,-0.46875,0.0,0.09500000000000008,1.0,0.0,0.0,0.23,0.01,1.0,,0.9999999999999999,0.5296009600960095,0.6460196644067764,0.5778920571009318,0.7482110753655433,0.1703190182646115,0.0,0.0,0.7891283533145951,0.7079302549362183,0.7527959644794464,0.949999988079071,42,0,58
mvtec,1,4,wood,79,0.9912280701754386,0.5,0.9921052631578947,0.9921052631578947,0.9921052631578948,0.9731601106094208,0.5119072190798648,0.9828382660682496,0.0008771929824562541,-0.49122807017543857,0.0,-0.0008771929824561431,1.0,0.0,0.0,0.0,0.012658227848101266,1.0,,1.0,0.626460564751704,0.797109136853037,0.7632076834377489,0.8078445971012116,0.044636913663462674,0.0,0.0,0.9132350456188005,0.949999988079071,0.949999988079071,0.949999988079071,77,0,2
mvtec,1,4,zipper,151,0.991859243697479,0.5,0.98109243697479,0.98109243697479,0.98109243697479,0.9569468483927308,0.2934175086523317,0.8958838084623175,-0.010766806722689037,-0.491859243697479,0.0,0.010766806722689037,1.0,0.0,0.0,0.0,0.006622516556291391,1.0,,0.9999999999999999,0.715475775531544,0.5257842355216575,0.539934428408742,0.5219791416360551,-0.017955286772686874,0.0,0.0,0.526957938691486,0.49999967217445374,0.49999967217445374,0.5415728092193604,0,0,151
mvtec,2,1,bottle,83,0.9984126984126984,0.5,0.9333333333333333,0.8174603174603174,0.8174603174603174,0.844064495391919,0.4141612737488993,0.7740296472733719,-0.18095238095238098,-0.4984126984126984,-0.1158730158730159,0.06507936507936507,1.0,0.0,0.03614457831325301,0.6867469879518072,0.012048192771084338,0.4939759036144578,,0.927903548647231,0.32519603645423195,0.551226737269436,0.49999988079071045,0.5674892313896663,0.06748935059895589,0.0,0.0,0.48815864363118816,0.4999115586280823,0.49999967217445374,0.5,12,0,71
mvtec,2,1,cable,150,0.9029235382308846,0.5,0.8809970014992504,0.5,0.5,0.88490575195802,0.2955685074173458,0.7359850384592668,-0.40292353823088456,-0.40292353823088456,-0.3809970014992504,0.02192653673163414,1.0,0.0,0.0,1.0,0.006666666666666667,0.006666666666666667,,,,0.49999988079071045,0.49999988079071045,0.49999988079071045,0.0,0.0,0.0,0.5161748778093115,0.49999967217445374,0.49999967217445374,0.5016484141349793,0,0,150
mvtec,2,1,capsule,132,0.8216992421220582,0.5,0.9026725169525329,0.7237734343837255,0.7237734343837255,0.961306750292417,0.1434045590365061,0.948785299862216,-0.0979258077383327,-0.32169924212205825,-0.17889908256880738,-0.08097327483047467,1.0,0.0,0.8787878787878788,0.06818181818181818,0.007575757575757576,0.11363636363636363,,0.6365253664759595,0.35685947771650617,0.501779289859714,0.5089957325354867,0.5002565542492298,-0.008739178286256921,0.0,0.0,0.19586663455595,0.05000000074505806,0.05000000074505806,0.49999967217445374,0,0,132
mvtec,2,1,carpet,117,1.0,0.5,1.0,0.5,0.5,0.9799886279080487,0.3176269060262169,0.9908462196910144,-0.5,-0.5,-0.5,0.0,1.0,0.0,1.0,0.0,0.008547008547008548,0.008547008547008548,,,,0.5,0.5,0.5,0.0,0.0,0.0,0.503370630531367,0.49999967217445374,0.49999967217445374,0.49999967217445374,0,0,117
mvtec,2,1,grid,78,0.9941520467836258,0.5,0.9908103592314119,0.5,0.5,0.97030223799586,0.1380485115390398,0.953896743111794,-0.4941520467836258,-0.4941520467836258,-0.4908103592314119,0.003341687552213868,1.0,0.0,1.0,0.0,0.01282051282051282,0.01282051282051282,,,,0.5,0.5,0.5,0.0,0.0,0.0,0.5076068975232445,0.49999967217445374,0.49999967217445374,0.5000471413135529,0,0,78
mvtec,2,1,hazelnut,110,0.9432142857142858,0.5,0.9778571428571428,0.8642857142857143,0.8642857142857143,0.9695491071357716,0.2998844272617543,0.989589883486246,-0.07892857142857146,-0.4432142857142858,-0.11357142857142843,-0.034642857142856975,1.0,0.0,0.4,0.5454545454545454,0.00909090909090909,0.10909090909090909,,0.8910513198031375,0.6453424574409335,0.5067227195609699,0.49999988079071045,0.510564341715404,0.010564460924693542,0.0,0.0,0.3874523280062261,0.2501680552959442,0.30136382579803467,0.5194477140903474,2,0,108
mvtec,2,1,leather,124,1.0,0.5,0.9996603260869565,0.9996603260869565,0.9996603260869564,0.9720908199242484,0.1376072705668294,0.9901890319779488,-0.00033967391304357,-0.5,0.0,0.00033967391304345895,1.0,0.0,0.0,0.2661290322580645,0.008064516129032258,0.7580645161290323,,0.9921644238242163,0.6677086720926025,0.5562908375455488,0.5000015590339899,0.5758697170278301,0.07586815799384017,0.0,0.0,0.5013384746838174,0.49999967217445374,0.49999967217445374,0.49999967217445374,15,0,109
mvtec,2,1,metal_nut,115,0.9980449657869013,0.5,0.9574780058651026,0.9550342130987292,0.9550342130987292,0.8267133394724177,0.2861940303737577,0.0,-0.043010752688172116,-0.4980449657869013,-0.0024437927663734094,0.040566959921798706,1.0,0.0,0.16521739130434782,0.25217391304347825,0.008695652173913044,0.8869565217391304,,0.9991020192882947,0.33582590827973813,0.588080150148143,0.5180067853494124,0.6046566450467674,0.08664985969735506,0.0,0.0,0.5098504284930505,0.49999967217445374,0.49999967217445374,0.5,27,0,88
mvtec,2,1,pill,167,0.939443535188216,0.5,0.823786142935079,0.7819148936170213,0.7834151663938899,0.8577381095639535,0.2677059994362649,0.7758196237963036,-0.15602836879432613,-0.439443535188216,-0.041871249318057746,0.11565739225313698,1.0,0.0,1.0,0.0,0.005988023952095809,0.23353293413173654,,0.7620057794933603,0.37744521071795745,0.5000314384163497,0.5000650538847997,0.5000252398193306,-3.9814065469157e-05,0.0,0.0,0.486373220809246,0.4923003911972046,0.49236005544662476,0.49999967217445374,0,0,167
mvtec,2,1,screw,160,0.8905513424882149,0.5,0.8425906948145113,0.8153310104529616,0.8153310104529616,0.9592232482908304,0.0659966273531493,0.790989469065925,-0.07522033203525325,-0.3905513424882149,-0.027259684361549685,0.04796064767370356,1.0,0.0,0.125,0.45,0.00625,0.725,,0.9888188930408345,0.5486962644819257,0.5686108436435461,0.5222350678792814,0.5845890521001416,0.06235398422086014,0.0,0.0,0.4546270855241574,0.44337190985679625,0.44373783469200134,0.49999967217445374,29,0,131
mvtec,2,1,tile,117,0.998917748917749,0.5,1.0,1.0,1.0,0.9248640705944068,0.5019334341940684,0.93521232287111,0.0010822510822510178,-0.498917748917749,0.0,-0.0010822510822510178,1.0,0.0,0.717948717948718,0.27350427350427353,0.008547008547008548,0.02564102564102564,,0.7807160822238932,0.7747415815024674,0.5008977070832864,0.5031827796589244,0.5,-0.0031827796589244395,0.0,0.0,0.5075304664452074,0.49999967217445374,0.49999967217445374,0.5001816928386689,0,0,117
mvtec,2,1,toothbrush,42,0.9833333333333334,0.5,0.9277777777777778,0.8694444444444445,0.8694444444444445,0.9244723689898792,0.1345129202350972,0.9002956236885403,-0.11388888888888893,-0.4833333333333334,-0.05833333333333335,0.05555555555555558,1.0,0.0,0.30952380952380953,0.4523809523809524,0.023809523809523808,0.5,,0.9697223298292412,0.426243309302797,0.5282072793869745,0.5131447513898214,0.5342322905858358,0.02108753919601436,0.0,0.0,0.2543166272528402,0.05000000074505806,0.05000000074505806,0.5,4,0,38
mvtec,2,1,transistor,100,0.9099999999999999,0.5,0.8737499999999999,0.6187499999999999,0.6187499999999999,0.7482598521330501,0.1430144359878073,0.5195457809393886,-0.29125,-0.4099999999999999,-0.255,0.036250000000000004,1.0,0.0,0.05,0.92,0.01,0.12,,0.5431845956491173,0.3757551522556249,0.5080652570724488,0.5000000695387522,0.5201630383729935,0.02016296883424129,0.0,0.0,0.5119088135660652,0.49979954957962036,0.49999967217445374,0.5023622274398803,2,0,98
mvtec,2,1,wood,79,0.9850877192982457,0.5,0.9921052631578947,0.9921052631578947,0.9921052631578948,0.9419220560683528,0.3197654412183086,0.9705813626951488,0.007017543859649145,-0.4850877192982457,0.0,-0.007017543859649034,1.0,0.0,0.0,0.1518987341772152,0.012658227848101266,0.8734177215189873,,0.9986602515146027,0.5930047986050098,0.5857819228232661,0.5599081735861929,0.5939752767483394,0.03406710316214645,0.0,0.0,0.5027294863535523,0.49999967217445374,0.49999967217445374,0.5,7,0,72
mvtec,2,1,zipper,151,0.9897584033613446,0.5,0.98109243697479,0.5625,0.5625,0.9070875765637022,0.1711429364310054,0.860695285328383,-0.4272584033613446,-0.4897584033613446,-0.41859243697479,0.008665966386554591,1.0,0.0,1.0,0.0,0.006622516556291391,0.033112582781456956,,0.27818312085347613,0.23415032919832504,0.5000009615689713,0.5000045374035835,0.5,-4.537403583526611e-06,0.0,0.0,0.5028040270644756,0.49999967217445374,0.49999967217445374,0.5,0,0,151
mvtec,2,2,bottle,83,1.0,0.5,0.9333333333333333,0.8333333333333333,0.8333333333333333,0.9280638543100742,0.5664137878761216,0.8242289798065012,-0.16666666666666674,-0.5,-0.10000000000000009,0.06666666666666665,1.0,0.0,0.024096385542168676,0.6144578313253012,0.012048192771084338,0.5180722891566265,,0.9378262484539216,0.3755154598004844,0.5679365525762718,0.49999988079071045,0.5895037499685136,0.08950386917780317,0.0,0.0,0.4764432366958755,0.24096650034189226,0.5000360608100891,0.5330611169338226,18,0,65
mvtec,2,2,cable,150,0.9413418290854573,0.5,0.8809970014992504,0.5706521739130435,0.5706521739130435,0.9051554422044168,0.3708826180721641,0.8288723054297573,-0.3706896551724138,-0.44134182908545727,-0.31034482758620696,0.06034482758620685,1.0,0.0,0.0,0.98,0.006666666666666667,0.09333333333333334,,0.4879798777436574,0.24390067803663712,0.5004494798183441,0.49999988079071045,0.5007329226835914,0.0007330418928809257,0.0,0.0,0.7655676484491736,0.6477129220962524,0.7212171256542206,0.949999988079071,0,0,150
mvtec,2,2,capsule,132,0.932189868368568,0.8516154766653371,0.9026725169525329,0.9026725169525329,0.9034702832070204,0.9676278847532214,0.2129825427229941,0.9658669456608936,-0.0287195851615476,-0.08057439170323089,0.0,0.029517351416035065,1.0,0.0,0.5378787878787878,0.022727272727272728,0.20454545454545456,0.9545454545454546,0.6943890266876601,0.9999713018897645,0.666413598155958,0.5610571742960901,0.6981753499611564,0.5321239812658467,-0.16605136869530968,0.0,0.0,0.19334369282696948,0.05000000074505806,0.05000000074505806,0.547447282075882,23,0,109
mvtec,2,2,carpet,117,1.0,0.5,1.0,0.5357142857142857,0.5357142857142857,0.987184841794915,0.4143716597197291,0.9961528189177152,-0.4642857142857143,-0.5,-0.4642857142857143,0.0,1.0,0.0,1.0,0.0,0.008547008547008548,0.02564102564102564,,0.22452809172169524,0.1832800653590295,0.5000000555291135,0.5000002320323672,0.5,-2.3203236720892306e-07,0.0,0.0,0.6322751327879538,0.6102267622947692,0.621076762676239,0.6613156080245972,0,0,117
mvtec,2,2,grid,78,0.9958228905597326,0.5,0.9908103592314119,0.9908103592314119,0.990810359231412,0.9749012088016786,0.1530061991032798,0.9385934447000452,-0.00501253132832058,-0.4958228905597326,0.0,0.005012531328320691,1.0,0.0,0.8717948717948718,0.0,0.01282051282051282,1.0,,0.9999999999999999,0.7143615877793092,0.5024377986406668,0.5064503295081002,0.5009594977947703,-0.005490831713329869,0.0,0.0,0.5102848820912255,0.5000191926956177,0.5000584125518799,0.5012344539165496,0,0,78
mvtec,2,2,hazelnut,110,1.0,0.5,0.9778571428571428,0.9,0.9,0.9766159926279656,0.4975208964226018,0.9398380542361284,-0.09999999999999998,-0.5,-0.07785714285714274,0.022142857142857242,1.0,0.0,0.35454545454545455,0.5363636363636364,0.00909090909090909,0.2545454545454545,,0.9281493023841441,0.6476183190039926,0.5173693814060905,0.49999988079071045,0.5272948103291648,0.02729492953845436,0.0,0.0,0.9076116430925627,0.9117818236351013,0.9165110886096954,0.949999988079071,6,0,104
mvtec,2,2,leather,124,1.0,0.5,0.9996603260869565,0.9996603260869565,0.9996603260869564,0.9728332680155272,0.1399008968279082,0.9902908261187372,-0.00033967391304357,-0.5,0.0,0.00033967391304345895,1.0,0.0,0.0,0.25,0.008064516129032258,0.7661290322580645,,0.9929016358817147,0.6859168814854055,0.6929361065549235,0.5039333645254374,0.7586761907390926,0.2547428262136553,0.0,0.0,0.501550260525996,0.49999967217445374,0.49999967217445374,0.49999967217445374,91,0,33
mvtec,2,2,metal_nut,115,1.0,0.5454545454545454,0.9574780058651026,0.9574780058651026,0.9574780058651026,0.9247362761342056,0.6221900207104615,0.8920977865562116,-0.042521994134897434,-0.4545454545454546,0.0,0.042521994134897434,1.0,0.0,0.0,0.043478260869565216,0.02608695652173913,1.0,0.22643843052492374,1.0,0.3695652173913044,0.7544634533965069,0.5616106959906492,0.8000845357935916,0.23847383980294246,0.0,0.0,0.802500805757942,0.5243679165840149,0.8011949956417084,0.949999988079071,86,0,29
mvtec,2,2,pill,167,0.9427168576104746,0.5,0.823786142935079,0.823786142935079,0.823786142935079,0.8924404183391184,0.3202439626043183,0.7836642380326634,-0.11893071467539562,-0.44271685761047463,0.0,0.11893071467539562,1.0,0.0,0.0,0.0,0.005988023952095809,1.0,,1.0,0.2975331608727468,0.570932766277633,0.599445138986294,0.5656751656363196,-0.03376997334997445,0.0,0.0,0.4376236880953464,0.40216104686260223,0.4025873839855194,0.49999967217445374,3,0,164
mvtec,2,2,screw,160,0.8708751793400288,0.524390243902439,0.8425906948145113,0.8069276491084239,0.812051649928264,0.9782310067994556,0.1393850288287165,0.9405338827416464,-0.05882352941176483,-0.34648493543758974,-0.03566304570608747,0.02828448452551746,1.0,0.0,0.1625,0.5375,0.01875,0.6,0.19244261869628368,0.9793215339319987,0.5360776554387033,0.551360397413373,0.5141511501335516,0.5641803901736476,0.05002924004009601,0.0,0.0,0.40615764928746506,0.26448500752449033,0.2683103382587433,0.7606925308704376,22,0,138
mvtec,2,2,tile,117,1.0,0.5,1.0,1.0,1.0,0.9299897394713542,0.5099459077399779,0.9405188204845444,0.0,-0.5,0.0,0.0,1.0,0.0,0.0,0.0,0.008547008547008548,1.0,,1.0,0.8269567953963044,0.6647577647470001,0.7462191075989695,0.6327550943408694,-0.11346401325810007,0.0,0.0,0.5077646180699723,0.49999967217445374,0.49999967217445374,0.5003248810768127,36,0,81
mvtec,2,2,toothbrush,42,0.9972222222222222,0.5,0.9277777777777778,0.9277777777777778,0.9277777777777778,0.945164644006538,0.3291363827365172,0.8981510963727797,-0.06944444444444442,-0.49722222222222223,0.0,0.06944444444444442,1.0,0.0,0.0,0.0,0.023809523809523808,1.0,,1.0,0.4763795478486347,0.861668871981757,0.8735586504141489,0.8569129606088003,-0.01664568980534864,0.0,0.0,0.5648189644710215,0.2852364510297775,0.3063414394855499,0.949999988079071,42,0,0
mvtec,2,2,transistor,100,0.9570833333333333,0.6166666666666667,0.8737499999999999,0.8737499999999999,0.8737499999999999,0.7487342874905998,0.1653473773275125,0.53770155914143,-0.08333333333333337,-0.3404166666666666,0.0,0.08333333333333337,1.0,0.0,0.0,0.06,0.14,1.0,0.6032913028045439,0.9999999999999999,0.5193639363936393,0.6653928077220916,0.5938732425371805,0.7726721554994583,0.1787989129622778,0.0,0.0,0.9471127368528628,0.949999988079071,0.949999988079071,0.949999988079071,48,0,52
mvtec,2,2,wood,79,0.9885964912280703,0.5,0.9921052631578947,0.9921052631578947,0.9921052631578948,0.9648288579568526,0.397570759475447,0.9905301150748472,0.0035087719298245723,-0.48859649122807025,0.0,-0.0035087719298244613,1.0,0.0,0.0,0.0,0.012658227848101266,1.0,,1.0,0.6262901655306718,0.8530192390272889,0.862865614263635,0.849901220202446,-0.012964394061188989,0.0,0.0,0.5855249238414806,0.5395022630691528,0.5567729473114014,0.6686320304870605,79,0,0
mvtec,2,2,zipper,151,0.9913340336134454,0.5,0.98109243697479,0.98109243697479,0.98109243697479,0.9475630834915736,0.2490509536475247,0.8851774599575071,-0.010241596638655426,-0.4913340336134454,0.0,0.010241596638655426,1.0,0.0,0.0,0.0,0.006622516556291391,1.0,,0.9999999999999999,0.7209306378529103,0.7255735922333421,0.755862407386303,0.7174287007636383,-0.038433706622664654,0.0,0.0,0.5179305917644591,0.49999967217445374,0.49999967217445374,0.5036267936229706,151,0,0
mvtec,2,4,bottle,83,1.0,0.5,0.9333333333333333,0.8726190476190475,0.8726190476190475,0.926420779567772,0.6076505354376782,0.8653235016293981,-0.12738095238095248,-0.5,-0.06071428571428583,0.06666666666666665,1.0,0.0,0.0,0.4939759036144578,0.012048192771084338,0.6024096385542169,,0.9650443556058995,0.3825311893129009,0.6021055248846491,0.5000531911849976,0.6345030911385067,0.1344498999535091,0.0,0.0,0.5869441620404982,0.21152244061231615,0.5876797735691071,0.9080996692180634,22,0,61
mvtec,2,4,cable,150,0.9407796101949025,0.5086206896551724,0.8809970014992504,0.7010869565217391,0.7008995502248876,0.9055379176496384,0.368955199866236,0.8161775478800142,-0.23988005997001494,-0.43215892053973015,-0.17991004497751129,0.059782608695652106,1.0,0.0,0.0,0.96,0.013333333333333334,0.25333333333333335,0.14095229572048187,0.756630321871446,0.4247018294011641,0.5024540328979492,0.4999998602373847,0.5040012287056964,0.004001368468311728,0.0,0.0,0.6562027158754296,0.5381808817386627,0.5769731104373932,0.949999988079071,0,0,150
mvtec,2,4,capsule,132,0.9425608296769047,0.8663741523733547,0.9026725169525329,0.9026725169525329,0.9030714000797766,0.9691931678434526,0.2100171314451359,0.9682476584331026,-0.03948942959712809,-0.07618667730355,0.0,0.039888312724371766,1.0,0.0,0.1893939393939394,0.015151515151515152,0.21212121212121213,1.0,0.7047655971424253,0.9999999999999998,0.6748446410961476,0.6040685772895813,0.7730193915574447,0.5684184054715917,-0.20460098608585298,0.0,0.0,0.17783244577281046,0.05000000074505806,0.05000000074505806,0.5068890035152436,39,0,93
mvtec,2,4,carpet,117,1.0,0.5,1.0,1.0,1.0,0.986828456467234,0.4056052369133499,0.9960621999845328,0.0,-0.5,0.0,0.0,1.0,0.0,1.0,0.0,0.008547008547008548,0.39316239316239315,,0.8812236781403426,0.7569398230439451,0.5000910224058689,0.5003658660820552,0.500004554732462,-0.00036131134959327404,0.0,0.0,0.5767753028048571,0.557644921541214,0.5645039975643158,0.5916606068611145,0,0,117
mvtec,2,4,grid,78,0.9991645781119465,0.5,0.9908103592314119,0.9908103592314119,0.990810359231412,0.9639218504361416,0.1305982420921262,0.93135451202326,-0.008354218880534447,-0.4991645781119465,0.0,0.008354218880534559,1.0,0.0,1.0,0.0,0.01282051282051282,0.5641025641025641,,0.9789899516899717,0.683808855947557,0.5000983102199359,0.5003371409007481,0.5000103199691103,-0.0003268209316378279,0.0,0.0,0.5051242129478293,0.49999967217445374,0.49999967217445374,0.5,0,0,78
mvtec,2,4,hazelnut,110,0.9946428571428572,0.5,0.9778571428571428,0.9778571428571429,0.9778571428571428,0.9766846450547224,0.4996733883215311,0.9486246630771114,-0.016785714285714404,-0.49464285714285716,1.1102230246251565e-16,0.016785714285714404,1.0,0.0,0.0,0.2818181818181818,0.00909090909090909,0.8636363636363636,,0.998466014572095,0.7688055114170312,0.6210263680328022,0.5156528040766716,0.6812398331505912,0.16558702907391964,0.0,0.0,0.7211438628234074,0.5536868214607239,0.5762748420238495,0.949999988079071,39,0,71
mvtec,2,4,leather,124,1.0,0.5,0.9996603260869565,0.9996603260869565,0.9996603260869564,0.983054568688958,0.1668653712214949,0.9942065444747038,-0.00033967391304357,-0.5,0.0,0.00033967391304345895,1.0,0.0,0.0,0.25,0.008064516129032258,0.8306451612903226,,0.997209324002369,0.6841910234448922,0.7189768004801965,0.5097246654331684,0.791760151800902,0.28203548636773357,0.0,0.0,0.5076159041013778,0.5008082985877991,0.5008985996246338,0.5014837086200714,93,0,31
mvtec,2,4,metal_nut,115,0.998533724340176,0.6818181818181819,0.9574780058651026,0.9550342130987292,0.956989247311828,0.9308905735725264,0.6539657853892394,0.917842839143686,-0.04154447702834796,-0.3167155425219941,-0.0024437927663734094,0.04105571847507339,1.0,0.0,0.0,0.2956521739130435,0.0782608695652174,0.8869565217391304,0.44104851290556557,0.9991020192882947,0.3716431213961627,0.6470693202122398,0.5070917294784025,0.6801822986654056,0.17309056918700305,0.0,0.0,0.7051036826062115,0.5000412464141846,0.6700363457202911,0.949999988079071,52,0,63
mvtec,2,4,pill,167,0.969176213857065,0.5,0.823786142935079,0.823786142935079,0.823786142935079,0.93339833304082,0.4089971885098422,0.9564472772265558,-0.14539007092198597,-0.469176213857065,0.0,0.14539007092198597,1.0,0.0,0.0,0.0,0.005988023952095809,1.0,,1.0,0.3106094179970524,0.5453593677389408,0.5678269656804892,0.5412164064163857,-0.026610559264103495,0.0,0.0,0.5655949373190409,0.38330456912517546,0.4088574945926666,0.8435445904731751,1,0,166
mvtec,2,4,screw,160,0.9135068661610987,0.6021725763476122,0.8425906948145113,0.8412584546013527,0.841155974584956,0.9774072169207416,0.1077501265216856,0.9244774567311836,-0.07235089157614272,-0.31133428981348643,-0.0013322402131585864,0.07091617134658734,1.0,0.0,0.0,0.25,0.075,0.91875,0.4386343508591891,0.9996666794774266,0.5589850295556176,0.6398018013685942,0.5536891512754487,0.6694708656864006,0.11578171441095186,0.0,0.0,0.40918396240284977,0.33577548563480375,0.33753466606140137,0.5355097591876984,59,0,101
mvtec,2,4,tile,117,1.0,0.5,1.0,1.0,1.0,0.9428890403086048,0.5368103552422713,0.9418613914019134,0.0,-0.5,0.0,0.0,1.0,0.0,0.6153846153846154,0.0,0.008547008547008548,0.9914529914529915,,0.9999981267497329,0.8381769477233205,0.5574500474155458,0.6898033293810758,0.505454115214802,-0.1843492141662738,0.0,0.0,0.5246503290249166,0.5025939166545867,0.5044657289981842,0.5360887348651886,18,0,99
mvtec,2,4,toothbrush,42,1.0,0.5416666666666667,0.9277777777777778,0.9277777777777778,0.9277777777777778,0.9459579950537548,0.334660731809633,0.919023104944698,-0.07222222222222219,-0.45833333333333326,0.0,0.07222222222222219,1.0,0.0,0.0,0.0,0.047619047619047616,1.0,0.26413527189768715,1.0,0.5133295519001703,0.7885345234757378,0.8471501767635345,0.7650882621606191,-0.08206191460291545,0.0,0.0,0.4245443021710004,0.07796425521373748,0.0853777714073658,0.949999988079071,42,0,0
mvtec,2,4,transistor,100,0.9537500000000001,0.9460416666666667,0.8737499999999999,0.8256249999999999,0.925,0.772395827303026,0.1709360896608991,0.549296719896629,-0.028750000000000053,-0.007708333333333428,-0.04812499999999997,0.08000000000000018,1.0,0.0,0.0,0.8,0.69,0.43,0.9901070806751764,0.8971769572661042,0.7862417221641078,0.5288701581954957,0.5023729627331098,0.5686159513890743,0.06624298865596445,0.0,0.0,0.939977098026811,0.9350038230419159,0.9474337697029114,0.949999988079071,7,0,93
mvtec,2,4,wood,79,0.9763157894736842,0.5,0.9921052631578947,0.9921052631578947,0.9921052631578948,0.9656983590026398,0.4060010145061443,0.9902866339899756,0.015789473684210575,-0.47631578947368425,0.0,-0.015789473684210464,1.0,0.0,0.0,0.0,0.012658227848101266,1.0,,1.0,0.629016553067186,0.801352758950825,0.8046345365674872,0.8003135293722152,-0.004321007195271953,0.0,0.0,0.7038499817869128,0.5493377149105072,0.6878784596920013,0.850018709897995,77,0,2
mvtec,2,4,zipper,151,0.9921218487394958,0.5,0.98109243697479,0.98109243697479,0.98109243697479,0.9515879091373884,0.2623419083450887,0.913778882655041,-0.011029411764705843,-0.4921218487394958,0.0,0.011029411764705843,1.0,0.0,0.0,0.0,0.006622516556291391,1.0,,0.9999999999999999,0.7183408853258975,0.5240121874588215,0.5360915064811707,0.5207639672175175,-0.015327539263653156,0.0,0.0,0.5201100333730433,0.49999967217445374,0.49999967217445374,0.5095508098602295,0,0,151
visa,1,1,candle,200,0.8679000000000001,0.8679000000000001,0.8094,0.8094,0.8246,0.9900453273949316,0.2498445872205191,0.9693892054284,-0.043300000000000116,0.0,0.0,0.05850000000000011,0.415,0.0,0.0,0.005,1.0,1.0,1.0,1.0,0.48062701567539196,0.7777463737130165,0.7487882727384567,0.8067044746875763,0.05791620194911962,0.0,0.0,0.19505785472033177,0.05000000074505806,0.05000000074505806,0.4719530105590821,171,0,29
visa,1,1,capsules,160,0.986,0.5,0.8278333333333334,0.8278333333333334,0.8278333333333334,0.9138403574745884,0.1747468127491059,0.5977738367499028,-0.15816666666666657,-0.486,0.0,0.15816666666666657,1.0,0.0,0.1375,0.0,0.00625,1.0,,1.0,0.6409117543654049,0.5532725069671869,0.5935679892698924,0.5290952175855637,-0.06447277168432874,0.0,0.0,0.37700461710468575,0.05000000074505806,0.49999967217445374,0.5004274249076843,14,0,146
visa,1,1,cashew,150,0.8964000000000001,0.6463000000000001,0.7596,0.7596,0.7596,0.9043138688780932,0.1126372713724448,0.861622206841496,-0.13680000000000003,-0.2501,0.0,0.13680000000000003,1.0,0.0,0.0,0.0,0.1,1.0,0.5357995927667819,1.0,0.40373883283701495,0.7762001824378967,0.8071466791629791,0.7607269340753555,-0.04641974508762359,0.0,0.0,0.19120813997910124,0.05000000074505806,0.05000000074505806,0.49999967217445374,125,0,25
visa,1,1,chewinggum,150,0.9795999999999999,0.9796,0.9722,0.9722,0.976,0.9919665988162418,0.4987081250517494,0.9342665744204915,-0.0035999999999999366,1.1102230246251565e-16,0.0,0.007399999999999962,0.6733333333333333,0.0,0.62,0.08666666666666667,0.49333333333333335,0.5133333333333333,0.9354213551623958,0.9454944376058614,0.9106062018284727,0.5487992848952611,0.6266991126537323,0.5098493710160256,-0.11684974163770678,0.0,0.0,0.17010467703284293,0.05000000074505806,0.05000000074505806,0.4994645029306412,20,0,130
visa,1,1,fryum,150,0.9675999999999999,0.5,0.927,0.927,0.927,0.924224769349396,0.1928910157172604,0.8033099758822817,-0.04059999999999986,-0.4675999999999999,0.0,0.04059999999999986,1.0,0.0,0.0,0.013333333333333334,0.006666666666666667,1.0,,1.0,0.7169296413173919,0.7085026141007741,0.7577359843254089,0.6838859289884567,-0.07385005533695221,0.0,0.0,0.18436136128738762,0.05000000074505806,0.05000000074505806,0.49999967217445374,97,0,53
visa,1,1,macaroni1,200,0.8584,0.5,0.8674000000000001,0.8674000000000001,0.8674000000000001,0.939511566039718,0.0467110493598873,0.4600905157900238,0.009000000000000008,-0.35840000000000005,0.0,-0.009000000000000008,1.0,0.0,0.17,0.115,0.005,0.975,,0.9999868745857287,0.5919908197009929,0.6233416828513145,0.6556164222955704,0.5910669434070587,-0.0645494788885117,0.0,0.0,0.49741151827230073,0.49999967217445374,0.49999967217445374,0.5,68,0,132
visa,1,1,macaroni2,200,0.6688999999999999,0.5,0.7221000000000001,0.7221000000000001,0.7221000000000001,0.9524281030179796,0.0092083528453379,0.4858952891748431,0.053200000000000136,-0.16889999999999994,0.0,-0.053200000000000136,1.0,0.0,0.01,0.005,0.005,1.0,,1.0,0.12022650566264158,0.5994155487418175,0.6293400913476944,0.5694910061359405,-0.059849085211753916,0.0,0.0,0.4495406878771957,0.4030162662267685,0.49999967217445374,0.49999967217445374,52,0,148
visa,1,1,pcb1,200,0.8495,0.5,0.8519000000000001,0.8519000000000001,0.8519000000000001,0.932933354282159,0.0734647425433725,0.5616795135419124,0.0024000000000000687,-0.34950000000000003,0.0,-0.0024000000000000687,1.0,0.0,0.0,0.0,0.005,1.0,,1.0,0.442547063676592,0.8224188873171806,0.8186558377742768,0.8261819368600846,0.007526099085807814,0.0,0.0,0.2436482896573722,0.05000000074505806,0.05000000074505806,0.5002651214599609,193,0,7
visa,1,1,pcb2,200,0.7782,0.5,0.6205,0.6207000000000001,0.6207000000000001,0.8929711478794096,0.0335679458191881,0.5919777678540368,-0.15749999999999986,-0.2782,0.000200000000000089,0.15769999999999995,1.0,0.0,0.1,0.215,0.005,0.945,,0.999965873564547,0.32769137494335565,0.6244203901290893,0.6313098412752152,0.6175309389829635,-0.013778902292251649,0.0,0.0,0.25501636214633416,0.05000000074505806,0.05000000074505806,0.5068350851535797,71,0,129
visa,1,1,pcb3,201,0.8468316831683168,0.5,0.6168316831683168,0.6168316831683168,0.6168316831683168,0.8646315855485985,0.015105183119366,0.3933926893223174,-0.22999999999999998,-0.3468316831683168,0.0,0.22999999999999998,1.0,0.0,0.06965174129353234,0.004975124378109453,0.004975124378109453,1.0,,1.0,0.16614156938081867,0.675127617458799,0.7152030013575412,0.6346514797210694,-0.08055152163647183,0.0,0.0,0.22537612203838853,0.05000000074505806,0.05000000074505806,0.49999967217445374,96,0,105
visa,1,1,pcb4,201,0.954059405940594,0.5,0.938910891089109,0.935940594059406,0.9359900990099008,0.910496784895257,0.0998657963692766,0.61356619963855,-0.018069306930693196,-0.454059405940594,-0.002970297029702973,0.015148514851485051,1.0,0.0,0.681592039800995,0.0,0.004975124378109453,0.7114427860696517,,0.9872768260496233,0.6730862418091468,0.5500875219183775,0.5986865623162525,0.5010024911165237,-0.09768407119972877,0.0,0.0,0.2387919332849104,0.05000000074505806,0.05000000074505806,0.49999967217445374,26,0,175
visa,1,1,pipe_fryum,150,0.9424,0.5,0.9228,0.9228,0.9228,0.9671250868472172,0.2620081683125466,0.9672685461927242,-0.019600000000000062,-0.4424,0.0,0.019600000000000062,1.0,0.0,0.21333333333333335,0.06,0.006666666666666667,0.98,,0.9999911106765218,0.6764325208722825,0.5871401929855347,0.6369767677783966,0.5622219055891037,-0.07475486218929295,0.0,0.0,0.5225896777694451,0.5,0.5000108480453491,0.5235053241252899,34,0,116
visa,1,2,candle,200,0.8554999999999999,0.8554999999999999,0.8094,0.8094,0.8278000000000001,0.992614004840922,0.2567101917306784,0.9765845162360632,-0.027699999999999836,0.0,0.0,0.04609999999999992,0.51,0.0,0.0,0.005,0.96,1.0,0.9999681236950557,1.0,0.47291982299557495,0.7913429991900921,0.7618460240960121,0.8208399742841721,0.058993950188160005,0.0,0.0,0.1380953433136073,0.05000000074505806,0.05000000074505806,0.3865181714296342,181,0,19
visa,1,2,capsules,160,0.9861666666666666,0.5,0.8278333333333334,0.8278333333333334,0.8278333333333334,0.941179947879652,0.2457064902947226,0.7999886807725626,-0.15833333333333321,-0.48616666666666664,0.0,0.15833333333333321,1.0,0.0,0.0,0.0,0.00625,1.0,,1.0,0.6382514941989922,0.8697930552065373,0.8769010494152705,0.8655282586812973,-0.011372790733973126,0.0,0.0,0.42964583345994706,0.05000000074505806,0.5106316208839417,0.7847881972789766,160,0,0
visa,1,2,cashew,150,0.9279999999999999,0.9206,0.7596,0.7596,0.762,0.943443091342519,0.2005072377066222,0.9162840507075825,-0.16599999999999993,-0.007399999999999962,0.0,0.16839999999999988,0.98,0.0,0.0,0.0,0.5733333333333334,1.0,0.9603860876737115,1.0,0.44635050446686525,0.761408873796463,0.8221589279174805,0.7310338467359543,-0.09112508118152618,0.0,0.0,0.2171223197675247,0.05000000074505806,0.05000000074505806,0.609551727771759,120,0,30
visa,1,2,chewinggum,150,0.98,0.98,0.9722,0.9722,0.9758,0.9925645758898658,0.5063176939747351,0.9374342675771284,-0.0041999999999999815,0.0,0.0,0.007800000000000029,0.6666666666666666,0.0,0.0,0.006666666666666667,0.4866666666666667,1.0,0.9299171945450891,1.0,0.9238046135383796,0.6076904555161794,0.6951493382453918,0.5639610141515732,-0.13118832409381864,0.0,0.0,0.1453406419698956,0.05000000074505806,0.05000000074505806,0.4446413397789003,47,0,103
visa,1,2,fryum,150,0.9620000000000001,0.5,0.927,0.927,0.927,0.9460307016391656,0.2356122708258466,0.8525788728937129,-0.03500000000000003,-0.4620000000000001,0.0,0.03500000000000003,1.0,0.0,0.08,0.04,0.006666666666666667,1.0,,1.0,0.7163358371483177,0.6222775153319041,0.6909516978263855,0.5879404240846634,-0.10301127374172214,0.0,0.0,0.2887742973922657,0.05000000074505806,0.05000000074505806,0.949999988079071,49,0,101
visa,1,2,macaroni1,200,0.8792000000000001,0.5,0.8674000000000001,0.8674000000000001,0.8674000000000001,0.9803212583838948,0.1462181542523212,0.8762040502650287,-0.011800000000000033,-0.3792000000000001,0.0,0.011800000000000033,1.0,0.0,0.185,0.1,0.005,0.975,,0.9999868745857287,0.5966229963031249,0.6191835284233094,0.6543237221240997,0.5840433347225189,-0.07028038740158082,0.0,0.0,0.6196954681688904,0.4464777708053589,0.5624470710754395,0.9077899873256684,66,0,134
visa,1,2,macaroni2,200,0.7638,0.5,0.7221000000000001,0.7221000000000001,0.7221000000000001,0.975342792457473,0.0158665516474987,0.8063163259812651,-0.04169999999999996,-0.26380000000000003,0.0,0.04169999999999996,1.0,0.0,0.0,0.0,0.005,1.0,,1.0,0.24040951023775597,0.7165572234988212,0.7472410351037979,0.6858734118938447,-0.06136762320995326,0.0,0.0,0.4423243225486884,0.30667687952518463,0.5037238001823425,0.6136647999286652,137,0,63
visa,1,2,pcb1,200,0.9141,0.5,0.8519000000000001,0.8519000000000001,0.8519000000000001,0.9355720220620418,0.074800515446438,0.5818294794807678,-0.06219999999999992,-0.4141,0.0,0.06219999999999992,1.0,0.0,0.0,0.0,0.005,1.0,,1.0,0.5003960099002476,0.8483332869410515,0.8620802247524262,0.8345863491296768,-0.02749387562274941,0.0,0.0,0.24279186882348885,0.05000000074505806,0.05000000074505806,0.5007732212543488,200,0,0
visa,1,2,pcb2,200,0.8051,0.5,0.6205,0.6205,0.6205,0.8915692052284713,0.0441721681907706,0.7262833619873275,-0.1846,-0.30510000000000004,0.0,0.1846,1.0,0.0,0.0,0.0,0.005,1.0,,1.0,0.35125178129453244,0.8152674609422683,0.8258806961774826,0.8046542257070541,-0.02122647047042847,0.0,0.0,0.31248933668792966,0.05000000074505806,0.05000000074505806,0.762425571680069,187,0,13
visa,1,2,pcb3,201,0.8783168316831683,0.5,0.6168316831683168,0.6168316831683168,0.6168316831683168,0.8787942392557628,0.0340843363081075,0.6866171638560187,-0.2614851485148515,-0.3783168316831683,0.0,0.2614851485148515,1.0,0.0,0.014925373134328358,0.0,0.004975124378109453,1.0,,1.0,0.14466528742426482,0.7182335607448027,0.7626374092432532,0.6733856737613678,-0.08925173548188536,0.0,0.0,0.2978052080389303,0.05000000074505806,0.05000000074505806,0.8118514895439148,133,0,68
visa,1,2,pcb4,201,0.977029702970297,0.5,0.938910891089109,0.938910891089109,0.938910891089109,0.9470462512956463,0.2671932202169961,0.8798969269666165,-0.03811881188118804,-0.477029702970297,0.0,0.03811881188118804,1.0,0.0,0.0,0.0,0.004975124378109453,1.0,,1.0,0.7170799468006502,0.7114775705693374,0.8048075260502277,0.617214315533638,-0.18759321051658961,0.0,0.0,0.2958309175120423,0.05000000074505806,0.05000000074505806,0.7288350939750671,122,0,79
visa,1,2,pipe_fryum,150,0.9586,0.5,0.9228,0.9228,0.9228,0.9676236323625635,0.2613929142381581,0.9577271556529184,-0.035800000000000054,-0.4586,0.0,0.035800000000000054,1.0,0.0,0.11333333333333333,0.06,0.006666666666666667,0.9933333333333333,,0.9999991110712082,0.6975942909414651,0.5992110995451609,0.6637496793270111,0.5669418096542358,-0.09680786967277533,0.0,0.0,0.4067771914565436,0.14774461090564728,0.21223994344472885,0.9211641013622285,38,0,112
visa,1,4,candle,200,0.8978,0.8978,0.8094,0.8094,0.8352,0.9910830410463372,0.2590191434319677,0.9743802303966071,-0.06259999999999999,0.0,0.0,0.08840000000000003,0.425,0.0,0.0,0.005,0.965,1.0,0.99997862423715,1.0,0.5176764419110478,0.7544624900817871,0.7243828582763672,0.7845421218872071,0.0601592636108399,0.0,0.0,0.14426565339848685,0.05000000074505806,0.05000000074505806,0.42543266117572787,159,0,41
visa,1,4,capsules,160,0.9858333333333333,0.5,0.8278333333333334,0.8278333333333334,0.8278333333333334,0.905331315430848,0.2221013332544287,0.5741082594649239,-0.15799999999999992,-0.48583333333333334,0.0,0.15799999999999992,1.0,0.0,0.0,0.0,0.00625,1.0,,1.0,0.632104769717567,0.8651325967162847,0.8716114461421967,0.8612452870607377,-0.010366159081458992,0.0,0.0,0.3616137543079072,0.05000000074505806,0.49999967217445374,0.5000256299972534,160,0,0
visa,1,4,cashew,150,0.9252,0.9207,0.7596,0.7596,0.7642,0.9441184397497134,0.2017855052130134,0.9173845599646444,-0.16100000000000003,-0.0045000000000000595,0.0,0.16559999999999997,0.9333333333333333,0.0,0.0,0.0,0.6866666666666666,1.0,0.9864110706506874,1.0,0.464484643761945,0.7393070129553477,0.8016041946411133,0.7081584221124649,-0.09344577252864839,0.0,0.0,0.21431931298535273,0.05000000074505806,0.05000000074505806,0.606493377685547,106,0,44
visa,1,4,chewinggum,150,0.9890000000000001,0.9890000000000001,0.9722,0.9722,0.9798,0.9929554808707854,0.5058839817771018,0.934708962623448,-0.009200000000000097,0.0,0.0,0.016800000000000148,0.6133333333333333,0.0,0.0,0.0,0.7066666666666667,1.0,0.9864137741701587,1.0,0.9376078936841638,0.6013979617754618,0.6821609079837799,0.5610164886713028,-0.1211444193124771,0.0,0.0,0.13255813561990729,0.05000000074505806,0.05000000074505806,0.39313574433326726,44,1,105
visa,1,4,fryum,150,0.9688000000000001,0.5,0.927,0.927,0.927,0.9459741081456696,0.2337900061334251,0.8669717397729715,-0.04180000000000006,-0.4688000000000001,0.0,0.04180000000000006,1.0,0.0,0.0,0.006666666666666667,0.006666666666666667,1.0,,1.0,0.7228499044401974,0.7197056396802266,0.7692996644973755,0.6949086272716523,-0.07439103722572327,0.0,0.0,0.23570670609140718,0.05000000074505806,0.05000000074505806,0.823696839809419,102,0,48
visa,1,4,macaroni1,200,0.8875000000000001,0.5,0.8674000000000001,0.8674000000000001,0.8674000000000001,0.9804075612882334,0.1504658423680165,0.876381789530454,-0.020100000000000007,-0.38750000000000007,0.0,0.020100000000000007,1.0,0.0,0.0,0.0,0.005,1.0,,1.0,0.6085877146928674,0.7869543316960335,0.7961978906393051,0.7777107727527618,-0.018487117886543336,0.0,0.0,0.501848830813016,0.41647677421569823,0.4492291808128357,0.6906163454055787,183,0,17
visa,1,4,macaroni2,200,0.7737999999999999,0.5,0.7221000000000001,0.7221000000000001,0.7221000000000001,0.9757094171932384,0.0141649131791724,0.8289275331435353,-0.05169999999999986,-0.27379999999999993,0.0,0.05169999999999986,1.0,0.0,0.0,0.0,0.005,1.0,,1.0,0.1720078001950049,0.8547719463706016,0.8486039835214615,0.8609399092197418,0.012335925698280348,0.0,0.0,0.4475674856555231,0.23996804803609847,0.5387347638607025,0.7346023559570315,196,0,4
visa,1,4,pcb1,200,0.9081,0.5,0.8519000000000001,0.8519000000000001,0.8519000000000001,0.936009607998054,0.0776927969001291,0.6940170740042675,-0.05619999999999992,-0.4081,0.0,0.05619999999999992,1.0,0.0,0.0,0.0,0.005,1.0,,1.0,0.4920423010575265,0.8530990055203438,0.8672128510475159,0.8389851599931717,-0.028227691054344195,0.0,0.0,0.24803627433143569,0.05000000074505806,0.05000000074505806,0.5141867756843567,200,0,0
visa,1,4,pcb2,200,0.8861,0.5,0.6205,0.6205,0.6205,0.8915240109282889,0.0593286512605475,0.7011877478179425,-0.26559999999999995,-0.3861,0.0,0.26559999999999995,1.0,0.0,0.0,0.0,0.005,1.0,,1.0,0.335559888997225,0.8275697326660156,0.834700186252594,0.8204392790794373,-0.014260907173156756,0.0,0.0,0.43566555039562077,0.06057497598230839,0.07890057191252708,0.949999988079071,191,0,9
visa,1,4,pcb3,201,0.9149504950495049,0.5,0.6168316831683168,0.6168316831683168,0.6168316831683168,0.8790179202542417,0.0347238183580735,0.689067260788024,-0.29811881188118805,-0.4149504950495049,0.0,0.29811881188118805,1.0,0.0,0.0,0.0,0.004975124378109453,1.0,,1.0,0.2058785281513226,0.7564254423872155,0.7946688149235036,0.7177996361255645,-0.07686917879793909,0.0,0.0,0.3035917741945308,0.05000000074505806,0.05000000074505806,0.8362655997276305,158,0,43
visa,1,4,pcb4,201,0.9781188118811881,0.5,0.938910891089109,0.938910891089109,0.938910891089109,0.9469986287202669,0.235892279903176,0.8764475619932519,-0.03920792079207913,-0.4781188118811881,0.0,0.03920792079207913,1.0,0.0,0.014925373134328358,0.0,0.004975124378109453,1.0,,1.0,0.7129835968671495,0.6537420811937816,0.7510887703092972,0.5554219251871109,-0.19566684512218635,0.0,0.0,0.2777293755095222,0.05000000074505806,0.05000000074505806,0.6251462459564209,84,0,117
visa,1,4,pipe_fryum,150,0.9736,0.74,0.9228,0.9228,0.9228,0.9692953133105556,0.2667692129651184,0.963269401502116,-0.05080000000000007,-0.23360000000000003,0.0,0.05080000000000007,1.0,0.0,0.0,0.02666666666666667,0.16,1.0,0.6382046799930625,1.0,0.7088368371927641,0.643651104370753,0.7264059948921203,0.6022736591100692,-0.12413233578205107,0.0,0.0,0.22589155631365754,0.05000000074505806,0.05000000074505806,0.5827210783958438,58,0,92
visa,2,1,candle,200,0.9096000000000001,0.9096000000000001,0.8094,0.8094,0.8456,0.9901443248872244,0.2653806385132111,0.9774522028434568,-0.06400000000000006,0.0,0.0,0.10020000000000007,0.41,0.0,0.0,0.0,1.0,1.0,1.0,1.0,0.6498522463061577,0.7217989933490753,0.7689694386720657,0.6746285480260849,-0.09434089064598083,0.0,0.0,0.12793681749471736,0.05000000074505806,0.05000000074505806,0.34358967244625094,134,0,66
visa,2,1,capsules,160,0.9874999999999999,0.5,0.8278333333333334,0.8278333333333334,0.8278333333333334,0.8133425265180777,0.1626787785413803,0.4354643004358519,-0.1596666666666665,-0.48749999999999993,0.0,0.1596666666666665,1.0,0.0,0.0375,0.01875,0.00625,1.0,,1.0,0.6389487870619946,0.7086230959743262,0.7162911911805471,0.7040222388505936,-0.012268952329953509,0.0,0.0,0.36194873117204085,0.05000000074505806,0.49999967217445374,0.49999967217445374,97,0,63
visa,2,1,cashew,150,0.9382,0.7,0.7596,0.7596,0.7596,0.9440934855523408,0.1954903630622185,0.9122452207756836,-0.17859999999999998,-0.23820000000000008,0.0,0.17859999999999998,1.0,0.0,0.1,0.06666666666666667,0.13333333333333333,1.0,0.5908001747102141,1.0,0.4887772789901774,0.6455726011594136,0.7099604535102845,0.6133786749839782,-0.09658177852630623,0.0,0.0,0.19988049338360375,0.05000000074505806,0.05000000074505806,0.5056807219982147,60,0,90
visa,2,1,chewinggum,150,0.9766,0.9766,0.9722,0.9722,0.9774,0.9922433570384817,0.5112172593779596,0.9373337434656176,0.0008000000000000229,0.0,0.0,0.0044000000000000705,0.36,0.0,0.7933333333333333,0.0,1.0,0.5,1.0,0.9354223054592222,0.9853184585981598,0.4498007495204608,0.3868545034527779,0.4812738725543022,0.09441936910152432,0.0,0.0,0.16304855371990218,0.05000000074505806,0.05000000074505806,0.5000468671321869,5,33,112
visa,2,1,fryum,150,0.9794,0.5,0.927,0.927,0.927,0.9450304281838988,0.229400933779928,0.8487852293163801,-0.0524,-0.47940000000000005,0.0,0.0524,1.0,0.0,0.38666666666666666,0.02,0.006666666666666667,0.9866666666666667,,0.9999982221416259,0.7374331969133783,0.5763623066743215,0.66174480676651,0.5336710566282272,-0.12807375013828282,0.0,0.0,0.19772909952459933,0.05000000074505806,0.05000000074505806,0.5026048183441162,29,0,121
visa,2,1,macaroni1,200,0.9107999999999999,0.5,0.8674000000000001,0.8668,0.8669,0.928511936915574,0.0181339270145896,0.4335592181902465,-0.04389999999999994,-0.41079999999999994,-0.0006000000000000449,0.04339999999999988,1.0,0.0,0.505,0.075,0.005,0.86,,0.9994080600094041,0.5595966150949715,0.5487185722589493,0.5805081820487976,0.5169289624691009,-0.0635792195796967,0.0,0.0,0.25947032690697275,0.05000000074505806,0.05000000074505806,0.49999967217445374,26,0,174
visa,2,1,macaroni2,200,0.7276,0.5,0.7221000000000001,0.6368,0.6396,0.9325125191344062,0.0057186228286625,0.495264449053941,-0.08800000000000008,-0.22760000000000002,-0.08530000000000004,0.005499999999999949,1.0,0.0,0.925,0.0,0.005,0.29,,0.8150473038742531,0.31792254554645455,0.5080453869700432,0.5139900827407837,0.5021006911993027,-0.011889391541481054,0.0,0.0,0.3023365188022043,0.07212562933564186,0.49998798966407776,0.49999967217445374,4,0,196
visa,2,1,pcb1,200,0.8775,0.5,0.8519000000000001,0.8519000000000001,0.8519000000000001,0.9356406948841036,0.0814301125031985,0.6770211490970558,-0.025599999999999845,-0.37749999999999995,0.0,0.025599999999999845,1.0,0.0,0.0,0.075,0.005,1.0,,1.0,0.4869241731043277,0.6825470319390297,0.6020712947845459,0.7630227690935135,0.1609514743089676,0.0,0.0,0.24652390367774266,0.05000000074505806,0.05000000074505806,0.5085034132003784,104,0,96
visa,2,1,pcb2,200,0.824,0.5,0.6205,0.62145,0.6214500000000001,0.8931184425083467,0.0373978890106238,0.555274212762067,-0.2025499999999999,-0.32399999999999995,0.0009499999999998954,0.2034999999999999,1.0,0.0,0.04,0.345,0.005,0.935,,0.9998293561746109,0.2811468588956571,0.590201222896576,0.5771183079481125,0.6032841378450393,0.02616582989692684,0.0,0.0,0.2527199604442261,0.05000000074505806,0.05000000074505806,0.5035782098770142,48,0,152
visa,2,1,pcb3,201,0.7351485148514852,0.5,0.6168316831683168,0.6168316831683168,0.6168316831683168,0.836255878955454,0.0153494277980019,0.1955800926599338,-0.11831683168316842,-0.23514851485148525,0.0,0.11831683168316842,1.0,0.0,0.14925373134328357,0.03980099502487562,0.004975124378109453,1.0,,1.0,0.16658194177626717,0.6486191091252796,0.6867744314788592,0.6100822335481644,-0.07669219793069482,0.0,0.0,0.22514372649298545,0.05000000074505806,0.05000000074505806,0.49999967217445374,88,0,113
visa,2,1,pcb4,201,0.9704950495049506,0.5,0.938910891089109,0.7150000000000001,0.7150000000000001,0.9272094841770704,0.1106506596732008,0.6762098427506711,-0.2554950495049505,-0.4704950495049506,-0.2239108910891089,0.03158415841584161,1.0,0.0,0.8606965174129353,0.07462686567164178,0.004975124378109453,0.21890547263681592,,0.7297262291023457,0.4495212112114404,0.5131523594334351,0.5261744797819912,0.5000000178813935,-0.02617446190059769,0.0,0.0,0.24257295468516657,0.05000000074505806,0.05000000074505806,0.49999967217445374,7,0,194
visa,2,1,pipe_fryum,150,0.9288,0.63,0.9228,0.9228,0.9228,0.9679702065007392,0.2605973443461561,0.96240969571152,-0.006000000000000005,-0.29879999999999995,0.0,0.006000000000000005,1.0,0.0,0.0,0.09333333333333334,0.08666666666666667,0.98,0.4879780560905595,0.9999911106765218,0.6832007495453605,0.6454137921333313,0.6443191075325012,0.6459611344337464,0.0016420269012451527,0.0,0.0,0.21908268300569922,0.05000000074505806,0.05000000074505806,0.5008633196353912,60,0,90
visa,2,2,candle,200,0.9058,0.9058,0.8094,0.8094,0.8561000000000001,0.990794509129152,0.2643365525260151,0.9735814585404754,-0.049699999999999966,0.0,0.0,0.09640000000000004,0.28,0.0,0.07,0.005,1.0,1.0,1.0,1.0,0.7076171904297608,0.631827032417059,0.6754490926861763,0.5882049721479415,-0.08724412053823472,0.0,0.0,0.15146956537791995,0.05000000074505806,0.05000000074505806,0.45553179085254675,82,0,118
visa,2,2,capsules,160,0.9848333333333334,0.5,0.8278333333333334,0.8278333333333334,0.8278333333333334,0.9383242832121108,0.2399358982461933,0.6483884129349795,-0.15700000000000003,-0.48483333333333345,0.0,0.15700000000000003,1.0,0.0,0.0,0.00625,0.00625,1.0,,1.0,0.6252636821750849,0.7568206075578928,0.7144026140371958,0.782271403670311,0.06786878963311516,0.0,0.0,0.3657267225946173,0.05000000074505806,0.49999967217445374,0.5035814464092254,121,0,39
visa,2,2,cashew,150,0.9492,0.52,0.7596,0.7596,0.7596,0.9363958612291072,0.1726314014173187,0.8936772231349072,-0.1896,-0.4292,0.0,0.1896,1.0,0.0,0.0,0.0,0.02,1.0,0.19867108162864744,1.0,0.5010409351526735,0.8279514900843302,0.8604492688179016,0.8117026007175445,-0.048746668100357105,0.0,0.0,0.19219691491812133,0.05000000074505806,0.05000000074505806,0.49999967217445374,150,0,0
visa,2,2,chewinggum,150,0.9804,0.9804,0.9722,0.9722,0.978,0.9927966049081972,0.5037832197653357,0.9427347962953592,-0.0024000000000000687,0.0,0.0,0.008200000000000096,0.56,0.0,0.0,0.0,0.8066666666666666,1.0,0.997392930319562,1.0,0.9512582781456955,0.5988521786530813,0.6782562017440796,0.5591501671075821,-0.1191060346364975,0.0,0.0,0.13263427820175946,0.05000000074505806,0.05000000074505806,0.3852006107568742,40,0,110
visa,2,2,fryum,150,0.9822,0.5,0.927,0.927,0.927,0.9460301564276444,0.2326851027427303,0.8618078127591333,-0.055199999999999916,-0.48219999999999996,0.0,0.055199999999999916,1.0,0.0,0.5333333333333333,0.04666666666666667,0.006666666666666667,0.9,,0.9997421775287095,0.7386790376543948,0.5571545497576396,0.6261347842216491,0.5226644325256348,-0.10347035169601437,0.0,0.0,0.20785138468600822,0.05000000074505806,0.05000000074505806,0.538833695650101,22,0,128
visa,2,2,macaroni1,200,0.9164,0.5,0.8674000000000001,0.8674000000000001,0.8674000000000001,0.9802374920157524,0.1483886778556157,0.8762593006989947,-0.04899999999999993,-0.4164,0.0,0.04899999999999993,1.0,0.0,0.0,0.0,0.005,1.0,,1.0,0.6129573239330984,0.8227229616045952,0.8448653525114059,0.8005805706977844,-0.0442847818136215,0.0,0.0,0.628458814189288,0.36241585910320284,0.53214031457901,0.949999988079071,200,0,0
visa,2,2,macaroni2,200,0.7551000000000001,0.5,0.7221000000000001,0.7221000000000001,0.7221000000000001,0.9757154762281992,0.0146977853447907,0.8282463601170346,-0.03300000000000003,-0.2551000000000001,0.0,0.03300000000000003,1.0,0.0,0.0,0.0,0.005,1.0,,1.0,0.27509637740943527,0.87087916046381,0.8725671899318695,0.8691911309957504,-0.0033760589361191418,0.0,0.0,0.5392264048335192,0.20161454379558563,0.7193001508712769,0.9381562232971191,200,0,0
visa,2,2,pcb1,200,0.9336,0.5,0.8519000000000001,0.8519000000000001,0.8519000000000001,0.935812846885024,0.0809284950238634,0.6428925752963484,-0.08169999999999988,-0.4336,0.0,0.08169999999999988,1.0,0.0,0.0,0.0,0.005,1.0,,1.0,0.5327938198454961,0.7963699278235435,0.7552299159765243,0.8375099396705628,0.08228002369403842,0.0,0.0,0.243974173180782,0.05000000074505806,0.05000000074505806,0.5054443836212158,177,0,23
visa,2,2,pcb2,200,0.8412999999999999,0.5,0.6205,0.6205,0.6205,0.8937844296237998,0.0353675339958535,0.5004211949930022,-0.22079999999999989,-0.34129999999999994,0.0,0.22079999999999989,1.0,0.0,0.01,0.06,0.005,1.0,,1.0,0.28850521263031575,0.6899381506443024,0.6813494873046875,0.6985268139839172,0.017177326679229776,0.0,0.0,0.24813433014727002,0.05000000074505806,0.05000000074505806,0.5006024599075317,116,0,84
visa,2,2,pcb3,201,0.881980198019802,0.5,0.6168316831683168,0.6168316831683168,0.6168316831683168,0.8789118333079338,0.0367859979247006,0.6876174339305424,-0.26514851485148516,-0.381980198019802,0.0,0.26514851485148516,1.0,0.0,0.0,0.0,0.004975124378109453,1.0,,1.0,0.20778336042559478,0.8135695662071456,0.8365536066565183,0.7903556853532792,-0.04619792130323919,0.0,0.0,0.28317582258506524,0.05000000074505806,0.05000000074505806,0.6953475832939148,190,0,11
visa,2,2,pcb4,201,0.974059405940594,0.5,0.938910891089109,0.9338613861386138,0.933861386138614,0.9343035056165166,0.1261577645184618,0.679264205295397,-0.04019801980198001,-0.47405940594059404,-0.005049504950495165,0.03514851485148507,1.0,0.0,0.681592039800995,0.0,0.004975124378109453,0.6467661691542289,,0.9786561418335727,0.7334232159431764,0.5484981522038208,0.5952868160634938,0.5012416017055511,-0.09404521435794266,0.0,0.0,0.2386140456957259,0.05000000074505806,0.05000000074505806,0.49999967217445374,28,0,173
visa,2,2,pipe_fryum,150,0.9484,0.62,0.9228,0.9228,0.9228,0.9678953941023556,0.2645148765533041,0.9552033411870378,-0.025600000000000067,-0.3284,0.0,0.025600000000000067,1.0,0.0,0.0,0.0,0.08666666666666667,1.0,0.4704447691413739,1.0,0.69046090937375,0.804362405538559,0.8107487452030182,0.8011692357063294,-0.009579509496688843,0.0,0.0,0.2805406287215856,0.08189504742622375,0.08884379640221596,0.7077255606651313,146,0,4
visa,2,4,candle,200,0.9246999999999999,0.9247000000000001,0.8094,0.8094,0.8653999999999998,0.9916560499141164,0.2680818994628252,0.9731285986210336,-0.05930000000000002,2.220446049250313e-16,0.0,0.11529999999999985,0.315,0.0,0.025,0.005,0.995,1.0,0.9999996249905545,1.0,0.70809570239256,0.6564209082722664,0.6983077117800712,0.6145341047644615,-0.08377360701560976,0.0,0.0,0.12110735699056607,0.05000000074505806,0.05000000074505806,0.3156486779451372,97,0,103
visa,2,4,capsules,160,0.989,0.5,0.8278333333333334,0.8278333333333334,0.8278333333333334,0.941161372430154,0.2341074717022272,0.8003051478798501,-0.16116666666666657,-0.489,0.0,0.16116666666666657,1.0,0.0,0.0,0.0,0.00625,1.0,,1.0,0.6304845892417672,0.7960728026926518,0.79257925649484,0.7981689304113389,0.005589673916498894,0.0,0.0,0.5256376756984973,0.05000000074505806,0.6312471032142639,0.949999988079071,143,0,17
visa,2,4,cashew,150,0.9414,0.9347000000000001,0.7596,0.7596,0.7626000000000001,0.9459152753660208,0.1985127185453673,0.9187410804506853,-0.17879999999999996,-0.006699999999999928,0.0,0.18179999999999996,0.9933333333333333,0.0,0.0,0.0,0.5466666666666666,1.0,0.954409436885757,1.0,0.5055104671318725,0.8186822772026062,0.8536287403106689,0.8012090456485749,-0.05241969466209406,0.0,0.0,0.19726508244652333,0.05000000074505806,0.05000000074505806,0.506894987821579,149,0,1
visa,2,4,chewinggum,150,0.9857999999999999,0.9857999999999999,0.9722,0.9722,0.9788,0.9930577331635284,0.5060695321634342,0.9430602612807468,-0.006999999999999895,0.0,0.0,0.013599999999999945,0.6066666666666667,0.0,0.4533333333333333,0.0,0.7133333333333334,0.9866666666666667,0.9873055312811305,0.9999982221416259,0.9483407233060427,0.5522870365778605,0.6274984741210937,0.5146813178062439,-0.11281715631484979,0.0,0.0,0.1216863624393996,0.05000000074505806,0.05000000074505806,0.32690615057945277,26,1,123
visa,2,4,fryum,150,0.9765999999999999,0.5,0.927,0.927,0.927,0.9460304108693524,0.2328149529446266,0.8703669207713528,-0.049599999999999866,-0.4765999999999999,0.0,0.049599999999999866,1.0,0.0,0.38666666666666666,0.02,0.006666666666666667,0.9866666666666667,,0.9999982221416259,0.7255055344791848,0.5767949215571085,0.663706146478653,0.5333393090963363,-0.1303668373823167,0.0,0.0,0.21375555293104295,0.05000000074505806,0.05000000074505806,0.5933531641960146,34,0,116
visa,2,4,macaroni1,200,0.8954,0.5,0.8674000000000001,0.8674000000000001,0.8674000000000001,0.9803942321033828,0.1316954159616274,0.8621099605414132,-0.027999999999999914,-0.3954,0.0,0.027999999999999914,1.0,0.0,0.17,0.03,0.005,1.0,,1.0,0.6073456836420912,0.5989212584495545,0.6541681772470475,0.5436743396520615,-0.11049383759498599,0.0,0.0,0.3310490384706627,0.16213030070066453,0.16605838388204575,0.5307838976383209,52,0,148
visa,2,4,macaroni2,200,0.761,0.5,0.7221000000000001,0.7221000000000001,0.7221000000000001,0.9755999031122063,0.0144251350335388,0.8249639856735782,-0.038899999999999935,-0.261,0.0,0.038899999999999935,1.0,0.0,0.0,0.0,0.005,1.0,,1.0,0.2450596264906623,0.8587715548276901,0.8551309514045715,0.8624121582508087,0.0072812068462372315,0.0,0.0,0.41622447807833424,0.2237764835357666,0.5116541087627411,0.6509423851966861,199,0,1
visa,2,4,pcb1,200,0.9401999999999999,0.5,0.8519000000000001,0.8519000000000001,0.8519000000000001,0.9355614222860228,0.0834692010203621,0.7600949843363598,-0.08829999999999982,-0.4401999999999999,0.0,0.08829999999999982,1.0,0.0,0.0,0.0,0.005,1.0,,1.0,0.5362844071101779,0.857657541334629,0.8452096104621887,0.8701054722070694,0.024895861744880676,0.0,0.0,0.3526673438612748,0.05000000074505806,0.05000000074505806,0.8520798325538635,200,0,0
visa,2,4,pcb2,200,0.8599999999999999,0.5,0.6205,0.6205,0.6205,0.8918291150096783,0.0607715587711361,0.7170832267369184,-0.23949999999999982,-0.3599999999999999,0.0,0.23949999999999982,1.0,0.0,0.0,0.0,0.005,1.0,,1.0,0.25581039525988153,0.828850037753582,0.8320356798171997,0.8256643956899643,-0.0063712841272354215,0.0,0.0,0.32932153615917586,0.05000000074505806,0.05000000074505806,0.7721916437149048,192,0,8
visa,2,4,pcb3,201,0.9053465346534654,0.5,0.6168316831683168,0.6168316831683168,0.6168316831683168,0.8765462542706194,0.0364613178882538,0.6814274230446532,-0.28851485148514855,-0.4053465346534654,0.0,0.28851485148514855,1.0,0.0,0.0,0.0,0.004975124378109453,1.0,,1.0,0.20711836855327323,0.8005083108422768,0.8333864288754983,0.7673014116287231,-0.06608501724677518,0.0,0.0,0.36539274988515397,0.08967916816473007,0.12083923816680908,0.8528698682785033,183,0,18
visa,2,4,pcb4,201,0.9932673267326733,0.5,0.938910891089109,0.9373762376237623,0.9373762376237624,0.9470973004053396,0.2435880602783695,0.8801300178406299,-0.05589108910891083,-0.49326732673267326,-0.001534653465346647,0.054356435643564294,1.0,0.0,0.6119402985074627,0.0,0.004975124378109453,0.7661691542288557,,0.9931701150828691,0.7466913632943388,0.5579491755855617,0.6128390561236013,0.5025103962421418,-0.11032865988145957,0.0,0.0,0.27632097442501724,0.05000000074505806,0.05000000074505806,0.6269321978092193,34,0,167
visa,2,4,pipe_fryum,150,0.9696,0.5700000000000001,0.9228,0.9228,0.9228,0.9679413352707822,0.2679920593872077,0.9463469000089564,-0.046800000000000064,-0.39959999999999996,0.0,0.046800000000000064,1.0,0.0,0.0,0.0,0.04666666666666667,1.0,0.365472818285872,1.0,0.7267505222454331,0.8074961924552917,0.8372137582302094,0.7926374095678329,-0.044576348662376475,0.0,0.0,0.2461712849934676,0.0707365483045578,0.07121829688549042,0.5432978868484497,148,0,2
visa,0,2,candle,200,0.8996000000000001,0.8996,0.8094,0.8094,0.8619,0.9883803207759048,0.2425009061926265,0.9632293483068264,-0.03770000000000007,-1.1102230246251565e-16,0.0,0.09020000000000006,0.555,0.0,0.0,0.0,0.945,1.0,0.9999669986304343,1.0,0.5429235730893273,0.8483610945940018,0.8329022854566575,0.8638199037313461,0.03091761827468864,0.0,0.0,0.3446128658038011,0.054547855630517006,0.16723286360502243,0.853235799074173,199,0,1
visa,0,2,capsules,160,0.9708333333333333,0.5,0.8278333333333334,0.8279166666666667,0.8279166666666667,0.941138523505238,0.2420676259761263,0.800750513436764,-0.14291666666666658,-0.4708333333333333,8.333333333332416e-05,0.1429999999999999,1.0,0.0,0.15625,0.10625,0.00625,0.99375,,0.9999992675492454,0.6204699702191853,0.6357454296201468,0.646027319629987,0.6295762956142426,-0.016451024015744498,0.0,0.0,0.4675190345611517,0.05000000074505806,0.5351699888706207,0.8980482757091522,60,0,100
visa,0,2,cashew,150,0.9406000000000001,0.8483,0.7596,0.7596,0.7596,0.9438231330138956,0.1968414342616764,0.9193283465263178,-0.18100000000000005,-0.09230000000000005,0.0,0.18100000000000005,1.0,0.0,0.07333333333333333,0.04,0.28,1.0,0.8044334683684753,1.0,0.46531312502777905,0.6643715536594391,0.7288570094108582,0.6321288257837295,-0.09672818362712865,0.0,0.0,0.20440597408715225,0.05000000074505806,0.05000000074505806,0.5268204033374787,68,0,82
visa,0,2,chewinggum,150,0.9892000000000001,0.9892,0.9722,0.9722,0.9818,0.9925283636771204,0.4982108191263045,0.9318821245037804,-0.007400000000000073,-1.1102230246251565e-16,0.0,0.017000000000000126,0.58,0.0,0.0,0.0,0.7933333333333333,1.0,0.9955802591688807,1.0,0.9369678652384551,0.7389242788155873,0.7450730919837951,0.7358498722314835,-0.009223219752311662,0.0,0.0,0.15796362642028658,0.05000000074505806,0.05000000074505806,0.47518648803234104,142,0,8
visa,0,2,fryum,150,0.9700000000000001,0.5,0.927,0.927,0.927,0.9460029490819708,0.2334095894210689,0.8725764371318854,-0.04300000000000004,-0.4700000000000001,0.0,0.04300000000000004,1.0,0.0,0.006666666666666667,0.006666666666666667,0.006666666666666667,1.0,,1.0,0.727743213248177,0.6347364668051402,0.7415879225730896,0.5813107389211655,-0.16027718365192412,0.0,0.0,0.2256800737112258,0.05000000074505806,0.05000000074505806,0.6975791215896612,55,0,95
visa,0,2,macaroni1,200,0.8854,0.5,0.8674000000000001,0.8674000000000001,0.8674000000000001,0.9804224919479602,0.1236497936577382,0.8597269187134613,-0.017999999999999905,-0.38539999999999996,0.0,0.017999999999999905,1.0,0.0,0.0,0.0,0.005,1.0,,1.0,0.5732183304582615,0.8462623685598374,0.8322148585319519,0.8603098785877228,0.028095020055770914,0.0,0.0,0.47431499212584693,0.420348984003067,0.4295281916856766,0.5804403722286224,194,0,6
visa,0,2,macaroni2,200,0.7192999999999999,0.5,0.7221000000000001,0.7221000000000001,0.7221000000000001,0.9755020135582336,0.0116729009336002,0.8516691120771144,0.0028000000000001357,-0.21929999999999994,0.0,-0.0028000000000001357,1.0,0.0,0.0,0.005,0.005,1.0,,1.0,0.23964149103727597,0.5989122381806373,0.626934958100319,0.5708895182609558,-0.056045439839363165,0.0,0.0,0.7213289640980892,0.5991099357604981,0.7314538955688477,0.949999988079071,47,0,153
visa,0,2,pcb1,200,0.8931,0.5,0.8519000000000001,0.8519000000000001,0.8519000000000001,0.9355621372247144,0.0839804420096099,0.7656254607889074,-0.0411999999999999,-0.3931,0.0,0.0411999999999999,1.0,0.0,0.0,0.0,0.005,1.0,,1.0,0.4772129303232582,0.7954652243852616,0.8358927297592164,0.7550377190113068,-0.08085501074790957,0.0,0.0,0.31687160262714725,0.05000000074505806,0.05000000074505806,0.7715822815895081,187,0,13
visa,0,2,pcb2,200,0.8873000000000001,0.5,0.6205,0.6205,0.6205,0.8953321676969376,0.0605514349312454,0.4306063903414774,-0.26680000000000004,-0.3873000000000001,0.0,0.26680000000000004,1.0,0.0,0.005,0.07,0.005,1.0,,1.0,0.29360834020850524,0.6755372428894043,0.6643130505084991,0.6867614352703094,0.022448384761810325,0.0,0.0,0.24469067548521642,0.05000000074505806,0.05000000074505806,0.5012186408042908,105,0,95
visa,0,2,pcb3,201,0.8996039603960396,0.5,0.6168316831683168,0.6168316831683168,0.6168316831683168,0.8767014075079971,0.0354454615208219,0.6785446842466825,-0.2827722772277228,-0.3996039603960396,0.0,0.2827722772277228,1.0,0.0,0.0,0.0,0.004975124378109453,1.0,,1.0,0.14664991872321562,0.8713606954807073,0.8759957546054726,0.8666792857646942,-0.009316468840778414,0.0,0.0,0.41941284981970134,0.07429677918553353,0.11893020197749138,0.949999988079071,201,0,0
visa,0,2,pcb4,201,0.9418811881188118,0.5,0.938910891089109,0.938910891089109,0.938910891089109,0.9461090019918582,0.1668080476808738,0.7740847569172244,-0.002970297029702862,-0.44188118811881183,0.0,0.002970297029702862,1.0,0.0,0.0,0.0,0.004975124378109453,1.0,,1.0,0.6418309442884588,0.715698486240349,0.7968588394693809,0.6337265294790267,-0.1631323099903541,0.0,0.0,0.27541138470118565,0.08403439074754715,0.08403439074754715,0.50291987657547,134,0,67
visa,0,2,pipe_fryum,150,0.9662,0.72,0.9228,0.9228,0.9228,0.9709318251942776,0.2783523251215273,0.9585234836403008,-0.043399999999999994,-0.24619999999999997,0.0,0.043399999999999994,1.0,0.0,0.4266666666666667,0.02666666666666667,0.15333333333333332,1.0,0.6153307559331791,1.0,0.6832570336459398,0.5605625698963801,0.652222928404808,0.5147323906421661,-0.13749053776264186,0.0,0.0,0.20519215959998288,0.05000000074505806,0.05000000074505806,0.5000882148742676,22,0,128
visa,0,4,candle,200,0.9234,0.9234,0.8094,0.8094,0.8308,0.9903655536450704,0.2473206485609698,0.9713253067484076,-0.09260000000000002,0.0,0.0,0.11399999999999999,0.485,0.0,0.0,0.005,0.915,1.0,0.9996365498673986,1.0,0.5391974799369985,0.7081954877078533,0.6367240646481513,0.7796669107675552,0.1429428461194039,0.0,0.0,0.16731853738554328,0.05000000074505806,0.05000000074505806,0.5196254909038543,128,0,72
visa,0,4,capsules,160,0.9766666666666667,0.5,0.8278333333333334,0.8278333333333334,0.8278333333333334,0.941164453504744,0.2418577378221494,0.8020145400832484,-0.14883333333333326,-0.4766666666666667,0.0,0.14883333333333326,1.0,0.0,0.04375,0.01875,0.00625,1.0,,1.0,0.6289757412398922,0.7071524664759636,0.7248390406370163,0.6965405219793319,-0.0282985186576844,0.0,0.0,0.4596704834235814,0.05000000074505806,0.5326016843318939,0.8804341018199924,95,0,65
visa,0,4,cashew,150,0.9492,0.9127000000000001,0.7596,0.7596,0.7598,0.955788496792829,0.2050700649247974,0.9215216549364,-0.1894,-0.03649999999999998,0.0,0.1896,1.0,0.0,0.0,0.0,0.37333333333333335,1.0,0.877091387340421,1.0,0.4791377394550869,0.7450993247826894,0.8050962567329407,0.7151008588075638,-0.08999539792537692,0.0,0.0,0.18766590230146665,0.05000000074505806,0.05000000074505806,0.49999967217445374,110,0,40
visa,0,4,chewinggum,150,0.988,0.988,0.9722,0.9722,0.9856,0.992839238919648,0.5063116732643311,0.9407299191158338,-0.0023999999999999577,0.0,0.0,0.015800000000000036,0.5133333333333333,0.0,0.0,0.0,0.9333333333333333,1.0,0.9999448849205613,1.0,0.948506155829148,0.7128017556667328,0.7267770206928253,0.7058141231536865,-0.020962897539138825,0.0,0.0,0.13408346921204703,0.05000000074505806,0.05000000074505806,0.3840584456920626,148,0,2
visa,0,4,fryum,150,0.9863999999999999,0.5,0.927,0.927,0.927,0.9460321504801912,0.2364174735920976,0.8575280415499894,-0.0593999999999999,-0.48639999999999994,0.0,0.0593999999999999,1.0,0.0,0.0,0.0,0.006666666666666667,1.0,,1.0,0.7264340637361661,0.8289309930801392,0.8347317361831665,0.8260306215286255,-0.008701114654541042,0.0,0.0,0.2696043128340855,0.05000000074505806,0.05000000074505806,0.930896258354187,148,0,2
visa,0,4,macaroni1,200,0.9153,0.5,0.8674000000000001,0.8674000000000001,0.8674000000000001,0.9802889732527772,0.0632228669616531,0.8341091088749305,-0.04789999999999994,-0.4153,0.0,0.04789999999999994,1.0,0.0,0.0,0.0,0.005,1.0,,1.0,0.5980679516987926,0.8527787458896637,0.8460397881269455,0.8595177036523819,0.013477915525436424,0.0,0.0,0.3466285478721845,0.19100130945444108,0.19693821668624878,0.5270373880863191,197,0,3
visa,0,4,macaroni2,200,0.7231,0.5,0.7221000000000001,0.7221000000000001,0.7221000000000001,0.970437910447911,0.017270848170085,0.457094723893081,-0.0009999999999998899,-0.22309999999999997,0.0,0.0009999999999998899,1.0,0.0,0.0,0.0,0.005,1.0,,1.0,0.2660436510912773,0.8235493189096451,0.8339365929365158,0.8131620448827743,-0.02077454805374146,0.0,0.0,0.45390635805639856,0.40384074449539187,0.49999967217445374,0.5000491738319397,199,0,1
visa,0,4,pcb1,200,0.9143,0.5,0.8519000000000001,0.8519000000000001,0.8519000000000001,0.9356253747902942,0.0837646694701192,0.764046966927801,-0.0623999999999999,-0.4143,0.0,0.0623999999999999,1.0,0.0,0.0,0.0,0.005,1.0,,1.0,0.5079051976299408,0.8605253544449806,0.8706375145912171,0.8504131942987442,-0.020224320292472897,0.0,0.0,0.35477699184712974,0.05000000074505806,0.05000000074505806,0.8735611855983735,200,0,0
visa,0,4,pcb2,200,0.8889,0.5,0.6205,0.6205,0.6205,0.8939113535629754,0.0609258027828772,0.5671181708500579,-0.26839999999999997,-0.3889,0.0,0.26839999999999997,1.0,0.0,0.0,0.065,0.005,1.0,,1.0,0.26892072301807546,0.6669870865345001,0.6528388810157776,0.6811352920532227,0.02829641103744507,0.0,0.0,0.24883880196348795,0.05000000074505806,0.05000000074505806,0.511554753780365,97,0,103
visa,0,4,pcb3,201,0.8966336633663367,0.5,0.6168316831683168,0.6168316831683168,0.6168316831683168,0.8785361326553196,0.036210599433134,0.689151888878686,-0.27980198019801983,-0.39663366336633665,0.0,0.27980198019801983,1.0,0.0,0.0,0.0,0.004975124378109453,1.0,,1.0,0.18738436530220187,0.8643706025768868,0.8726460196004056,0.856012431383133,-0.016633588217272566,0.0,0.0,0.2991926143986228,0.05000000074505806,0.05000000074505806,0.7839447021484375,201,0,0
visa,0,4,pcb4,201,0.9668316831683169,0.5,0.938910891089109,0.938910891089109,0.938910891089109,0.9468731903200924,0.2008958959423887,0.8666404676008587,-0.027920792079207946,-0.4668316831683169,0.0,0.027920792079207946,1.0,0.0,0.004975124378109453,0.0,0.004975124378109453,1.0,,1.0,0.6989522683611645,0.675494371658534,0.7754223458837755,0.5745671176910401,-0.20085522819273538,0.0,0.0,0.2679328624049677,0.05000000074505806,0.05000000074505806,0.5648977994918822,99,0,102
visa,0,4,pipe_fryum,150,0.9687999999999999,0.5,0.9228,0.9228,0.9228,0.9680200596212958,0.2688583349504046,0.9172088675157724,-0.04599999999999993,-0.4687999999999999,0.0,0.04599999999999993,1.0,0.0,0.0,0.0,0.006666666666666667,1.0,,1.0,0.6627583448153251,0.6731527157624563,0.7617552256584168,0.628851460814476,-0.13290376484394084,0.0,0.0,0.24155105509367403,0.07795122787356376,0.07802201807498932,0.5087227046489716,73,0,77
