run_id,dataset,seed,shot,category,role,path,size_bytes,mtime_ns,sha256
20260805_mvtec_final_validation_s0_k1,mvtec,0,1,bottle,visual_prediction,D:\STUDY\My_github\sci_project\outputs\anomalydino\unified_matrix\seed_0_shot_1\predictions\bottle.npz,58785951,1785979519697322600,bcf3a09f8b06b577379df5a6498055f6d2d07ccb7bdbc0d947a24ca3b60ee696
20260805_mvtec_final_validation_s0_k1,mvtec,0,1,bottle,text_prediction,D:\STUDY\My_github\sci_project\outputs\anomalyclip\mvtec_npz\bottle.npz,80395581,1785299438080874700,533e243439559494e3c8ef719fd3e9026e2d812857c25ce729b20881335f2007
20260805_mvtec_final_validation_s0_k1,mvtec,0,1,bottle,text_sample_id_sidecar,D:\STUDY\My_github\sci_project\outputs\dynamic_fusion\sidecars\anomalyclip_mvtec_518\bottle.sample_ids.npz,594,1785946548976158400,74c7ce702c2cbafa781012d3010e47515da68d2a1e362cfcbbfa939e5eccf203
20260805_mvtec_final_validation_s0_k1,mvtec,0,1,cable,visual_prediction,D:\STUDY\My_github\sci_project\outputs\anomalydino\unified_matrix\seed_0_shot_1\predictions\cable.npz,104625432,1785979527079764200,27cf915f583ef1833432f1fc8b975973887d73b7a127fa97ba6664dc24f9a824
20260805_mvtec_final_validation_s0_k1,mvtec,0,1,cable,text_prediction,D:\STUDY\My_github\sci_project\outputs\anomalyclip\mvtec_npz\cable.npz,144631682,1785299454113058000,97cdea7b527b798e5b32c042e6574a11422f52944f68024a82ef17ed3447ccde
20260805_mvtec_final_validation_s0_k1,mvtec,0,1,cable,text_sample_id_sidecar,D:\STUDY\My_github\sci_project\outputs\dynamic_fusion\sidecars\anomalyclip_mvtec_518\cable.sample_ids.npz,948,1785946549359201900,4b95eaba47d460b29268c6b1e30d27c06c965b59e0c4ef8863ec5b187d101283
20260805_mvtec_final_validation_s0_k1,mvtec,0,1,capsule,visual_prediction,D:\STUDY\My_github\sci_project\outputs\anomalydino\unified_matrix\seed_0_shot_1\predictions\capsule.npz,42881231,1785979531373407600,6684343a45ef8d3484d1e9903e1bbf3665f54bd4f160c49ad1d5298325d03fc6
20260805_mvtec_final_validation_s0_k1,mvtec,0,1,capsule,text_prediction,D:\STUDY\My_github\sci_project\outputs\anomalyclip\mvtec_npz\capsule.npz,122777856,1785299459959907600,c83fbed39c6bcea91182f3ee08d605098581d089b2743d557b13e8c02478c8a2
20260805_mvtec_final_validation_s0_k1,mvtec,0,1,capsule,text_sample_id_sidecar,D:\STUDY\My_github\sci_project\outputs\dynamic_fusion\sidecars\anomalyclip_mvtec_518\capsule.sample_ids.npz,804,1785946549858651000,8c1a7361ca51812ecf2b8f6a962030a81a68bddfa78d52a4e41c052db361f724
20260805_mvtec_final_validation_s0_k1,mvtec,0,1,carpet,visual_prediction,D:\STUDY\My_github\sci_project\outputs\anomalydino\unified_matrix\seed_0_shot_1\predictions\carpet.npz,81525782,1785979537445711600,13941f99cd35f031e95c134d6e3a929b7a0a7ccf13e0797f5e849bdb5dc29f3f
20260805_mvtec_final_validation_s0_k1,mvtec,0,1,carpet,text_prediction,D:\STUDY\My_github\sci_project\outputs\anomalyclip\mvtec_npz\carpet.npz,109719138,1785299434722809300,c6acafd5bb0c44946c8d77df7917a2617915b8e679c5e45f06610bd9b26c9300
20260805_mvtec_final_validation_s0_k1,mvtec,0,1,carpet,text_sample_id_sidecar,D:\STUDY\My_github\sci_project\outputs\dynamic_fusion\sidecars\anomalyclip_mvtec_518\carpet.sample_ids.npz,748,1785946550299217000,8d2d168638a265b2f92b5d2b40fc697799bd9b710a0222b568a9355eef2cd242
20260805_mvtec_final_validation_s0_k1,mvtec,0,1,grid,visual_prediction,D:\STUDY\My_github\sci_project\outputs\anomalydino\unified_matrix\seed_0_shot_1\predictions\grid.npz,53701528,1785979541665067500,72cc9154f930d5c43027a0a73581e8cadb18adc2392323ac9d04d094b9fb8ec6
20260805_mvtec_final_validation_s0_k1,mvtec,0,1,grid,text_prediction,D:\STUDY\My_github\sci_project\outputs\anomalyclip\mvtec_npz\grid.npz,74449068,1785299463151146100,3401ebe9b9a1ad4069650e88acae3c30fb92381b04dc32b5606222d7c09b9aa4
20260805_mvtec_final_validation_s0_k1,mvtec,0,1,grid,text_sample_id_sidecar,D:\STUDY\My_github\sci_project\outputs\dynamic_fusion\sidecars\anomalyclip_mvtec_518\grid.sample_ids.npz,627,1785946550713938200,65aeffe03a2e8eb91b0f3ffd4f11cee8922d8ccd4f01a5c1f9e8ad3338bc5179
20260805_mvtec_final_validation_s0_k1,mvtec,0,1,hazelnut,visual_prediction,D:\STUDY\My_github\sci_project\outputs\anomalydino\unified_matrix\seed_0_shot_1\predictions\hazelnut.npz,48081977,1785979545791488300,59a90610a778673c59b91f21d38a865906c74a3721eb2a8567382a37af727026
20260805_mvtec_final_validation_s0_k1,mvtec,0,1,hazelnut,text_prediction,D:\STUDY\My_github\sci_project\outputs\anomalyclip\mvtec_npz\hazelnut.npz,104129984,1785299442764357600,a0fb15e55153308d2727a364e3b4a62781596dffefaed4ac22d09fc099e2e3d0
20260805_mvtec_final_validation_s0_k1,mvtec,0,1,hazelnut,text_sample_id_sidecar,D:\STUDY\My_github\sci_project\outputs\dynamic_fusion\sidecars\anomalyclip_mvtec_518\hazelnut.sample_ids.npz,666,1785946551057562200,44085a429de3bf92adbbb02d01191ea0eb7db85e3da97c10e182efa641b9a3ba
20260805_mvtec_final_validation_s0_k1,mvtec,0,1,leather,visual_prediction,D:\STUDY\My_github\sci_project\outputs\anomalydino\unified_matrix\seed_0_shot_1\predictions\leather.npz,86377113,1785979552487594400,4d18613d40289c364b5b976dafd24c86ada42956d4a32e828e33f65b9046fdaa
20260805_mvtec_final_validation_s0_k1,mvtec,0,1,leather,text_prediction,D:\STUDY\My_github\sci_project\outputs\anomalyclip\mvtec_npz\leather.npz,117745411,1785299448045567600,c0970e228136d6cc6bfecbd169b8b18443952dbd26df72efb4913292814f85e6
20260805_mvtec_final_validation_s0_k1,mvtec,0,1,leather,text_sample_id_sidecar,D:\STUDY\My_github\sci_project\outputs\dynamic_fusion\sidecars\anomalyclip_mvtec_518\leather.sample_ids.npz,711,1785946551447284500,bcf74766e3392e4611990353264a1708f57967397a9556e48a3d3d57defb3c21
20260805_mvtec_final_validation_s0_k1,mvtec,0,1,metal_nut,visual_prediction,D:\STUDY\My_github\sci_project\outputs\anomalydino\unified_matrix\seed_0_shot_1\predictions\metal_nut.npz,80522772,1785979558751408800,bdbc0435e831da21149c5512a93958f3b819cedc3a7e0e8117dad09a785d8681
20260805_mvtec_final_validation_s0_k1,mvtec,0,1,metal_nut,text_prediction,D:\STUDY\My_github\sci_project\outputs\anomalyclip\mvtec_npz\metal_nut.npz,111536857,1785299478509590500,7b0be8ad61d09a58d0af7496c08a108b0a192d2fc0c130f19fcbdc6b230617e7
20260805_mvtec_final_validation_s0_k1,mvtec,0,1,metal_nut,text_sample_id_sidecar,D:\STUDY\My_github\sci_project\outputs\dynamic_fusion\sidecars\anomalyclip_mvtec_518\metal_nut.sample_ids.npz,699,1785946551876644800,0c8e19aece6fb40bbde56246265af1332edf6ae0c43bd144fff723bc64df9783
20260805_mvtec_final_validation_s0_k1,mvtec,0,1,pill,visual_prediction,D:\STUDY\My_github\sci_project\outputs\anomalydino\unified_matrix\seed_0_shot_1\predictions\pill.npz,76064348,1785979565400555700,e59dc1be97c085ad8c29b851989dcbf462c55bcf39da5331066e64aaffce3369
20260805_mvtec_final_validation_s0_k1,mvtec,0,1,pill,text_prediction,D:\STUDY\My_github\sci_project\outputs\anomalyclip\mvtec_npz\pill.npz,158551016,1785299470083609700,5eccddec199b6945de6c15751a18620d353d29a1f6a226af628bdbb300d58400
20260805_mvtec_final_validation_s0_k1,mvtec,0,1,pill,text_sample_id_sidecar,D:\STUDY\My_github\sci_project\outputs\dynamic_fusion\sidecars\anomalyclip_mvtec_518\pill.sample_ids.npz,963,1785946552347011500,80e11e3247d8a5287c4ce45dcf0371ad5f8d41b3014dc896022232e870558b38
20260805_mvtec_final_validation_s0_k1,mvtec,0,1,screw,visual_prediction,D:\STUDY\My_github\sci_project\outputs\anomalydino\unified_matrix\seed_0_shot_1\predictions\screw.npz,60625857,1785979571089458200,80238ea91e6e72412e22983afb3f69d3bbbc56c966e2933ae90fa367748dbdd3
20260805_mvtec_final_validation_s0_k1,mvtec,0,1,screw,text_prediction,D:\STUDY\My_github\sci_project\outputs\anomalyclip\mvtec_npz\screw.npz,152991292,1785299485045043100,2e6dd78cd69ca61f4cae05102daa4a212a4e8782ae80109b2b8867efd245321e
20260805_mvtec_final_validation_s0_k1,mvtec,0,1,screw,text_sample_id_sidecar,D:\STUDY\My_github\sci_project\outputs\dynamic_fusion\sidecars\anomalyclip_mvtec_518\screw.sample_ids.npz,944,1785946552975160800,a66f02f2a293b134ad59e2ea6ea29d4883e729986418b15d41e77c39b7fc7e71
20260805_mvtec_final_validation_s0_k1,mvtec,0,1,tile,visual_prediction,D:\STUDY\My_github\sci_project\outputs\anomalydino\unified_matrix\seed_0_shot_1\predictions\tile.npz,80750778,1785979577392855100,6a2616b277b67d028f56a45aeb0b320e6db6444f3efbe2d3a8a2fa4d154ad7dd
20260805_mvtec_final_validation_s0_k1,mvtec,0,1,tile,text_prediction,D:\STUDY\My_github\sci_project\outputs\anomalyclip\mvtec_npz\tile.npz,112304392,1785299497375001300,6486169a3cd3bbb92f48ee6be52b8c0c378bd2eee264e61b1e998856d2143acb
20260805_mvtec_final_validation_s0_k1,mvtec,0,1,tile,text_sample_id_sidecar,D:\STUDY\My_github\sci_project\outputs\dynamic_fusion\sidecars\anomalyclip_mvtec_518\tile.sample_ids.npz,730,1785946553531205500,f25c42abdd09795f83d306fea8ab90a36016a2aacdd9bd200e21a6337f1ccc4f
20260805_mvtec_final_validation_s0_k1,mvtec,0,1,toothbrush,visual_prediction,D:\STUDY\My_github\sci_project\outputs\anomalydino\unified_matrix\seed_0_shot_1\predictions\toothbrush.npz,16773215,1785979579157727900,9612dede42f9b011eec8a95767f8100bf39509fca8d6b26d257da1c12496bdfd
20260805_mvtec_final_validation_s0_k1,mvtec,0,1,toothbrush,text_prediction,D:\STUDY\My_github\sci_project\outputs\anomalyclip\mvtec_npz\toothbrush.npz,40392087,1785299486755523400,a37f01caf3ede9155cb5cac05acc980ea055ab3f51feb8825307ee9c347e1384
20260805_mvtec_final_validation_s0_k1,mvtec,0,1,toothbrush,text_sample_id_sidecar,D:\STUDY\My_github\sci_project\outputs\dynamic_fusion\sidecars\anomalyclip_mvtec_518\toothbrush.sample_ids.npz,416,1785946553888846800,71c093b7c35cea96f7f16be71e2dbf278c0da9b32bb115a2ae42406f46f1f9a4
20260805_mvtec_final_validation_s0_k1,mvtec,0,1,transistor,visual_prediction,D:\STUDY\My_github\sci_project\outputs\anomalydino\unified_matrix\seed_0_shot_1\predictions\transistor.npz,69497349,1785979584486144500,ea434a96b79633e8ff8d5f94a070f6dcf6c83bbb934238ce5d6d459d5a4cd39c
20260805_mvtec_final_validation_s0_k1,mvtec,0,1,transistor,text_prediction,D:\STUDY\My_github\sci_project\outputs\anomalyclip\mvtec_npz\transistor.npz,96802839,1785299474001434500,69e66925559c0fd155389e12a7544351ae7c30762535f1a47557f515cb346bf2
20260805_mvtec_final_validation_s0_k1,mvtec,0,1,transistor,text_sample_id_sidecar,D:\STUDY\My_github\sci_project\outputs\dynamic_fusion\sidecars\anomalyclip_mvtec_518\transistor.sample_ids.npz,689,1785946554144551400,a6622363a662b5b9655f0992f3ee14cafc3ae774067f556684725a957f640bcb
20260805_mvtec_final_validation_s0_k1,mvtec,0,1,wood,visual_prediction,D:\STUDY\My_github\sci_project\outputs\anomalydino\unified_matrix\seed_0_shot_1\predictions\wood.npz,54010463,1785979589060420700,5f2367e511a0df664bada68039d9486dc834ebd2ffcef4a53f0a81900d2411e1
20260805_mvtec_final_validation_s0_k1,mvtec,0,1,wood,text_prediction,D:\STUDY\My_github\sci_project\outputs\anomalyclip\mvtec_npz\wood.npz,75905302,1785299500611027100,28797b146567a590a5bcb1c316e565238e39e4e8e2d608eb62f2096b76f3df8f
20260805_mvtec_final_validation_s0_k1,mvtec,0,1,wood,text_sample_id_sidecar,D:\STUDY\My_github\sci_project\outputs\dynamic_fusion\sidecars\anomalyclip_mvtec_518\wood.sample_ids.npz,565,1785946554505211200,fa5540d48a8685f131fb4a75110b88787edd10c5558e702c45d0a2017af427bb
20260805_mvtec_final_validation_s0_k1,mvtec,0,1,zipper,visual_prediction,D:\STUDY\My_github\sci_project\outputs\anomalydino\unified_matrix\seed_0_shot_1\predictions\zipper.npz,105771862,1785979597183578200,4021e5a96ee5b90bb99c567775d86a3ebd999109fdd45a7052351f698132ed22
20260805_mvtec_final_validation_s0_k1,mvtec,0,1,zipper,text_prediction,D:\STUDY\My_github\sci_project\outputs\anomalyclip\mvtec_npz\zipper.npz,146032416,1785299492664852100,1025f09c4115f522c92f73dd8a43b7f55155137677d1c2bdc26d992f0891769c
20260805_mvtec_final_validation_s0_k1,mvtec,0,1,zipper,text_sample_id_sidecar,D:\STUDY\My_github\sci_project\outputs\dynamic_fusion\sidecars\anomalyclip_mvtec_518\zipper.sample_ids.npz,900,1785946554909042700,bc7f63eb85561adea674605db2264ac6eb0665f69190cbcbdcbc2a6c2c80f7b6
20260805_mvtec_final_validation_s0_k2,mvtec,0,2,bottle,visual_prediction,D:\STUDY\My_github\sci_project\outputs\anomalydino\unified_matrix\seed_0_shot_2\predictions\bottle.npz,58825801,1785980896341264800,e3491912a22653e170f1160e16851da107b0ef72a69d05e8f1c7b79c99e9600b
20260805_mvtec_final_validation_s0_k2,mvtec,0,2,bottle,text_prediction,D:\STUDY\My_github\sci_project\outputs\anomalyclip\mvtec_npz\bottle.npz,80395581,1785299438080874700,533e243439559494e3c8ef719fd3e9026e2d812857c25ce729b20881335f2007
20260805_mvtec_final_validation_s0_k2,mvtec,0,2,bottle,text_sample_id_sidecar,D:\STUDY\My_github\sci_project\outputs\dynamic_fusion\sidecars\anomalyclip_mvtec_518\bottle.sample_ids.npz,594,1785946548976158400,74c7ce702c2cbafa781012d3010e47515da68d2a1e362cfcbbfa939e5eccf203
20260805_mvtec_final_validation_s0_k2,mvtec,0,2,cable,visual_prediction,D:\STUDY\My_github\sci_project\outputs\anomalydino\unified_matrix\seed_0_shot_2\predictions\cable.npz,104348256,1785980904006171500,d5a0c6d1b25c5fb1c2a34d41da32f0299de43b372f3e257cee31a684d0775e12
20260805_mvtec_final_validation_s0_k2,mvtec,0,2,cable,text_prediction,D:\STUDY\My_github\sci_project\outputs\anomalyclip\mvtec_npz\cable.npz,144631682,1785299454113058000,97cdea7b527b798e5b32c042e6574a11422f52944f68024a82ef17ed3447ccde
20260805_mvtec_final_validation_s0_k2,mvtec,0,2,cable,text_sample_id_sidecar,D:\STUDY\My_github\sci_project\outputs\dynamic_fusion\sidecars\anomalyclip_mvtec_518\cable.sample_ids.npz,948,1785946549359201900,4b95eaba47d460b29268c6b1e30d27c06c965b59e0c4ef8863ec5b187d101283
20260805_mvtec_final_validation_s0_k2,mvtec,0,2,capsule,visual_prediction,D:\STUDY\My_github\sci_project\outputs\anomalydino\unified_matrix\seed_0_shot_2\predictions\capsule.npz,42880694,1785980908326507000,67b274fadb8ff98a9654ac6698fd8d41971ee6ead9a6ff6313cecb083a2bad29
20260805_mvtec_final_validation_s0_k2,mvtec,0,2,capsule,text_prediction,D:\STUDY\My_github\sci_project\outputs\anomalyclip\mvtec_npz\capsule.npz,122777856,1785299459959907600,c83fbed39c6bcea91182f3ee08d605098581d089b2743d557b13e8c02478c8a2
20260805_mvtec_final_validation_s0_k2,mvtec,0,2,capsule,text_sample_id_sidecar,D:\STUDY\My_github\sci_project\outputs\dynamic_fusion\sidecars\anomalyclip_mvtec_518\capsule.sample_ids.npz,804,1785946549858651000,8c1a7361ca51812ecf2b8f6a962030a81a68bddfa78d52a4e41c052db361f724
20260805_mvtec_final_validation_s0_k2,mvtec,0,2,carpet,visual_prediction,D:\STUDY\My_github\sci_project\outputs\anomalydino\unified_matrix\seed_0_shot_2\predictions\carpet.npz,81745093,1785980914396751800,807a8da3ae86d945043607d5882acd1b6c32aec62d527cd1a2c3201489d4cef1
20260805_mvtec_final_validation_s0_k2,mvtec,0,2,carpet,text_prediction,D:\STUDY\My_github\sci_project\outputs\anomalyclip\mvtec_npz\carpet.npz,109719138,1785299434722809300,c6acafd5bb0c44946c8d77df7917a2617915b8e679c5e45f06610bd9b26c9300
20260805_mvtec_final_validation_s0_k2,mvtec,0,2,carpet,text_sample_id_sidecar,D:\STUDY\My_github\sci_project\outputs\dynamic_fusion\sidecars\anomalyclip_mvtec_518\carpet.sample_ids.npz,748,1785946550299217000,8d2d168638a265b2f92b5d2b40fc697799bd9b710a0222b568a9355eef2cd242
20260805_mvtec_final_validation_s0_k2,mvtec,0,2,grid,visual_prediction,D:\STUDY\My_github\sci_project\outputs\anomalydino\unified_matrix\seed_0_shot_2\predictions\grid.npz,53894508,1785980918605055500,b5289f061abc1b2c69562be57c70ad34509f7743b98f05e48c2e7518d1b949cd
20260805_mvtec_final_validation_s0_k2,mvtec,0,2,grid,text_prediction,D:\STUDY\My_github\sci_project\outputs\anomalyclip\mvtec_npz\grid.npz,74449068,1785299463151146100,3401ebe9b9a1ad4069650e88acae3c30fb92381b04dc32b5606222d7c09b9aa4
20260805_mvtec_final_validation_s0_k2,mvtec,0,2,grid,text_sample_id_sidecar,D:\STUDY\My_github\sci_project\outputs\dynamic_fusion\sidecars\anomalyclip_mvtec_518\grid.sample_ids.npz,627,1785946550713938200,65aeffe03a2e8eb91b0f3ffd4f11cee8922d8ccd4f01a5c1f9e8ad3338bc5179
20260805_mvtec_final_validation_s0_k2,mvtec,0,2,hazelnut,visual_prediction,D:\STUDY\My_github\sci_project\outputs\anomalydino\unified_matrix\seed_0_shot_2\predictions\hazelnut.npz,48076157,1785980922526067000,b0b0bb8d7de8aae57bd5df209314ad4ae427066e90b5cc66a2d3966f8dad7150
20260805_mvtec_final_validation_s0_k2,mvtec,0,2,hazelnut,text_prediction,D:\STUDY\My_github\sci_project\outputs\anomalyclip\mvtec_npz\hazelnut.npz,104129984,1785299442764357600,a0fb15e55153308d2727a364e3b4a62781596dffefaed4ac22d09fc099e2e3d0
20260805_mvtec_final_validation_s0_k2,mvtec,0,2,hazelnut,text_sample_id_sidecar,D:\STUDY\My_github\sci_project\outputs\dynamic_fusion\sidecars\anomalyclip_mvtec_518\hazelnut.sample_ids.npz,666,1785946551057562200,44085a429de3bf92adbbb02d01191ea0eb7db85e3da97c10e182efa641b9a3ba
20260805_mvtec_final_validation_s0_k2,mvtec,0,2,leather,visual_prediction,D:\STUDY\My_github\sci_project\outputs\anomalydino\unified_matrix\seed_0_shot_2\predictions\leather.npz,86332640,1785980928832056700,670a8c1cf21155cf9fec2430758fe9deac03e5e2ff3d7539875bebe350489a34
20260805_mvtec_final_validation_s0_k2,mvtec,0,2,leather,text_prediction,D:\STUDY\My_github\sci_project\outputs\anomalyclip\mvtec_npz\leather.npz,117745411,1785299448045567600,c0970e228136d6cc6bfecbd169b8b18443952dbd26df72efb4913292814f85e6
20260805_mvtec_final_validation_s0_k2,mvtec,0,2,leather,text_sample_id_sidecar,D:\STUDY\My_github\sci_project\outputs\dynamic_fusion\sidecars\anomalyclip_mvtec_518\leather.sample_ids.npz,711,1785946551447284500,bcf74766e3392e4611990353264a1708f57967397a9556e48a3d3d57defb3c21
20260805_mvtec_final_validation_s0_k2,mvtec,0,2,metal_nut,visual_prediction,D:\STUDY\My_github\sci_project\outputs\anomalydino\unified_matrix\seed_0_shot_2\predictions\metal_nut.npz,80652292,1785980934590517100,32b4aa577e68fae5ea7933f4ed3ed2a462d77bce310de07c4ac214ca19a663a8
20260805_mvtec_final_validation_s0_k2,mvtec,0,2,metal_nut,text_prediction,D:\STUDY\My_github\sci_project\outputs\anomalyclip\mvtec_npz\metal_nut.npz,111536857,1785299478509590500,7b0be8ad61d09a58d0af7496c08a108b0a192d2fc0c130f19fcbdc6b230617e7
20260805_mvtec_final_validation_s0_k2,mvtec,0,2,metal_nut,text_sample_id_sidecar,D:\STUDY\My_github\sci_project\outputs\dynamic_fusion\sidecars\anomalyclip_mvtec_518\metal_nut.sample_ids.npz,699,1785946551876644800,0c8e19aece6fb40bbde56246265af1332edf6ae0c43bd144fff723bc64df9783
20260805_mvtec_final_validation_s0_k2,mvtec,0,2,pill,visual_prediction,D:\STUDY\My_github\sci_project\outputs\anomalydino\unified_matrix\seed_0_shot_2\predictions\pill.npz,76003544,1785980940747434200,cfe0407db1a7c2a7ebfcf3e8c07d35b2ad61c2ccb10676fa48a4dd5ded59a9c1
20260805_mvtec_final_validation_s0_k2,mvtec,0,2,pill,text_prediction,D:\STUDY\My_github\sci_project\outputs\anomalyclip\mvtec_npz\pill.npz,158551016,1785299470083609700,5eccddec199b6945de6c15751a18620d353d29a1f6a226af628bdbb300d58400
20260805_mvtec_final_validation_s0_k2,mvtec,0,2,pill,text_sample_id_sidecar,D:\STUDY\My_github\sci_project\outputs\dynamic_fusion\sidecars\anomalyclip_mvtec_518\pill.sample_ids.npz,963,1785946552347011500,80e11e3247d8a5287c4ce45dcf0371ad5f8d41b3014dc896022232e870558b38
20260805_mvtec_final_validation_s0_k2,mvtec,0,2,screw,visual_prediction,D:\STUDY\My_github\sci_project\outputs\anomalydino\unified_matrix\seed_0_shot_2\predictions\screw.npz,60582526,1785980945886793100,08c17ff58c717bdf3c447d44320829c39d7b9efa961079829c7b97da413101e0
20260805_mvtec_final_validation_s0_k2,mvtec,0,2,screw,text_prediction,D:\STUDY\My_github\sci_project\outputs\anomalyclip\mvtec_npz\screw.npz,152991292,1785299485045043100,2e6dd78cd69ca61f4cae05102daa4a212a4e8782ae80109b2b8867efd245321e
20260805_mvtec_final_validation_s0_k2,mvtec,0,2,screw,text_sample_id_sidecar,D:\STUDY\My_github\sci_project\outputs\dynamic_fusion\sidecars\anomalyclip_mvtec_518\screw.sample_ids.npz,944,1785946552975160800,a66f02f2a293b134ad59e2ea6ea29d4883e729986418b15d41e77c39b7fc7e71
20260805_mvtec_final_validation_s0_k2,mvtec,0,2,tile,visual_prediction,D:\STUDY\My_github\sci_project\outputs\anomalydino\unified_matrix\seed_0_shot_2\predictions\tile.npz,80688868,1785980951895662800,9462f82ca000ef4ff7e3e341b977601603d49a77aabcd041ba0dc26f092f1870
20260805_mvtec_final_validation_s0_k2,mvtec,0,2,tile,text_prediction,D:\STUDY\My_github\sci_project\outputs\anomalyclip\mvtec_npz\tile.npz,112304392,1785299497375001300,6486169a3cd3bbb92f48ee6be52b8c0c378bd2eee264e61b1e998856d2143acb
20260805_mvtec_final_validation_s0_k2,mvtec,0,2,tile,text_sample_id_sidecar,D:\STUDY\My_github\sci_project\outputs\dynamic_fusion\sidecars\anomalyclip_mvtec_518\tile.sample_ids.npz,730,1785946553531205500,f25c42abdd09795f83d306fea8ab90a36016a2aacdd9bd200e21a6337f1ccc4f
20260805_mvtec_final_validation_s0_k2,mvtec,0,2,toothbrush,visual_prediction,D:\STUDY\My_github\sci_project\outputs\anomalydino\unified_matrix\seed_0_shot_2\predictions\toothbrush.npz,16805396,1785980953625074800,42b5292cb91879de81549ee648bbe3caa57bd80203c6943f30a22548686cd917
20260805_mvtec_final_validation_s0_k2,mvtec,0,2,toothbrush,text_prediction,D:\STUDY\My_github\sci_project\outputs\anomalyclip\mvtec_npz\toothbrush.npz,40392087,1785299486755523400,a37f01caf3ede9155cb5cac05acc980ea055ab3f51feb8825307ee9c347e1384
20260805_mvtec_final_validation_s0_k2,mvtec,0,2,toothbrush,text_sample_id_sidecar,D:\STUDY\My_github\sci_project\outputs\dynamic_fusion\sidecars\anomalyclip_mvtec_518\toothbrush.sample_ids.npz,416,1785946553888846800,71c093b7c35cea96f7f16be71e2dbf278c0da9b32bb115a2ae42406f46f1f9a4
20260805_mvtec_final_validation_s0_k2,mvtec,0,2,transistor,visual_prediction,D:\STUDY\My_github\sci_project\outputs\anomalydino\unified_matrix\seed_0_shot_2\predictions\transistor.npz,68965174,1785980958969393900,f0a37dbce20f6b1986b3a816e506a77724619d08f51c03e27175de131212dff3
20260805_mvtec_final_validation_s0_k2,mvtec,0,2,transistor,text_prediction,D:\STUDY\My_github\sci_project\outputs\anomalyclip\mvtec_npz\transistor.npz,96802839,1785299474001434500,69e66925559c0fd155389e12a7544351ae7c30762535f1a47557f515cb346bf2
20260805_mvtec_final_validation_s0_k2,mvtec,0,2,transistor,text_sample_id_sidecar,D:\STUDY\My_github\sci_project\outputs\dynamic_fusion\sidecars\anomalyclip_mvtec_518\transistor.sample_ids.npz,689,1785946554144551400,a6622363a662b5b9655f0992f3ee14cafc3ae774067f556684725a957f640bcb
20260805_mvtec_final_validation_s0_k2,mvtec,0,2,wood,visual_prediction,D:\STUDY\My_github\sci_project\outputs\anomalydino\unified_matrix\seed_0_shot_2\predictions\wood.npz,54001862,1785980963442838800,d29dbaf6edb85902a1ab9d67c00bfcc82cb18ad30aaca1890a6a6f7bd2f3754e
20260805_mvtec_final_validation_s0_k2,mvtec,0,2,wood,text_prediction,D:\STUDY\My_github\sci_project\outputs\anomalyclip\mvtec_npz\wood.npz,75905302,1785299500611027100,28797b146567a590a5bcb1c316e565238e39e4e8e2d608eb62f2096b76f3df8f
20260805_mvtec_final_validation_s0_k2,mvtec,0,2,wood,text_sample_id_sidecar,D:\STUDY\My_github\sci_project\outputs\dynamic_fusion\sidecars\anomalyclip_mvtec_518\wood.sample_ids.npz,565,1785946554505211200,fa5540d48a8685f131fb4a75110b88787edd10c5558e702c45d0a2017af427bb
20260805_mvtec_final_validation_s0_k2,mvtec,0,2,zipper,visual_prediction,D:\STUDY\My_github\sci_project\outputs\anomalydino\unified_matrix\seed_0_shot_2\predictions\zipper.npz,105860744,1785980971436803900,d632a517c305dc7efa3179795aec4cbf1f306c5d6ec8be2af1a8fef37907eff9
20260805_mvtec_final_validation_s0_k2,mvtec,0,2,zipper,text_prediction,D:\STUDY\My_github\sci_project\outputs\anomalyclip\mvtec_npz\zipper.npz,146032416,1785299492664852100,1025f09c4115f522c92f73dd8a43b7f55155137677d1c2bdc26d992f0891769c
20260805_mvtec_final_validation_s0_k2,mvtec,0,2,zipper,text_sample_id_sidecar,D:\STUDY\My_github\sci_project\outputs\dynamic_fusion\sidecars\anomalyclip_mvtec_518\zipper.sample_ids.npz,900,1785946554909042700,bc7f63eb85561adea674605db2264ac6eb0665f69190cbcbdcbc2a6c2c80f7b6
20260805_mvtec_final_validation_s0_k4,mvtec,0,4,bottle,visual_prediction,D:\STUDY\My_github\sci_project\outputs\anomalydino\unified_matrix\seed_0_shot_4\predictions\bottle.npz,58840589,1785981953343252100,8b8447c99814e1ba9246bc5cb4c57ae050cd141c5a34713c207ad455d0e008df
20260805_mvtec_final_validation_s0_k4,mvtec,0,4,bottle,text_prediction,D:\STUDY\My_github\sci_project\outputs\anomalyclip\mvtec_npz\bottle.npz,80395581,1785299438080874700,533e243439559494e3c8ef719fd3e9026e2d812857c25ce729b20881335f2007
20260805_mvtec_final_validation_s0_k4,mvtec,0,4,bottle,text_sample_id_sidecar,D:\STUDY\My_github\sci_project\outputs\dynamic_fusion\sidecars\anomalyclip_mvtec_518\bottle.sample_ids.npz,594,1785946548976158400,74c7ce702c2cbafa781012d3010e47515da68d2a1e362cfcbbfa939e5eccf203
20260805_mvtec_final_validation_s0_k4,mvtec,0,4,cable,visual_prediction,D:\STUDY\My_github\sci_project\outputs\anomalydino\unified_matrix\seed_0_shot_4\predictions\cable.npz,103707390,1785981961335124600,26a5430bb50594d47783d6c7baf561002e6919b135f3bd1ed78da3d6f0fc4c8e
20260805_mvtec_final_validation_s0_k4,mvtec,0,4,cable,text_prediction,D:\STUDY\My_github\sci_project\outputs\anomalyclip\mvtec_npz\cable.npz,144631682,1785299454113058000,97cdea7b527b798e5b32c042e6574a11422f52944f68024a82ef17ed3447ccde
20260805_mvtec_final_validation_s0_k4,mvtec,0,4,cable,text_sample_id_sidecar,D:\STUDY\My_github\sci_project\outputs\dynamic_fusion\sidecars\anomalyclip_mvtec_518\cable.sample_ids.npz,948,1785946549359201900,4b95eaba47d460b29268c6b1e30d27c06c965b59e0c4ef8863ec5b187d101283
20260805_mvtec_final_validation_s0_k4,mvtec,0,4,capsule,visual_prediction,D:\STUDY\My_github\sci_project\outputs\anomalydino\unified_matrix\seed_0_shot_4\predictions\capsule.npz,42882162,1785981965710080400,19eeb960e1a5270ad1b08bf86f649048caab7bd9962f9dd097151e8e1ccf3651
20260805_mvtec_final_validation_s0_k4,mvtec,0,4,capsule,text_prediction,D:\STUDY\My_github\sci_project\outputs\anomalyclip\mvtec_npz\capsule.npz,122777856,1785299459959907600,c83fbed39c6bcea91182f3ee08d605098581d089b2743d557b13e8c02478c8a2
20260805_mvtec_final_validation_s0_k4,mvtec,0,4,capsule,text_sample_id_sidecar,D:\STUDY\My_github\sci_project\outputs\dynamic_fusion\sidecars\anomalyclip_mvtec_518\capsule.sample_ids.npz,804,1785946549858651000,8c1a7361ca51812ecf2b8f6a962030a81a68bddfa78d52a4e41c052db361f724
20260805_mvtec_final_validation_s0_k4,mvtec,0,4,carpet,visual_prediction,D:\STUDY\My_github\sci_project\outputs\anomalydino\unified_matrix\seed_0_shot_4\predictions\carpet.npz,81885717,1785981972011616000,fec4339935c1c81f5c918f296ca4af9a91a981dce80a0804c6767431e7433a79
20260805_mvtec_final_validation_s0_k4,mvtec,0,4,carpet,text_prediction,D:\STUDY\My_github\sci_project\outputs\anomalyclip\mvtec_npz\carpet.npz,109719138,1785299434722809300,c6acafd5bb0c44946c8d77df7917a2617915b8e679c5e45f06610bd9b26c9300
20260805_mvtec_final_validation_s0_k4,mvtec,0,4,carpet,text_sample_id_sidecar,D:\STUDY\My_github\sci_project\outputs\dynamic_fusion\sidecars\anomalyclip_mvtec_518\carpet.sample_ids.npz,748,1785946550299217000,8d2d168638a265b2f92b5d2b40fc697799bd9b710a0222b568a9355eef2cd242
20260805_mvtec_final_validation_s0_k4,mvtec,0,4,grid,visual_prediction,D:\STUDY\My_github\sci_project\outputs\anomalydino\unified_matrix\seed_0_shot_4\predictions\grid.npz,53975180,1785981976560592500,bdabde532d44ef45254f0cb9345e4a328d62af7943b85e110a964a9044cecabb
20260805_mvtec_final_validation_s0_k4,mvtec,0,4,grid,text_prediction,D:\STUDY\My_github\sci_project\outputs\anomalyclip\mvtec_npz\grid.npz,74449068,1785299463151146100,3401ebe9b9a1ad4069650e88acae3c30fb92381b04dc32b5606222d7c09b9aa4
20260805_mvtec_final_validation_s0_k4,mvtec,0,4,grid,text_sample_id_sidecar,D:\STUDY\My_github\sci_project\outputs\dynamic_fusion\sidecars\anomalyclip_mvtec_518\grid.sample_ids.npz,627,1785946550713938200,65aeffe03a2e8eb91b0f3ffd4f11cee8922d8ccd4f01a5c1f9e8ad3338bc5179
20260805_mvtec_final_validation_s0_k4,mvtec,0,4,hazelnut,visual_prediction,D:\STUDY\My_github\sci_project\outputs\anomalydino\unified_matrix\seed_0_shot_4\predictions\hazelnut.npz,48001270,1785981980940833300,d1926c9b4588b3581ba25870d9fccd5e1822cbdf98aebe89dc38c14334b7a9a0
20260805_mvtec_final_validation_s0_k4,mvtec,0,4,hazelnut,text_prediction,D:\STUDY\My_github\sci_project\outputs\anomalyclip\mvtec_npz\hazelnut.npz,104129984,1785299442764357600,a0fb15e55153308d2727a364e3b4a62781596dffefaed4ac22d09fc099e2e3d0
20260805_mvtec_final_validation_s0_k4,mvtec,0,4,hazelnut,text_sample_id_sidecar,D:\STUDY\My_github\sci_project\outputs\dynamic_fusion\sidecars\anomalyclip_mvtec_518\hazelnut.sample_ids.npz,666,1785946551057562200,44085a429de3bf92adbbb02d01191ea0eb7db85e3da97c10e182efa641b9a3ba
20260805_mvtec_final_validation_s0_k4,mvtec,0,4,leather,visual_prediction,D:\STUDY\My_github\sci_project\outputs\anomalydino\unified_matrix\seed_0_shot_4\predictions\leather.npz,86275297,1785981987447002400,93f6cb7929687b01e287dcf26c5c07cc167f4b885cd20a3e84ebc341d53d05e1
20260805_mvtec_final_validation_s0_k4,mvtec,0,4,leather,text_prediction,D:\STUDY\My_github\sci_project\outputs\anomalyclip\mvtec_npz\leather.npz,117745411,1785299448045567600,c0970e228136d6cc6bfecbd169b8b18443952dbd26df72efb4913292814f85e6
20260805_mvtec_final_validation_s0_k4,mvtec,0,4,leather,text_sample_id_sidecar,D:\STUDY\My_github\sci_project\outputs\dynamic_fusion\sidecars\anomalyclip_mvtec_518\leather.sample_ids.npz,711,1785946551447284500,bcf74766e3392e4611990353264a1708f57967397a9556e48a3d3d57defb3c21
20260805_mvtec_final_validation_s0_k4,mvtec,0,4,metal_nut,visual_prediction,D:\STUDY\My_github\sci_project\outputs\anomalydino\unified_matrix\seed_0_shot_4\predictions\metal_nut.npz,80774249,1785981993653145800,3ecea5439e21f9d3389a605fc7ead6f7f2db9e6a7c73987126707b14e0589ccc
20260805_mvtec_final_validation_s0_k4,mvtec,0,4,metal_nut,text_prediction,D:\STUDY\My_github\sci_project\outputs\anomalyclip\mvtec_npz\metal_nut.npz,111536857,1785299478509590500,7b0be8ad61d09a58d0af7496c08a108b0a192d2fc0c130f19fcbdc6b230617e7
20260805_mvtec_final_validation_s0_k4,mvtec,0,4,metal_nut,text_sample_id_sidecar,D:\STUDY\My_github\sci_project\outputs\dynamic_fusion\sidecars\anomalyclip_mvtec_518\metal_nut.sample_ids.npz,699,1785946551876644800,0c8e19aece6fb40bbde56246265af1332edf6ae0c43bd144fff723bc64df9783
20260805_mvtec_final_validation_s0_k4,mvtec,0,4,pill,visual_prediction,D:\STUDY\My_github\sci_project\outputs\anomalydino\unified_matrix\seed_0_shot_4\predictions\pill.npz,76011379,1785982000064053800,bdf15f4a698a134671ebdea3e915d7cc8d44c4f70c05e5e62b4df70af6d710e8
20260805_mvtec_final_validation_s0_k4,mvtec,0,4,pill,text_prediction,D:\STUDY\My_github\sci_project\outputs\anomalyclip\mvtec_npz\pill.npz,158551016,1785299470083609700,5eccddec199b6945de6c15751a18620d353d29a1f6a226af628bdbb300d58400
20260805_mvtec_final_validation_s0_k4,mvtec,0,4,pill,text_sample_id_sidecar,D:\STUDY\My_github\sci_project\outputs\dynamic_fusion\sidecars\anomalyclip_mvtec_518\pill.sample_ids.npz,963,1785946552347011500,80e11e3247d8a5287c4ce45dcf0371ad5f8d41b3014dc896022232e870558b38
20260805_mvtec_final_validation_s0_k4,mvtec,0,4,screw,visual_prediction,D:\STUDY\My_github\sci_project\outputs\anomalydino\unified_matrix\seed_0_shot_4\predictions\screw.npz,60647411,1785982005520932400,5e0f18c206f7425d7cb2c4c5ff1a7078bab7c8da6a71d0617ba73ba360c50208
20260805_mvtec_final_validation_s0_k4,mvtec,0,4,screw,text_prediction,D:\STUDY\My_github\sci_project\outputs\anomalyclip\mvtec_npz\screw.npz,152991292,1785299485045043100,2e6dd78cd69ca61f4cae05102daa4a212a4e8782ae80109b2b8867efd245321e
20260805_mvtec_final_validation_s0_k4,mvtec,0,4,screw,text_sample_id_sidecar,D:\STUDY\My_github\sci_project\outputs\dynamic_fusion\sidecars\anomalyclip_mvtec_518\screw.sample_ids.npz,944,1785946552975160800,a66f02f2a293b134ad59e2ea6ea29d4883e729986418b15d41e77c39b7fc7e71
20260805_mvtec_final_validation_s0_k4,mvtec,0,4,tile,visual_prediction,D:\STUDY\My_github\sci_project\outputs\anomalydino\unified_matrix\seed_0_shot_4\predictions\tile.npz,80635949,1785982011964846900,0c6158f6adf2c302b4de37e7a06397bd76efb0191d42d8895022d251ca82b67a
20260805_mvtec_final_validation_s0_k4,mvtec,0,4,tile,text_prediction,D:\STUDY\My_github\sci_project\outputs\anomalyclip\mvtec_npz\tile.npz,112304392,1785299497375001300,6486169a3cd3bbb92f48ee6be52b8c0c378bd2eee264e61b1e998856d2143acb
20260805_mvtec_final_validation_s0_k4,mvtec,0,4,tile,text_sample_id_sidecar,D:\STUDY\My_github\sci_project\outputs\dynamic_fusion\sidecars\anomalyclip_mvtec_518\tile.sample_ids.npz,730,1785946553531205500,f25c42abdd09795f83d306fea8ab90a36016a2aacdd9bd200e21a6337f1ccc4f
20260805_mvtec_final_validation_s0_k4,mvtec,0,4,toothbrush,visual_prediction,D:\STUDY\My_github\sci_project\outputs\anomalydino\unified_matrix\seed_0_shot_4\predictions\toothbrush.npz,16805931,1785982013731206400,5a6e3ec49abd461daa4968eaf46c2c805e7e973f2c82b3de6670c2884f74230e
20260805_mvtec_final_validation_s0_k4,mvtec,0,4,toothbrush,text_prediction,D:\STUDY\My_github\sci_project\outputs\anomalyclip\mvtec_npz\toothbrush.npz,40392087,1785299486755523400,a37f01caf3ede9155cb5cac05acc980ea055ab3f51feb8825307ee9c347e1384
20260805_mvtec_final_validation_s0_k4,mvtec,0,4,toothbrush,text_sample_id_sidecar,D:\STUDY\My_github\sci_project\outputs\dynamic_fusion\sidecars\anomalyclip_mvtec_518\toothbrush.sample_ids.npz,416,1785946553888846800,71c093b7c35cea96f7f16be71e2dbf278c0da9b32bb115a2ae42406f46f1f9a4
20260805_mvtec_final_validation_s0_k4,mvtec,0,4,transistor,visual_prediction,D:\STUDY\My_github\sci_project\outputs\anomalydino\unified_matrix\seed_0_shot_4\predictions\transistor.npz,68840472,1785982019159465200,6808391789c7880ba1ec700f100cc74e2c68001877f274b62da83e1637f8d741
20260805_mvtec_final_validation_s0_k4,mvtec,0,4,transistor,text_prediction,D:\STUDY\My_github\sci_project\outputs\anomalyclip\mvtec_npz\transistor.npz,96802839,1785299474001434500,69e66925559c0fd155389e12a7544351ae7c30762535f1a47557f515cb346bf2
20260805_mvtec_final_validation_s0_k4,mvtec,0,4,transistor,text_sample_id_sidecar,D:\STUDY\My_github\sci_project\outputs\dynamic_fusion\sidecars\anomalyclip_mvtec_518\transistor.sample_ids.npz,689,1785946554144551400,a6622363a662b5b9655f0992f3ee14cafc3ae774067f556684725a957f640bcb
20260805_mvtec_final_validation_s0_k4,mvtec,0,4,wood,visual_prediction,D:\STUDY\My_github\sci_project\outputs\anomalydino\unified_matrix\seed_0_shot_4\predictions\wood.npz,54356468,1785982023491600400,42b4cdabbe838cf06399c8140ff3133e9bef6393010c0fae96b37dd12ebc6679
20260805_mvtec_final_validation_s0_k4,mvtec,0,4,wood,text_prediction,D:\STUDY\My_github\sci_project\outputs\anomalyclip\mvtec_npz\wood.npz,75905302,1785299500611027100,28797b146567a590a5bcb1c316e565238e39e4e8e2d608eb62f2096b76f3df8f
20260805_mvtec_final_validation_s0_k4,mvtec,0,4,wood,text_sample_id_sidecar,D:\STUDY\My_github\sci_project\outputs\dynamic_fusion\sidecars\anomalyclip_mvtec_518\wood.sample_ids.npz,565,1785946554505211200,fa5540d48a8685f131fb4a75110b88787edd10c5558e702c45d0a2017af427bb
20260805_mvtec_final_validation_s0_k4,mvtec,0,4,zipper,visual_prediction,D:\STUDY\My_github\sci_project\outputs\anomalydino\unified_matrix\seed_0_shot_4\predictions\zipper.npz,105924898,1785982031329208100,4cff73c8ebf45c43316244f00340abb88044d7ac55da72eeb6312cbaf59b1bfe
20260805_mvtec_final_validation_s0_k4,mvtec,0,4,zipper,text_prediction,D:\STUDY\My_github\sci_project\outputs\anomalyclip\mvtec_npz\zipper.npz,146032416,1785299492664852100,1025f09c4115f522c92f73dd8a43b7f55155137677d1c2bdc26d992f0891769c
20260805_mvtec_final_validation_s0_k4,mvtec,0,4,zipper,text_sample_id_sidecar,D:\STUDY\My_github\sci_project\outputs\dynamic_fusion\sidecars\anomalyclip_mvtec_518\zipper.sample_ids.npz,900,1785946554909042700,bc7f63eb85561adea674605db2264ac6eb0665f69190cbcbdcbc2a6c2c80f7b6
20260805_mvtec_final_validation_s1_k1,mvtec,1,1,bottle,visual_prediction,D:\STUDY\My_github\sci_project\outputs\anomalydino\unified_matrix\seed_1_shot_1\predictions\bottle.npz,58815887,1785984162744998100,ab6e9a0295d1a0801b453b9d0cdfca656f2e876dbf03b4c40766de674f50b1f7
20260805_mvtec_final_validation_s1_k1,mvtec,1,1,bottle,text_prediction,D:\STUDY\My_github\sci_project\outputs\anomalyclip\mvtec_npz\bottle.npz,80395581,1785299438080874700,533e243439559494e3c8ef719fd3e9026e2d812857c25ce729b20881335f2007
20260805_mvtec_final_validation_s1_k1,mvtec,1,1,bottle,text_sample_id_sidecar,D:\STUDY\My_github\sci_project\outputs\dynamic_fusion\sidecars\anomalyclip_mvtec_518\bottle.sample_ids.npz,594,1785946548976158400,74c7ce702c2cbafa781012d3010e47515da68d2a1e362cfcbbfa939e5eccf203
20260805_mvtec_final_validation_s1_k1,mvtec,1,1,cable,visual_prediction,D:\STUDY\My_github\sci_project\outputs\anomalydino\unified_matrix\seed_1_shot_1\predictions\cable.npz,104492438,1785984170773177200,1528dad8180bd04e842f1caacbd09de4185ab67c8b75a676825b7f915d54e2f5
20260805_mvtec_final_validation_s1_k1,mvtec,1,1,cable,text_prediction,D:\STUDY\My_github\sci_project\outputs\anomalyclip\mvtec_npz\cable.npz,144631682,1785299454113058000,97cdea7b527b798e5b32c042e6574a11422f52944f68024a82ef17ed3447ccde
20260805_mvtec_final_validation_s1_k1,mvtec,1,1,cable,text_sample_id_sidecar,D:\STUDY\My_github\sci_project\outputs\dynamic_fusion\sidecars\anomalyclip_mvtec_518\cable.sample_ids.npz,948,1785946549359201900,4b95eaba47d460b29268c6b1e30d27c06c965b59e0c4ef8863ec5b187d101283
20260805_mvtec_final_validation_s1_k1,mvtec,1,1,capsule,visual_prediction,D:\STUDY\My_github\sci_project\outputs\anomalydino\unified_matrix\seed_1_shot_1\predictions\capsule.npz,42894184,1785984175333093800,7c482ee9b9c0066a54a657a4dacc720b56db85461aaea2fdb2887a44e5d0d77c
20260805_mvtec_final_validation_s1_k1,mvtec,1,1,capsule,text_prediction,D:\STUDY\My_github\sci_project\outputs\anomalyclip\mvtec_npz\capsule.npz,122777856,1785299459959907600,c83fbed39c6bcea91182f3ee08d605098581d089b2743d557b13e8c02478c8a2
20260805_mvtec_final_validation_s1_k1,mvtec,1,1,capsule,text_sample_id_sidecar,D:\STUDY\My_github\sci_project\outputs\dynamic_fusion\sidecars\anomalyclip_mvtec_518\capsule.sample_ids.npz,804,1785946549858651000,8c1a7361ca51812ecf2b8f6a962030a81a68bddfa78d52a4e41c052db361f724
20260805_mvtec_final_validation_s1_k1,mvtec,1,1,carpet,visual_prediction,D:\STUDY\My_github\sci_project\outputs\anomalydino\unified_matrix\seed_1_shot_1\predictions\carpet.npz,81559542,1785984181735965800,4cea5dd3a932b441cdd89ac1fc2963db84d43d244ec5d1d56fd758f2db883070
20260805_mvtec_final_validation_s1_k1,mvtec,1,1,carpet,text_prediction,D:\STUDY\My_github\sci_project\outputs\anomalyclip\mvtec_npz\carpet.npz,109719138,1785299434722809300,c6acafd5bb0c44946c8d77df7917a2617915b8e679c5e45f06610bd9b26c9300
20260805_mvtec_final_validation_s1_k1,mvtec,1,1,carpet,text_sample_id_sidecar,D:\STUDY\My_github\sci_project\outputs\dynamic_fusion\sidecars\anomalyclip_mvtec_518\carpet.sample_ids.npz,748,1785946550299217000,8d2d168638a265b2f92b5d2b40fc697799bd9b710a0222b568a9355eef2cd242
20260805_mvtec_final_validation_s1_k1,mvtec,1,1,grid,visual_prediction,D:\STUDY\My_github\sci_project\outputs\anomalydino\unified_matrix\seed_1_shot_1\predictions\grid.npz,53858178,1785984186050387000,162158a2cb9a192317a40b35602e44ba4711fb4d1c6e83056ead5b3846f747d6
20260805_mvtec_final_validation_s1_k1,mvtec,1,1,grid,text_prediction,D:\STUDY\My_github\sci_project\outputs\anomalyclip\mvtec_npz\grid.npz,74449068,1785299463151146100,3401ebe9b9a1ad4069650e88acae3c30fb92381b04dc32b5606222d7c09b9aa4
20260805_mvtec_final_validation_s1_k1,mvtec,1,1,grid,text_sample_id_sidecar,D:\STUDY\My_github\sci_project\outputs\dynamic_fusion\sidecars\anomalyclip_mvtec_518\grid.sample_ids.npz,627,1785946550713938200,65aeffe03a2e8eb91b0f3ffd4f11cee8922d8ccd4f01a5c1f9e8ad3338bc5179
20260805_mvtec_final_validation_s1_k1,mvtec,1,1,hazelnut,visual_prediction,D:\STUDY\My_github\sci_project\outputs\anomalydino\unified_matrix\seed_1_shot_1\predictions\hazelnut.npz,48034841,1785984189961620500,c99d38e2c3fb65ce61daf19d7b7d395069c4529c2011429411d28b8df8517c89
20260805_mvtec_final_validation_s1_k1,mvtec,1,1,hazelnut,text_prediction,D:\STUDY\My_github\sci_project\outputs\anomalyclip\mvtec_npz\hazelnut.npz,104129984,1785299442764357600,a0fb15e55153308d2727a364e3b4a62781596dffefaed4ac22d09fc099e2e3d0
20260805_mvtec_final_validation_s1_k1,mvtec,1,1,hazelnut,text_sample_id_sidecar,D:\STUDY\My_github\sci_project\outputs\dynamic_fusion\sidecars\anomalyclip_mvtec_518\hazelnut.sample_ids.npz,666,1785946551057562200,44085a429de3bf92adbbb02d01191ea0eb7db85e3da97c10e182efa641b9a3ba
20260805_mvtec_final_validation_s1_k1,mvtec,1,1,leather,visual_prediction,D:\STUDY\My_github\sci_project\outputs\anomalydino\unified_matrix\seed_1_shot_1\predictions\leather.npz,86110872,1785984196226274900,fb025bdc507e40ce87303a664903a86715f550a7f0a9e5fb30dbfcbc215879a4
20260805_mvtec_final_validation_s1_k1,mvtec,1,1,leather,text_prediction,D:\STUDY\My_github\sci_project\outputs\anomalyclip\mvtec_npz\leather.npz,117745411,1785299448045567600,c0970e228136d6cc6bfecbd169b8b18443952dbd26df72efb4913292814f85e6
20260805_mvtec_final_validation_s1_k1,mvtec,1,1,leather,text_sample_id_sidecar,D:\STUDY\My_github\sci_project\outputs\dynamic_fusion\sidecars\anomalyclip_mvtec_518\leather.sample_ids.npz,711,1785946551447284500,bcf74766e3392e4611990353264a1708f57967397a9556e48a3d3d57defb3c21
20260805_mvtec_final_validation_s1_k1,mvtec,1,1,metal_nut,visual_prediction,D:\STUDY\My_github\sci_project\outputs\anomalydino\unified_matrix\seed_1_shot_1\predictions\metal_nut.npz,80766557,1785984201932762400,9d0510c1f7bd4fa0097e4a28398a19c91850930b8178304abe40afd5c305dbbb
20260805_mvtec_final_validation_s1_k1,mvtec,1,1,metal_nut,text_prediction,D:\STUDY\My_github\sci_project\outputs\anomalyclip\mvtec_npz\metal_nut.npz,111536857,1785299478509590500,7b0be8ad61d09a58d0af7496c08a108b0a192d2fc0c130f19fcbdc6b230617e7
20260805_mvtec_final_validation_s1_k1,mvtec,1,1,metal_nut,text_sample_id_sidecar,D:\STUDY\My_github\sci_project\outputs\dynamic_fusion\sidecars\anomalyclip_mvtec_518\metal_nut.sample_ids.npz,699,1785946551876644800,0c8e19aece6fb40bbde56246265af1332edf6ae0c43bd144fff723bc64df9783
20260805_mvtec_final_validation_s1_k1,mvtec,1,1,pill,visual_prediction,D:\STUDY\My_github\sci_project\outputs\anomalydino\unified_matrix\seed_1_shot_1\predictions\pill.npz,76115062,1785984207997274400,67c94c6ad09edb4a7ff256b1df7948c4d8467b076ef74f7406b4f765bfe1af93
20260805_mvtec_final_validation_s1_k1,mvtec,1,1,pill,text_prediction,D:\STUDY\My_github\sci_project\outputs\anomalyclip\mvtec_npz\pill.npz,158551016,1785299470083609700,5eccddec199b6945de6c15751a18620d353d29a1f6a226af628bdbb300d58400
20260805_mvtec_final_validation_s1_k1,mvtec,1,1,pill,text_sample_id_sidecar,D:\STUDY\My_github\sci_project\outputs\dynamic_fusion\sidecars\anomalyclip_mvtec_518\pill.sample_ids.npz,963,1785946552347011500,80e11e3247d8a5287c4ce45dcf0371ad5f8d41b3014dc896022232e870558b38
20260805_mvtec_final_validation_s1_k1,mvtec,1,1,screw,visual_prediction,D:\STUDY\My_github\sci_project\outputs\anomalydino\unified_matrix\seed_1_shot_1\predictions\screw.npz,60677621,1785984213481938400,b13d13e83b958757ae0ce32efb5229c5448ad3524c34904da1189ca5777d8a47
20260805_mvtec_final_validation_s1_k1,mvtec,1,1,screw,text_prediction,D:\STUDY\My_github\sci_project\outputs\anomalyclip\mvtec_npz\screw.npz,152991292,1785299485045043100,2e6dd78cd69ca61f4cae05102daa4a212a4e8782ae80109b2b8867efd245321e
20260805_mvtec_final_validation_s1_k1,mvtec,1,1,screw,text_sample_id_sidecar,D:\STUDY\My_github\sci_project\outputs\dynamic_fusion\sidecars\anomalyclip_mvtec_518\screw.sample_ids.npz,944,1785946552975160800,a66f02f2a293b134ad59e2ea6ea29d4883e729986418b15d41e77c39b7fc7e71
20260805_mvtec_final_validation_s1_k1,mvtec,1,1,tile,visual_prediction,D:\STUDY\My_github\sci_project\outputs\anomalydino\unified_matrix\seed_1_shot_1\predictions\tile.npz,80730105,1785984219995945300,f0737fd5c884983ec731ebffce8e17bf8ae35613a572f5e92f6f10cddaba1f60
20260805_mvtec_final_validation_s1_k1,mvtec,1,1,tile,text_prediction,D:\STUDY\My_github\sci_project\outputs\anomalyclip\mvtec_npz\tile.npz,112304392,1785299497375001300,6486169a3cd3bbb92f48ee6be52b8c0c378bd2eee264e61b1e998856d2143acb
20260805_mvtec_final_validation_s1_k1,mvtec,1,1,tile,text_sample_id_sidecar,D:\STUDY\My_github\sci_project\outputs\dynamic_fusion\sidecars\anomalyclip_mvtec_518\tile.sample_ids.npz,730,1785946553531205500,f25c42abdd09795f83d306fea8ab90a36016a2aacdd9bd200e21a6337f1ccc4f
20260805_mvtec_final_validation_s1_k1,mvtec,1,1,toothbrush,visual_prediction,D:\STUDY\My_github\sci_project\outputs\anomalydino\unified_matrix\seed_1_shot_1\predictions\toothbrush.npz,16753856,1785984221786025000,ae83c11c6c8a3af9abcf7ba63bb039f464a26a6edb38d5ebf61cc47b27cb4cd3
20260805_mvtec_final_validation_s1_k1,mvtec,1,1,toothbrush,text_prediction,D:\STUDY\My_github\sci_project\outputs\anomalyclip\mvtec_npz\toothbrush.npz,40392087,1785299486755523400,a37f01caf3ede9155cb5cac05acc980ea055ab3f51feb8825307ee9c347e1384
20260805_mvtec_final_validation_s1_k1,mvtec,1,1,toothbrush,text_sample_id_sidecar,D:\STUDY\My_github\sci_project\outputs\dynamic_fusion\sidecars\anomalyclip_mvtec_518\toothbrush.sample_ids.npz,416,1785946553888846800,71c093b7c35cea96f7f16be71e2dbf278c0da9b32bb115a2ae42406f46f1f9a4
20260805_mvtec_final_validation_s1_k1,mvtec,1,1,transistor,visual_prediction,D:\STUDY\My_github\sci_project\outputs\anomalydino\unified_matrix\seed_1_shot_1\predictions\transistor.npz,69285179,1785984227298267900,35728a869211448eb471daee0bc77074c048c7c0b17c39106fc5575b4eb2ab67
20260805_mvtec_final_validation_s1_k1,mvtec,1,1,transistor,text_prediction,D:\STUDY\My_github\sci_project\outputs\anomalyclip\mvtec_npz\transistor.npz,96802839,1785299474001434500,69e66925559c0fd155389e12a7544351ae7c30762535f1a47557f515cb346bf2
20260805_mvtec_final_validation_s1_k1,mvtec,1,1,transistor,text_sample_id_sidecar,D:\STUDY\My_github\sci_project\outputs\dynamic_fusion\sidecars\anomalyclip_mvtec_518\transistor.sample_ids.npz,689,1785946554144551400,a6622363a662b5b9655f0992f3ee14cafc3ae774067f556684725a957f640bcb
20260805_mvtec_final_validation_s1_k1,mvtec,1,1,wood,visual_prediction,D:\STUDY\My_github\sci_project\outputs\anomalydino\unified_matrix\seed_1_shot_1\predictions\wood.npz,54046645,1785984231853327000,100ddf640849c93754317b82cbab406ac6ffe8f47556dc45ee8f4de5102a65b4
20260805_mvtec_final_validation_s1_k1,mvtec,1,1,wood,text_prediction,D:\STUDY\My_github\sci_project\outputs\anomalyclip\mvtec_npz\wood.npz,75905302,1785299500611027100,28797b146567a590a5bcb1c316e565238e39e4e8e2d608eb62f2096b76f3df8f
20260805_mvtec_final_validation_s1_k1,mvtec,1,1,wood,text_sample_id_sidecar,D:\STUDY\My_github\sci_project\outputs\dynamic_fusion\sidecars\anomalyclip_mvtec_518\wood.sample_ids.npz,565,1785946554505211200,fa5540d48a8685f131fb4a75110b88787edd10c5558e702c45d0a2017af427bb
20260805_mvtec_final_validation_s1_k1,mvtec,1,1,zipper,visual_prediction,D:\STUDY\My_github\sci_project\outputs\anomalydino\unified_matrix\seed_1_shot_1\predictions\zipper.npz,105791381,1785984239942853600,70cb1c71f79ebd7fe451c96bc3d1bf7a31449ab920965e266a43725a4a8ab37e
20260805_mvtec_final_validation_s1_k1,mvtec,1,1,zipper,text_prediction,D:\STUDY\My_github\sci_project\outputs\anomalyclip\mvtec_npz\zipper.npz,146032416,1785299492664852100,1025f09c4115f522c92f73dd8a43b7f55155137677d1c2bdc26d992f0891769c
20260805_mvtec_final_validation_s1_k1,mvtec,1,1,zipper,text_sample_id_sidecar,D:\STUDY\My_github\sci_project\outputs\dynamic_fusion\sidecars\anomalyclip_mvtec_518\zipper.sample_ids.npz,900,1785946554909042700,bc7f63eb85561adea674605db2264ac6eb0665f69190cbcbdcbc2a6c2c80f7b6
20260805_mvtec_final_validation_s1_k2,mvtec,1,2,bottle,visual_prediction,D:\STUDY\My_github\sci_project\outputs\anomalydino\unified_matrix\seed_1_shot_2\predictions\bottle.npz,58829041,1785985462670556000,2c9864f5ecb52fb337b87ba3695b211515da458809fa20fc0b505d37be54a3e8
20260805_mvtec_final_validation_s1_k2,mvtec,1,2,bottle,text_prediction,D:\STUDY\My_github\sci_project\outputs\anomalyclip\mvtec_npz\bottle.npz,80395581,1785299438080874700,533e243439559494e3c8ef719fd3e9026e2d812857c25ce729b20881335f2007
20260805_mvtec_final_validation_s1_k2,mvtec,1,2,bottle,text_sample_id_sidecar,D:\STUDY\My_github\sci_project\outputs\dynamic_fusion\sidecars\anomalyclip_mvtec_518\bottle.sample_ids.npz,594,1785946548976158400,74c7ce702c2cbafa781012d3010e47515da68d2a1e362cfcbbfa939e5eccf203
20260805_mvtec_final_validation_s1_k2,mvtec,1,2,cable,visual_prediction,D:\STUDY\My_github\sci_project\outputs\anomalydino\unified_matrix\seed_1_shot_2\predictions\cable.npz,104007477,1785985472049334100,b6e832500dcc4c616528f053e1a9809d0d967bebc333c8a50d9f8c2e72445907
20260805_mvtec_final_validation_s1_k2,mvtec,1,2,cable,text_prediction,D:\STUDY\My_github\sci_project\outputs\anomalyclip\mvtec_npz\cable.npz,144631682,1785299454113058000,97cdea7b527b798e5b32c042e6574a11422f52944f68024a82ef17ed3447ccde
20260805_mvtec_final_validation_s1_k2,mvtec,1,2,cable,text_sample_id_sidecar,D:\STUDY\My_github\sci_project\outputs\dynamic_fusion\sidecars\anomalyclip_mvtec_518\cable.sample_ids.npz,948,1785946549359201900,4b95eaba47d460b29268c6b1e30d27c06c965b59e0c4ef8863ec5b187d101283
20260805_mvtec_final_validation_s1_k2,mvtec,1,2,capsule,visual_prediction,D:\STUDY\My_github\sci_project\outputs\anomalydino\unified_matrix\seed_1_shot_2\predictions\capsule.npz,42888163,1785985477083339600,ab1f243dd1d3b6870e00d64c46c9024cf34b1a21ef0b9500d4ee41404ee3c0db
20260805_mvtec_final_validation_s1_k2,mvtec,1,2,capsule,text_prediction,D:\STUDY\My_github\sci_project\outputs\anomalyclip\mvtec_npz\capsule.npz,122777856,1785299459959907600,c83fbed39c6bcea91182f3ee08d605098581d089b2743d557b13e8c02478c8a2
20260805_mvtec_final_validation_s1_k2,mvtec,1,2,capsule,text_sample_id_sidecar,D:\STUDY\My_github\sci_project\outputs\dynamic_fusion\sidecars\anomalyclip_mvtec_518\capsule.sample_ids.npz,804,1785946549858651000,8c1a7361ca51812ecf2b8f6a962030a81a68bddfa78d52a4e41c052db361f724
20260805_mvtec_final_validation_s1_k2,mvtec,1,2,carpet,visual_prediction,D:\STUDY\My_github\sci_project\outputs\anomalydino\unified_matrix\seed_1_shot_2\predictions\carpet.npz,81679890,1785985484357378100,80b05849422c60284485631d525ce2f2e03ea006deff73cae85cca8852b142d0
20260805_mvtec_final_validation_s1_k2,mvtec,1,2,carpet,text_prediction,D:\STUDY\My_github\sci_project\outputs\anomalyclip\mvtec_npz\carpet.npz,109719138,1785299434722809300,c6acafd5bb0c44946c8d77df7917a2617915b8e679c5e45f06610bd9b26c9300
20260805_mvtec_final_validation_s1_k2,mvtec,1,2,carpet,text_sample_id_sidecar,D:\STUDY\My_github\sci_project\outputs\dynamic_fusion\sidecars\anomalyclip_mvtec_518\carpet.sample_ids.npz,748,1785946550299217000,8d2d168638a265b2f92b5d2b40fc697799bd9b710a0222b568a9355eef2cd242
20260805_mvtec_final_validation_s1_k2,mvtec,1,2,grid,visual_prediction,D:\STUDY\My_github\sci_project\outputs\anomalydino\unified_matrix\seed_1_shot_2\predictions\grid.npz,53866176,1785985489486412200,5799eeaa76f36f7c17e63b42045a2fe569cbde0107d1641742ee92e50cb3763b
20260805_mvtec_final_validation_s1_k2,mvtec,1,2,grid,text_prediction,D:\STUDY\My_github\sci_project\outputs\anomalyclip\mvtec_npz\grid.npz,74449068,1785299463151146100,3401ebe9b9a1ad4069650e88acae3c30fb92381b04dc32b5606222d7c09b9aa4
20260805_mvtec_final_validation_s1_k2,mvtec,1,2,grid,text_sample_id_sidecar,D:\STUDY\My_github\sci_project\outputs\dynamic_fusion\sidecars\anomalyclip_mvtec_518\grid.sample_ids.npz,627,1785946550713938200,65aeffe03a2e8eb91b0f3ffd4f11cee8922d8ccd4f01a5c1f9e8ad3338bc5179
20260805_mvtec_final_validation_s1_k2,mvtec,1,2,hazelnut,visual_prediction,D:\STUDY\My_github\sci_project\outputs\anomalydino\unified_matrix\seed_1_shot_2\predictions\hazelnut.npz,48063516,1785985494412203300,e49bd8e8d5cde83790b15a211e87e536055f67e14749b2fe7c69dc5cf943267d
20260805_mvtec_final_validation_s1_k2,mvtec,1,2,hazelnut,text_prediction,D:\STUDY\My_github\sci_project\outputs\anomalyclip\mvtec_npz\hazelnut.npz,104129984,1785299442764357600,a0fb15e55153308d2727a364e3b4a62781596dffefaed4ac22d09fc099e2e3d0
20260805_mvtec_final_validation_s1_k2,mvtec,1,2,hazelnut,text_sample_id_sidecar,D:\STUDY\My_github\sci_project\outputs\dynamic_fusion\sidecars\anomalyclip_mvtec_518\hazelnut.sample_ids.npz,666,1785946551057562200,44085a429de3bf92adbbb02d01191ea0eb7db85e3da97c10e182efa641b9a3ba
20260805_mvtec_final_validation_s1_k2,mvtec,1,2,leather,visual_prediction,D:\STUDY\My_github\sci_project\outputs\anomalydino\unified_matrix\seed_1_shot_2\predictions\leather.npz,86088320,1785985503111785600,3bdc7718ed39c677eb3a957d972174da0047e2de8b28b6f6b70f2cbff1228672
20260805_mvtec_final_validation_s1_k2,mvtec,1,2,leather,text_prediction,D:\STUDY\My_github\sci_project\outputs\anomalyclip\mvtec_npz\leather.npz,117745411,1785299448045567600,c0970e228136d6cc6bfecbd169b8b18443952dbd26df72efb4913292814f85e6
20260805_mvtec_final_validation_s1_k2,mvtec,1,2,leather,text_sample_id_sidecar,D:\STUDY\My_github\sci_project\outputs\dynamic_fusion\sidecars\anomalyclip_mvtec_518\leather.sample_ids.npz,711,1785946551447284500,bcf74766e3392e4611990353264a1708f57967397a9556e48a3d3d57defb3c21
20260805_mvtec_final_validation_s1_k2,mvtec,1,2,metal_nut,visual_prediction,D:\STUDY\My_github\sci_project\outputs\anomalydino\unified_matrix\seed_1_shot_2\predictions\metal_nut.npz,80684236,1785985509954940100,9449ab48d4df5eb62692e0b6212a064d20b57c8fb23f4ab43b25aeb69b0532ff
20260805_mvtec_final_validation_s1_k2,mvtec,1,2,metal_nut,text_prediction,D:\STUDY\My_github\sci_project\outputs\anomalyclip\mvtec_npz\metal_nut.npz,111536857,1785299478509590500,7b0be8ad61d09a58d0af7496c08a108b0a192d2fc0c130f19fcbdc6b230617e7
20260805_mvtec_final_validation_s1_k2,mvtec,1,2,metal_nut,text_sample_id_sidecar,D:\STUDY\My_github\sci_project\outputs\dynamic_fusion\sidecars\anomalyclip_mvtec_518\metal_nut.sample_ids.npz,699,1785946551876644800,0c8e19aece6fb40bbde56246265af1332edf6ae0c43bd144fff723bc64df9783
20260805_mvtec_final_validation_s1_k2,mvtec,1,2,pill,visual_prediction,D:\STUDY\My_github\sci_project\outputs\anomalydino\unified_matrix\seed_1_shot_2\predictions\pill.npz,75989170,1785985517265981200,db39143fa9bf131cee5489637823961e354d1a84f8c5d0992680092c14edccf9
20260805_mvtec_final_validation_s1_k2,mvtec,1,2,pill,text_prediction,D:\STUDY\My_github\sci_project\outputs\anomalyclip\mvtec_npz\pill.npz,158551016,1785299470083609700,5eccddec199b6945de6c15751a18620d353d29a1f6a226af628bdbb300d58400
20260805_mvtec_final_validation_s1_k2,mvtec,1,2,pill,text_sample_id_sidecar,D:\STUDY\My_github\sci_project\outputs\dynamic_fusion\sidecars\anomalyclip_mvtec_518\pill.sample_ids.npz,963,1785946552347011500,80e11e3247d8a5287c4ce45dcf0371ad5f8d41b3014dc896022232e870558b38
20260805_mvtec_final_validation_s1_k2,mvtec,1,2,screw,visual_prediction,D:\STUDY\My_github\sci_project\outputs\anomalydino\unified_matrix\seed_1_shot_2\predictions\screw.npz,60564663,1785985523557056900,dfa16f21137206a238a7e95e54e1a57dd7d2b4eac7e8a4046f08fd0918d66260
20260805_mvtec_final_validation_s1_k2,mvtec,1,2,screw,text_prediction,D:\STUDY\My_github\sci_project\outputs\anomalyclip\mvtec_npz\screw.npz,152991292,1785299485045043100,2e6dd78cd69ca61f4cae05102daa4a212a4e8782ae80109b2b8867efd245321e
20260805_mvtec_final_validation_s1_k2,mvtec,1,2,screw,text_sample_id_sidecar,D:\STUDY\My_github\sci_project\outputs\dynamic_fusion\sidecars\anomalyclip_mvtec_518\screw.sample_ids.npz,944,1785946552975160800,a66f02f2a293b134ad59e2ea6ea29d4883e729986418b15d41e77c39b7fc7e71
20260805_mvtec_final_validation_s1_k2,mvtec,1,2,tile,visual_prediction,D:\STUDY\My_github\sci_project\outputs\anomalydino\unified_matrix\seed_1_shot_2\predictions\tile.npz,80596818,1785985531139123200,e94aeb51032c611349ad62d3e1b193a6d0504a1ac50ab0dc7fbfd60fee1cde0f
20260805_mvtec_final_validation_s1_k2,mvtec,1,2,tile,text_prediction,D:\STUDY\My_github\sci_project\outputs\anomalyclip\mvtec_npz\tile.npz,112304392,1785299497375001300,6486169a3cd3bbb92f48ee6be52b8c0c378bd2eee264e61b1e998856d2143acb
20260805_mvtec_final_validation_s1_k2,mvtec,1,2,tile,text_sample_id_sidecar,D:\STUDY\My_github\sci_project\outputs\dynamic_fusion\sidecars\anomalyclip_mvtec_518\tile.sample_ids.npz,730,1785946553531205500,f25c42abdd09795f83d306fea8ab90a36016a2aacdd9bd200e21a6337f1ccc4f
20260805_mvtec_final_validation_s1_k2,mvtec,1,2,toothbrush,visual_prediction,D:\STUDY\My_github\sci_project\outputs\anomalydino\unified_matrix\seed_1_shot_2\predictions\toothbrush.npz,16786130,1785985533020222400,d46761b7145a759181c1d4a3a6dc0cac09900c4498a3217419ee6e1e57558980
20260805_mvtec_final_validation_s1_k2,mvtec,1,2,toothbrush,text_prediction,D:\STUDY\My_github\sci_project\outputs\anomalyclip\mvtec_npz\toothbrush.npz,40392087,1785299486755523400,a37f01caf3ede9155cb5cac05acc980ea055ab3f51feb8825307ee9c347e1384
20260805_mvtec_final_validation_s1_k2,mvtec,1,2,toothbrush,text_sample_id_sidecar,D:\STUDY\My_github\sci_project\outputs\dynamic_fusion\sidecars\anomalyclip_mvtec_518\toothbrush.sample_ids.npz,416,1785946553888846800,71c093b7c35cea96f7f16be71e2dbf278c0da9b32bb115a2ae42406f46f1f9a4
20260805_mvtec_final_validation_s1_k2,mvtec,1,2,transistor,visual_prediction,D:\STUDY\My_github\sci_project\outputs\anomalydino\unified_matrix\seed_1_shot_2\predictions\transistor.npz,68946750,1785985538807567200,eed7d38a9b672b27ea2bf4b201748bea8756f1aa88f866e23f043a23625b5e25
20260805_mvtec_final_validation_s1_k2,mvtec,1,2,transistor,text_prediction,D:\STUDY\My_github\sci_project\outputs\anomalyclip\mvtec_npz\transistor.npz,96802839,1785299474001434500,69e66925559c0fd155389e12a7544351ae7c30762535f1a47557f515cb346bf2
20260805_mvtec_final_validation_s1_k2,mvtec,1,2,transistor,text_sample_id_sidecar,D:\STUDY\My_github\sci_project\outputs\dynamic_fusion\sidecars\anomalyclip_mvtec_518\transistor.sample_ids.npz,689,1785946554144551400,a6622363a662b5b9655f0992f3ee14cafc3ae774067f556684725a957f640bcb
20260805_mvtec_final_validation_s1_k2,mvtec,1,2,wood,visual_prediction,D:\STUDY\My_github\sci_project\outputs\anomalydino\unified_matrix\seed_1_shot_2\predictions\wood.npz,54255631,1785985543688620000,23392e0ff43a9447ca8f0f15293bc33c1d94d3991b2e920b38a00fa840c1a4b6
20260805_mvtec_final_validation_s1_k2,mvtec,1,2,wood,text_prediction,D:\STUDY\My_github\sci_project\outputs\anomalyclip\mvtec_npz\wood.npz,75905302,1785299500611027100,28797b146567a590a5bcb1c316e565238e39e4e8e2d608eb62f2096b76f3df8f
20260805_mvtec_final_validation_s1_k2,mvtec,1,2,wood,text_sample_id_sidecar,D:\STUDY\My_github\sci_project\outputs\dynamic_fusion\sidecars\anomalyclip_mvtec_518\wood.sample_ids.npz,565,1785946554505211200,fa5540d48a8685f131fb4a75110b88787edd10c5558e702c45d0a2017af427bb
20260805_mvtec_final_validation_s1_k2,mvtec,1,2,zipper,visual_prediction,D:\STUDY\My_github\sci_project\outputs\anomalydino\unified_matrix\seed_1_shot_2\predictions\zipper.npz,105733080,1785985552269654600,fe9d9cee120f667fd319d01aebc0fd7498258fba3ddc3c41d04109852ed4f4b4
20260805_mvtec_final_validation_s1_k2,mvtec,1,2,zipper,text_prediction,D:\STUDY\My_github\sci_project\outputs\anomalyclip\mvtec_npz\zipper.npz,146032416,1785299492664852100,1025f09c4115f522c92f73dd8a43b7f55155137677d1c2bdc26d992f0891769c
20260805_mvtec_final_validation_s1_k2,mvtec,1,2,zipper,text_sample_id_sidecar,D:\STUDY\My_github\sci_project\outputs\dynamic_fusion\sidecars\anomalyclip_mvtec_518\zipper.sample_ids.npz,900,1785946554909042700,bc7f63eb85561adea674605db2264ac6eb0665f69190cbcbdcbc2a6c2c80f7b6
20260805_mvtec_final_validation_s1_k4,mvtec,1,4,bottle,visual_prediction,D:\STUDY\My_github\sci_project\outputs\anomalydino\unified_matrix\seed_1_shot_4\predictions\bottle.npz,58786409,1785986276347387100,1ddda013837f2fd822593652ed7512983570cf48641afb28fc0416c1dd8b3602
20260805_mvtec_final_validation_s1_k4,mvtec,1,4,bottle,text_prediction,D:\STUDY\My_github\sci_project\outputs\anomalyclip\mvtec_npz\bottle.npz,80395581,1785299438080874700,533e243439559494e3c8ef719fd3e9026e2d812857c25ce729b20881335f2007
20260805_mvtec_final_validation_s1_k4,mvtec,1,4,bottle,text_sample_id_sidecar,D:\STUDY\My_github\sci_project\outputs\dynamic_fusion\sidecars\anomalyclip_mvtec_518\bottle.sample_ids.npz,594,1785946548976158400,74c7ce702c2cbafa781012d3010e47515da68d2a1e362cfcbbfa939e5eccf203
20260805_mvtec_final_validation_s1_k4,mvtec,1,4,cable,visual_prediction,D:\STUDY\My_github\sci_project\outputs\anomalydino\unified_matrix\seed_1_shot_4\predictions\cable.npz,103650692,1785986284787776500,448d92ac36c8ab4c099e6a09d08c22263bed8fba906e65600f08bf1171d2a0d8
20260805_mvtec_final_validation_s1_k4,mvtec,1,4,cable,text_prediction,D:\STUDY\My_github\sci_project\outputs\anomalyclip\mvtec_npz\cable.npz,144631682,1785299454113058000,97cdea7b527b798e5b32c042e6574a11422f52944f68024a82ef17ed3447ccde
20260805_mvtec_final_validation_s1_k4,mvtec,1,4,cable,text_sample_id_sidecar,D:\STUDY\My_github\sci_project\outputs\dynamic_fusion\sidecars\anomalyclip_mvtec_518\cable.sample_ids.npz,948,1785946549359201900,4b95eaba47d460b29268c6b1e30d27c06c965b59e0c4ef8863ec5b187d101283
20260805_mvtec_final_validation_s1_k4,mvtec,1,4,capsule,visual_prediction,D:\STUDY\My_github\sci_project\outputs\anomalydino\unified_matrix\seed_1_shot_4\predictions\capsule.npz,42942752,1785986289297325200,8c05ab57c59e13e59478829e62202ee972ca7a5b9ba0e86845ba045a51918d0c
20260805_mvtec_final_validation_s1_k4,mvtec,1,4,capsule,text_prediction,D:\STUDY\My_github\sci_project\outputs\anomalyclip\mvtec_npz\capsule.npz,122777856,1785299459959907600,c83fbed39c6bcea91182f3ee08d605098581d089b2743d557b13e8c02478c8a2
20260805_mvtec_final_validation_s1_k4,mvtec,1,4,capsule,text_sample_id_sidecar,D:\STUDY\My_github\sci_project\outputs\dynamic_fusion\sidecars\anomalyclip_mvtec_518\capsule.sample_ids.npz,804,1785946549858651000,8c1a7361ca51812ecf2b8f6a962030a81a68bddfa78d52a4e41c052db361f724
20260805_mvtec_final_validation_s1_k4,mvtec,1,4,carpet,visual_prediction,D:\STUDY\My_github\sci_project\outputs\anomalydino\unified_matrix\seed_1_shot_4\predictions\carpet.npz,81865781,1785986295701779900,a426f96b36360afff6ad1f5b3c27f41b37e4c44b7d90410752661de23484afc3
20260805_mvtec_final_validation_s1_k4,mvtec,1,4,carpet,text_prediction,D:\STUDY\My_github\sci_project\outputs\anomalyclip\mvtec_npz\carpet.npz,109719138,1785299434722809300,c6acafd5bb0c44946c8d77df7917a2617915b8e679c5e45f06610bd9b26c9300
20260805_mvtec_final_validation_s1_k4,mvtec,1,4,carpet,text_sample_id_sidecar,D:\STUDY\My_github\sci_project\outputs\dynamic_fusion\sidecars\anomalyclip_mvtec_518\carpet.sample_ids.npz,748,1785946550299217000,8d2d168638a265b2f92b5d2b40fc697799bd9b710a0222b568a9355eef2cd242
20260805_mvtec_final_validation_s1_k4,mvtec,1,4,grid,visual_prediction,D:\STUDY\My_github\sci_project\outputs\anomalydino\unified_matrix\seed_1_shot_4\predictions\grid.npz,53995626,1785986299976037800,7fba490900e1725635fcb248ade695d6816728afee14d8256f3c82fad9e276cf
20260805_mvtec_final_validation_s1_k4,mvtec,1,4,grid,text_prediction,D:\STUDY\My_github\sci_project\outputs\anomalyclip\mvtec_npz\grid.npz,74449068,1785299463151146100,3401ebe9b9a1ad4069650e88acae3c30fb92381b04dc32b5606222d7c09b9aa4
20260805_mvtec_final_validation_s1_k4,mvtec,1,4,grid,text_sample_id_sidecar,D:\STUDY\My_github\sci_project\outputs\dynamic_fusion\sidecars\anomalyclip_mvtec_518\grid.sample_ids.npz,627,1785946550713938200,65aeffe03a2e8eb91b0f3ffd4f11cee8922d8ccd4f01a5c1f9e8ad3338bc5179
20260805_mvtec_final_validation_s1_k4,mvtec,1,4,hazelnut,visual_prediction,D:\STUDY\My_github\sci_project\outputs\anomalydino\unified_matrix\seed_1_shot_4\predictions\hazelnut.npz,48010704,1785986304129550400,6c8406ee0bf01c513ae479402433255456853e7394f1ce1fcc59a021e7e45b80
20260805_mvtec_final_validation_s1_k4,mvtec,1,4,hazelnut,text_prediction,D:\STUDY\My_github\sci_project\outputs\anomalyclip\mvtec_npz\hazelnut.npz,104129984,1785299442764357600,a0fb15e55153308d2727a364e3b4a62781596dffefaed4ac22d09fc099e2e3d0
20260805_mvtec_final_validation_s1_k4,mvtec,1,4,hazelnut,text_sample_id_sidecar,D:\STUDY\My_github\sci_project\outputs\dynamic_fusion\sidecars\anomalyclip_mvtec_518\hazelnut.sample_ids.npz,666,1785946551057562200,44085a429de3bf92adbbb02d01191ea0eb7db85e3da97c10e182efa641b9a3ba
20260805_mvtec_final_validation_s1_k4,mvtec,1,4,leather,visual_prediction,D:\STUDY\My_github\sci_project\outputs\anomalydino\unified_matrix\seed_1_shot_4\predictions\leather.npz,86219605,1785986311038277700,46b774c832bb0da41f410e7982cb6884050751d715cc78f6e027cfa70d4a552c
20260805_mvtec_final_validation_s1_k4,mvtec,1,4,leather,text_prediction,D:\STUDY\My_github\sci_project\outputs\anomalyclip\mvtec_npz\leather.npz,117745411,1785299448045567600,c0970e228136d6cc6bfecbd169b8b18443952dbd26df72efb4913292814f85e6
20260805_mvtec_final_validation_s1_k4,mvtec,1,4,leather,text_sample_id_sidecar,D:\STUDY\My_github\sci_project\outputs\dynamic_fusion\sidecars\anomalyclip_mvtec_518\leather.sample_ids.npz,711,1785946551447284500,bcf74766e3392e4611990353264a1708f57967397a9556e48a3d3d57defb3c21
20260805_mvtec_final_validation_s1_k4,mvtec,1,4,metal_nut,visual_prediction,D:\STUDY\My_github\sci_project\outputs\anomalydino\unified_matrix\seed_1_shot_4\predictions\metal_nut.npz,80811444,1785986317247682500,60fabfd8c41c0f7a0abd512a8a8cf546d49703d278fa32da6f8865cd152bdb97
20260805_mvtec_final_validation_s1_k4,mvtec,1,4,metal_nut,text_prediction,D:\STUDY\My_github\sci_project\outputs\anomalyclip\mvtec_npz\metal_nut.npz,111536857,1785299478509590500,7b0be8ad61d09a58d0af7496c08a108b0a192d2fc0c130f19fcbdc6b230617e7
20260805_mvtec_final_validation_s1_k4,mvtec,1,4,metal_nut,text_sample_id_sidecar,D:\STUDY\My_github\sci_project\outputs\dynamic_fusion\sidecars\anomalyclip_mvtec_518\metal_nut.sample_ids.npz,699,1785946551876644800,0c8e19aece6fb40bbde56246265af1332edf6ae0c43bd144fff723bc64df9783
20260805_mvtec_final_validation_s1_k4,mvtec,1,4,pill,visual_prediction,D:\STUDY\My_github\sci_project\outputs\anomalydino\unified_matrix\seed_1_shot_4\predictions\pill.npz,76027569,1785986323733575500,f31ec25890812cc4bab9a2963234afaf842af6881e64d8e52bb0e17ee5661899
20260805_mvtec_final_validation_s1_k4,mvtec,1,4,pill,text_prediction,D:\STUDY\My_github\sci_project\outputs\anomalyclip\mvtec_npz\pill.npz,158551016,1785299470083609700,5eccddec199b6945de6c15751a18620d353d29a1f6a226af628bdbb300d58400
20260805_mvtec_final_validation_s1_k4,mvtec,1,4,pill,text_sample_id_sidecar,D:\STUDY\My_github\sci_project\outputs\dynamic_fusion\sidecars\anomalyclip_mvtec_518\pill.sample_ids.npz,963,1785946552347011500,80e11e3247d8a5287c4ce45dcf0371ad5f8d41b3014dc896022232e870558b38
20260805_mvtec_final_validation_s1_k4,mvtec,1,4,screw,visual_prediction,D:\STUDY\My_github\sci_project\outputs\anomalydino\unified_matrix\seed_1_shot_4\predictions\screw.npz,60644880,1785986329242933600,31ee0d3c89f4eb138b19b382f023c7a215ca3628c1786493ef17d6d9fff9f2f4
20260805_mvtec_final_validation_s1_k4,mvtec,1,4,screw,text_prediction,D:\STUDY\My_github\sci_project\outputs\anomalyclip\mvtec_npz\screw.npz,152991292,1785299485045043100,2e6dd78cd69ca61f4cae05102daa4a212a4e8782ae80109b2b8867efd245321e
20260805_mvtec_final_validation_s1_k4,mvtec,1,4,screw,text_sample_id_sidecar,D:\STUDY\My_github\sci_project\outputs\dynamic_fusion\sidecars\anomalyclip_mvtec_518\screw.sample_ids.npz,944,1785946552975160800,a66f02f2a293b134ad59e2ea6ea29d4883e729986418b15d41e77c39b7fc7e71
20260805_mvtec_final_validation_s1_k4,mvtec,1,4,tile,visual_prediction,D:\STUDY\My_github\sci_project\outputs\anomalydino\unified_matrix\seed_1_shot_4\predictions\tile.npz,80588317,1785986335854042200,33e29811c01f98157a23efefe908be69ffdd537a5fd8d916d03121087b4d22b7
20260805_mvtec_final_validation_s1_k4,mvtec,1,4,tile,text_prediction,D:\STUDY\My_github\sci_project\outputs\anomalyclip\mvtec_npz\tile.npz,112304392,1785299497375001300,6486169a3cd3bbb92f48ee6be52b8c0c378bd2eee264e61b1e998856d2143acb
20260805_mvtec_final_validation_s1_k4,mvtec,1,4,tile,text_sample_id_sidecar,D:\STUDY\My_github\sci_project\outputs\dynamic_fusion\sidecars\anomalyclip_mvtec_518\tile.sample_ids.npz,730,1785946553531205500,f25c42abdd09795f83d306fea8ab90a36016a2aacdd9bd200e21a6337f1ccc4f
20260805_mvtec_final_validation_s1_k4,mvtec,1,4,toothbrush,visual_prediction,D:\STUDY\My_github\sci_project\outputs\anomalydino\unified_matrix\seed_1_shot_4\predictions\toothbrush.npz,16809531,1785986337512799100,995ff98db67eeaa8ba476f33828c675beb54080c4d6b0719be7804859ea403ba
20260805_mvtec_final_validation_s1_k4,mvtec,1,4,toothbrush,text_prediction,D:\STUDY\My_github\sci_project\outputs\anomalyclip\mvtec_npz\toothbrush.npz,40392087,1785299486755523400,a37f01caf3ede9155cb5cac05acc980ea055ab3f51feb8825307ee9c347e1384
20260805_mvtec_final_validation_s1_k4,mvtec,1,4,toothbrush,text_sample_id_sidecar,D:\STUDY\My_github\sci_project\outputs\dynamic_fusion\sidecars\anomalyclip_mvtec_518\toothbrush.sample_ids.npz,416,1785946553888846800,71c093b7c35cea96f7f16be71e2dbf278c0da9b32bb115a2ae42406f46f1f9a4
20260805_mvtec_final_validation_s1_k4,mvtec,1,4,transistor,visual_prediction,D:\STUDY\My_github\sci_project\outputs\anomalydino\unified_matrix\seed_1_shot_4\predictions\transistor.npz,68771878,1785986343125892200,b7ca87c21a453980f3e4113dcc4866bb32bbaff76f5dc026a2f6a96c366d4f4e
20260805_mvtec_final_validation_s1_k4,mvtec,1,4,transistor,text_prediction,D:\STUDY\My_github\sci_project\outputs\anomalyclip\mvtec_npz\transistor.npz,96802839,1785299474001434500,69e66925559c0fd155389e12a7544351ae7c30762535f1a47557f515cb346bf2
20260805_mvtec_final_validation_s1_k4,mvtec,1,4,transistor,text_sample_id_sidecar,D:\STUDY\My_github\sci_project\outputs\dynamic_fusion\sidecars\anomalyclip_mvtec_518\transistor.sample_ids.npz,689,1785946554144551400,a6622363a662b5b9655f0992f3ee14cafc3ae774067f556684725a957f640bcb
20260805_mvtec_final_validation_s1_k4,mvtec,1,4,wood,visual_prediction,D:\STUDY\My_github\sci_project\outputs\anomalydino\unified_matrix\seed_1_shot_4\predictions\wood.npz,54390109,1785986347498997600,a5684d8b12c143d60c25d258fbe30ddf4f07b1f1c7636753d473e330f1c31eb3
20260805_mvtec_final_validation_s1_k4,mvtec,1,4,wood,text_prediction,D:\STUDY\My_github\sci_project\outputs\anomalyclip\mvtec_npz\wood.npz,75905302,1785299500611027100,28797b146567a590a5bcb1c316e565238e39e4e8e2d608eb62f2096b76f3df8f
20260805_mvtec_final_validation_s1_k4,mvtec,1,4,wood,text_sample_id_sidecar,D:\STUDY\My_github\sci_project\outputs\dynamic_fusion\sidecars\anomalyclip_mvtec_518\wood.sample_ids.npz,565,1785946554505211200,fa5540d48a8685f131fb4a75110b88787edd10c5558e702c45d0a2017af427bb
20260805_mvtec_final_validation_s1_k4,mvtec,1,4,zipper,visual_prediction,D:\STUDY\My_github\sci_project\outputs\anomalydino\unified_matrix\seed_1_shot_4\predictions\zipper.npz,105926797,1785986355440495000,428192cc9cc236b80b1e65bae757eeafde5b9e5f4aaff9851273d9423105f7fc
20260805_mvtec_final_validation_s1_k4,mvtec,1,4,zipper,text_prediction,D:\STUDY\My_github\sci_project\outputs\anomalyclip\mvtec_npz\zipper.npz,146032416,1785299492664852100,1025f09c4115f522c92f73dd8a43b7f55155137677d1c2bdc26d992f0891769c
20260805_mvtec_final_validation_s1_k4,mvtec,1,4,zipper,text_sample_id_sidecar,D:\STUDY\My_github\sci_project\outputs\dynamic_fusion\sidecars\anomalyclip_mvtec_518\zipper.sample_ids.npz,900,1785946554909042700,bc7f63eb85561adea674605db2264ac6eb0665f69190cbcbdcbc2a6c2c80f7b6
20260805_mvtec_final_validation_s2_k1,mvtec,2,1,bottle,visual_prediction,D:\STUDY\My_github\sci_project\outputs\anomalydino\unified_matrix\seed_2_shot_1\predictions\bottle.npz,58774197,1785987662139345000,e374b73623153dd508c3fa0ab93a87de4abedb28e320cace326351b1fc03003b
20260805_mvtec_final_validation_s2_k1,mvtec,2,1,bottle,text_prediction,D:\STUDY\My_github\sci_project\outputs\anomalyclip\mvtec_npz\bottle.npz,80395581,1785299438080874700,533e243439559494e3c8ef719fd3e9026e2d812857c25ce729b20881335f2007
20260805_mvtec_final_validation_s2_k1,mvtec,2,1,bottle,text_sample_id_sidecar,D:\STUDY\My_github\sci_project\outputs\dynamic_fusion\sidecars\anomalyclip_mvtec_518\bottle.sample_ids.npz,594,1785946548976158400,74c7ce702c2cbafa781012d3010e47515da68d2a1e362cfcbbfa939e5eccf203
20260805_mvtec_final_validation_s2_k1,mvtec,2,1,cable,visual_prediction,D:\STUDY\My_github\sci_project\outputs\anomalydino\unified_matrix\seed_2_shot_1\predictions\cable.npz,104757540,1785987669087261800,75d24c7c6fb6ae763246e9ec9a49af5519980523da46cc5aa15cd3a7248587e7
20260805_mvtec_final_validation_s2_k1,mvtec,2,1,cable,text_prediction,D:\STUDY\My_github\sci_project\outputs\anomalyclip\mvtec_npz\cable.npz,144631682,1785299454113058000,97cdea7b527b798e5b32c042e6574a11422f52944f68024a82ef17ed3447ccde
20260805_mvtec_final_validation_s2_k1,mvtec,2,1,cable,text_sample_id_sidecar,D:\STUDY\My_github\sci_project\outputs\dynamic_fusion\sidecars\anomalyclip_mvtec_518\cable.sample_ids.npz,948,1785946549359201900,4b95eaba47d460b29268c6b1e30d27c06c965b59e0c4ef8863ec5b187d101283
20260805_mvtec_final_validation_s2_k1,mvtec,2,1,capsule,visual_prediction,D:\STUDY\My_github\sci_project\outputs\anomalydino\unified_matrix\seed_2_shot_1\predictions\capsule.npz,42817745,1785987673125245000,f2f94b16603a7e7de11a835fdf5498a7e3715084799814eb282f88375e893e26
20260805_mvtec_final_validation_s2_k1,mvtec,2,1,capsule,text_prediction,D:\STUDY\My_github\sci_project\outputs\anomalyclip\mvtec_npz\capsule.npz,122777856,1785299459959907600,c83fbed39c6bcea91182f3ee08d605098581d089b2743d557b13e8c02478c8a2
20260805_mvtec_final_validation_s2_k1,mvtec,2,1,capsule,text_sample_id_sidecar,D:\STUDY\My_github\sci_project\outputs\dynamic_fusion\sidecars\anomalyclip_mvtec_518\capsule.sample_ids.npz,804,1785946549858651000,8c1a7361ca51812ecf2b8f6a962030a81a68bddfa78d52a4e41c052db361f724
20260805_mvtec_final_validation_s2_k1,mvtec,2,1,carpet,visual_prediction,D:\STUDY\My_github\sci_project\outputs\anomalydino\unified_matrix\seed_2_shot_1\predictions\carpet.npz,81440691,1785987678649113100,81336d8c832d0f684afecfcd9090eab6219f94b591549bc32999e14c6e6efef6
20260805_mvtec_final_validation_s2_k1,mvtec,2,1,carpet,text_prediction,D:\STUDY\My_github\sci_project\outputs\anomalyclip\mvtec_npz\carpet.npz,109719138,1785299434722809300,c6acafd5bb0c44946c8d77df7917a2617915b8e679c5e45f06610bd9b26c9300
20260805_mvtec_final_validation_s2_k1,mvtec,2,1,carpet,text_sample_id_sidecar,D:\STUDY\My_github\sci_project\outputs\dynamic_fusion\sidecars\anomalyclip_mvtec_518\carpet.sample_ids.npz,748,1785946550299217000,8d2d168638a265b2f92b5d2b40fc697799bd9b710a0222b568a9355eef2cd242
20260805_mvtec_final_validation_s2_k1,mvtec,2,1,grid,visual_prediction,D:\STUDY\My_github\sci_project\outputs\anomalydino\unified_matrix\seed_2_shot_1\predictions\grid.npz,53392724,1785987682547196800,c8e74f1ef94cb52c10dbe006c9baf66faaf3394e1384b8e08d1bfbf2bc650522
20260805_mvtec_final_validation_s2_k1,mvtec,2,1,grid,text_prediction,D:\STUDY\My_github\sci_project\outputs\anomalyclip\mvtec_npz\grid.npz,74449068,1785299463151146100,3401ebe9b9a1ad4069650e88acae3c30fb92381b04dc32b5606222d7c09b9aa4
20260805_mvtec_final_validation_s2_k1,mvtec,2,1,grid,text_sample_id_sidecar,D:\STUDY\My_github\sci_project\outputs\dynamic_fusion\sidecars\anomalyclip_mvtec_518\grid.sample_ids.npz,627,1785946550713938200,65aeffe03a2e8eb91b0f3ffd4f11cee8922d8ccd4f01a5c1f9e8ad3338bc5179
20260805_mvtec_final_validation_s2_k1,mvtec,2,1,hazelnut,visual_prediction,D:\STUDY\My_github\sci_project\outputs\anomalydino\unified_matrix\seed_2_shot_1\predictions\hazelnut.npz,47979598,1785987686173107500,649df46a94d19ff723361f31449adbca7c2b2677110aa9249245ead266a5c87c
20260805_mvtec_final_validation_s2_k1,mvtec,2,1,hazelnut,text_prediction,D:\STUDY\My_github\sci_project\outputs\anomalyclip\mvtec_npz\hazelnut.npz,104129984,1785299442764357600,a0fb15e55153308d2727a364e3b4a62781596dffefaed4ac22d09fc099e2e3d0
20260805_mvtec_final_validation_s2_k1,mvtec,2,1,hazelnut,text_sample_id_sidecar,D:\STUDY\My_github\sci_project\outputs\dynamic_fusion\sidecars\anomalyclip_mvtec_518\hazelnut.sample_ids.npz,666,1785946551057562200,44085a429de3bf92adbbb02d01191ea0eb7db85e3da97c10e182efa641b9a3ba
20260805_mvtec_final_validation_s2_k1,mvtec,2,1,leather,visual_prediction,D:\STUDY\My_github\sci_project\outputs\anomalydino\unified_matrix\seed_2_shot_1\predictions\leather.npz,86116174,1785987692291124800,f1ef66b383a2e8f2b423d7ced75aea9ae4aa1826585f9ad94aca48e4e854da53
20260805_mvtec_final_validation_s2_k1,mvtec,2,1,leather,text_prediction,D:\STUDY\My_github\sci_project\outputs\anomalyclip\mvtec_npz\leather.npz,117745411,1785299448045567600,c0970e228136d6cc6bfecbd169b8b18443952dbd26df72efb4913292814f85e6
20260805_mvtec_final_validation_s2_k1,mvtec,2,1,leather,text_sample_id_sidecar,D:\STUDY\My_github\sci_project\outputs\dynamic_fusion\sidecars\anomalyclip_mvtec_518\leather.sample_ids.npz,711,1785946551447284500,bcf74766e3392e4611990353264a1708f57967397a9556e48a3d3d57defb3c21
20260805_mvtec_final_validation_s2_k1,mvtec,2,1,metal_nut,visual_prediction,D:\STUDY\My_github\sci_project\outputs\anomalydino\unified_matrix\seed_2_shot_1\predictions\metal_nut.npz,80456361,1785987697561259600,222d360fe5b5a3a9edabb68a74c4a58513a860bf5cbf234d05503f3f3848c3ae
20260805_mvtec_final_validation_s2_k1,mvtec,2,1,metal_nut,text_prediction,D:\STUDY\My_github\sci_project\outputs\anomalyclip\mvtec_npz\metal_nut.npz,111536857,1785299478509590500,7b0be8ad61d09a58d0af7496c08a108b0a192d2fc0c130f19fcbdc6b230617e7
20260805_mvtec_final_validation_s2_k1,mvtec,2,1,metal_nut,text_sample_id_sidecar,D:\STUDY\My_github\sci_project\outputs\dynamic_fusion\sidecars\anomalyclip_mvtec_518\metal_nut.sample_ids.npz,699,1785946551876644800,0c8e19aece6fb40bbde56246265af1332edf6ae0c43bd144fff723bc64df9783
20260805_mvtec_final_validation_s2_k1,mvtec,2,1,pill,visual_prediction,D:\STUDY\My_github\sci_project\outputs\anomalydino\unified_matrix\seed_2_shot_1\predictions\pill.npz,75980836,1785987703204309600,e8afa2115bccffcceed9ecb98f7482f118f498cec86a9dcd9a1e456ede0e1fab
20260805_mvtec_final_validation_s2_k1,mvtec,2,1,pill,text_prediction,D:\STUDY\My_github\sci_project\outputs\anomalyclip\mvtec_npz\pill.npz,158551016,1785299470083609700,5eccddec199b6945de6c15751a18620d353d29a1f6a226af628bdbb300d58400
20260805_mvtec_final_validation_s2_k1,mvtec,2,1,pill,text_sample_id_sidecar,D:\STUDY\My_github\sci_project\outputs\dynamic_fusion\sidecars\anomalyclip_mvtec_518\pill.sample_ids.npz,963,1785946552347011500,80e11e3247d8a5287c4ce45dcf0371ad5f8d41b3014dc896022232e870558b38
20260805_mvtec_final_validation_s2_k1,mvtec,2,1,screw,visual_prediction,D:\STUDY\My_github\sci_project\outputs\anomalydino\unified_matrix\seed_2_shot_1\predictions\screw.npz,60591202,1785987708324269100,7f17c1a25879519ad0f6ee9b7a1ff58f8390cbf2f99e305e599a41e8d0117deb
20260805_mvtec_final_validation_s2_k1,mvtec,2,1,screw,text_prediction,D:\STUDY\My_github\sci_project\outputs\anomalyclip\mvtec_npz\screw.npz,152991292,1785299485045043100,2e6dd78cd69ca61f4cae05102daa4a212a4e8782ae80109b2b8867efd245321e
20260805_mvtec_final_validation_s2_k1,mvtec,2,1,screw,text_sample_id_sidecar,D:\STUDY\My_github\sci_project\outputs\dynamic_fusion\sidecars\anomalyclip_mvtec_518\screw.sample_ids.npz,944,1785946552975160800,a66f02f2a293b134ad59e2ea6ea29d4883e729986418b15d41e77c39b7fc7e71
20260805_mvtec_final_validation_s2_k1,mvtec,2,1,tile,visual_prediction,D:\STUDY\My_github\sci_project\outputs\anomalydino\unified_matrix\seed_2_shot_1\predictions\tile.npz,81117696,1785987714247877100,37735880af8b351c4ee39a5080e26eecb8fcb6b9652bfc1dc7baae10210d98eb
20260805_mvtec_final_validation_s2_k1,mvtec,2,1,tile,text_prediction,D:\STUDY\My_github\sci_project\outputs\anomalyclip\mvtec_npz\tile.npz,112304392,1785299497375001300,6486169a3cd3bbb92f48ee6be52b8c0c378bd2eee264e61b1e998856d2143acb
20260805_mvtec_final_validation_s2_k1,mvtec,2,1,tile,text_sample_id_sidecar,D:\STUDY\My_github\sci_project\outputs\dynamic_fusion\sidecars\anomalyclip_mvtec_518\tile.sample_ids.npz,730,1785946553531205500,f25c42abdd09795f83d306fea8ab90a36016a2aacdd9bd200e21a6337f1ccc4f
20260805_mvtec_final_validation_s2_k1,mvtec,2,1,toothbrush,visual_prediction,D:\STUDY\My_github\sci_project\outputs\anomalydino\unified_matrix\seed_2_shot_1\predictions\toothbrush.npz,16789954,1785987715934885700,eeabb216a71bc674692f1b325b79403bf856f87bce3fd3edddfa1764d599c8a3
20260805_mvtec_final_validation_s2_k1,mvtec,2,1,toothbrush,text_prediction,D:\STUDY\My_github\sci_project\outputs\anomalyclip\mvtec_npz\toothbrush.npz,40392087,1785299486755523400,a37f01caf3ede9155cb5cac05acc980ea055ab3f51feb8825307ee9c347e1384
20260805_mvtec_final_validation_s2_k1,mvtec,2,1,toothbrush,text_sample_id_sidecar,D:\STUDY\My_github\sci_project\outputs\dynamic_fusion\sidecars\anomalyclip_mvtec_518\toothbrush.sample_ids.npz,416,1785946553888846800,71c093b7c35cea96f7f16be71e2dbf278c0da9b32bb115a2ae42406f46f1f9a4
20260805_mvtec_final_validation_s2_k1,mvtec,2,1,transistor,visual_prediction,D:\STUDY\My_github\sci_project\outputs\anomalydino\unified_matrix\seed_2_shot_1\predictions\transistor.npz,69551240,1785987720971709200,3e0e63491a5bdc4f859c81c1df5ad0690fc580c07f195053406ca1df91912fa6
20260805_mvtec_final_validation_s2_k1,mvtec,2,1,transistor,text_prediction,D:\STUDY\My_github\sci_project\outputs\anomalyclip\mvtec_npz\transistor.npz,96802839,1785299474001434500,69e66925559c0fd155389e12a7544351ae7c30762535f1a47557f515cb346bf2
20260805_mvtec_final_validation_s2_k1,mvtec,2,1,transistor,text_sample_id_sidecar,D:\STUDY\My_github\sci_project\outputs\dynamic_fusion\sidecars\anomalyclip_mvtec_518\transistor.sample_ids.npz,689,1785946554144551400,a6622363a662b5b9655f0992f3ee14cafc3ae774067f556684725a957f640bcb
20260805_mvtec_final_validation_s2_k1,mvtec,2,1,wood,visual_prediction,D:\STUDY\My_github\sci_project\outputs\anomalydino\unified_matrix\seed_2_shot_1\predictions\wood.npz,53679278,1785987725289802100,df098be8deaaa177dd497ab44dee57c36883c194507f59afda204774c3f62ecb
20260805_mvtec_final_validation_s2_k1,mvtec,2,1,wood,text_prediction,D:\STUDY\My_github\sci_project\outputs\anomalyclip\mvtec_npz\wood.npz,75905302,1785299500611027100,28797b146567a590a5bcb1c316e565238e39e4e8e2d608eb62f2096b76f3df8f
20260805_mvtec_final_validation_s2_k1,mvtec,2,1,wood,text_sample_id_sidecar,D:\STUDY\My_github\sci_project\outputs\dynamic_fusion\sidecars\anomalyclip_mvtec_518\wood.sample_ids.npz,565,1785946554505211200,fa5540d48a8685f131fb4a75110b88787edd10c5558e702c45d0a2017af427bb
20260805_mvtec_final_validation_s2_k1,mvtec,2,1,zipper,visual_prediction,D:\STUDY\My_github\sci_project\outputs\anomalydino\unified_matrix\seed_2_shot_1\predictions\zipper.npz,105530011,1785987732942624700,e9f0bc4810c4490905045d2b14b16aa0d090129c2116a59d4e6d3ebb916ed6b9
20260805_mvtec_final_validation_s2_k1,mvtec,2,1,zipper,text_prediction,D:\STUDY\My_github\sci_project\outputs\anomalyclip\mvtec_npz\zipper.npz,146032416,1785299492664852100,1025f09c4115f522c92f73dd8a43b7f55155137677d1c2bdc26d992f0891769c
20260805_mvtec_final_validation_s2_k1,mvtec,2,1,zipper,text_sample_id_sidecar,D:\STUDY\My_github\sci_project\outputs\dynamic_fusion\sidecars\anomalyclip_mvtec_518\zipper.sample_ids.npz,900,1785946554909042700,bc7f63eb85561adea674605db2264ac6eb0665f69190cbcbdcbc2a6c2c80f7b6
20260805_mvtec_final_validation_s2_k2,mvtec,2,2,bottle,visual_prediction,D:\STUDY\My_github\sci_project\outputs\anomalydino\unified_matrix\seed_2_shot_2\predictions\bottle.npz,58767238,1785988849235538400,5ec67c338094c66c1572e14b4e345ccefbede3b76494287a893dc2e9bb136244
20260805_mvtec_final_validation_s2_k2,mvtec,2,2,bottle,text_prediction,D:\STUDY\My_github\sci_project\outputs\anomalyclip\mvtec_npz\bottle.npz,80395581,1785299438080874700,533e243439559494e3c8ef719fd3e9026e2d812857c25ce729b20881335f2007
20260805_mvtec_final_validation_s2_k2,mvtec,2,2,bottle,text_sample_id_sidecar,D:\STUDY\My_github\sci_project\outputs\dynamic_fusion\sidecars\anomalyclip_mvtec_518\bottle.sample_ids.npz,594,1785946548976158400,74c7ce702c2cbafa781012d3010e47515da68d2a1e362cfcbbfa939e5eccf203
20260805_mvtec_final_validation_s2_k2,mvtec,2,2,cable,visual_prediction,D:\STUDY\My_github\sci_project\outputs\anomalydino\unified_matrix\seed_2_shot_2\predictions\cable.npz,104112596,1785988856484991700,c2d715bced6f273018a0edfee77106c341932834393ceb7b5c381f6d9fed73a8
20260805_mvtec_final_validation_s2_k2,mvtec,2,2,cable,text_prediction,D:\STUDY\My_github\sci_project\outputs\anomalyclip\mvtec_npz\cable.npz,144631682,1785299454113058000,97cdea7b527b798e5b32c042e6574a11422f52944f68024a82ef17ed3447ccde
20260805_mvtec_final_validation_s2_k2,mvtec,2,2,cable,text_sample_id_sidecar,D:\STUDY\My_github\sci_project\outputs\dynamic_fusion\sidecars\anomalyclip_mvtec_518\cable.sample_ids.npz,948,1785946549359201900,4b95eaba47d460b29268c6b1e30d27c06c965b59e0c4ef8863ec5b187d101283
20260805_mvtec_final_validation_s2_k2,mvtec,2,2,capsule,visual_prediction,D:\STUDY\My_github\sci_project\outputs\anomalydino\unified_matrix\seed_2_shot_2\predictions\capsule.npz,42839915,1785988860629726900,559d4b2aa0412f181dedf4b1f69372ce26377aa5ab83cb51e89017314bbb21e7
20260805_mvtec_final_validation_s2_k2,mvtec,2,2,capsule,text_prediction,D:\STUDY\My_github\sci_project\outputs\anomalyclip\mvtec_npz\capsule.npz,122777856,1785299459959907600,c83fbed39c6bcea91182f3ee08d605098581d089b2743d557b13e8c02478c8a2
20260805_mvtec_final_validation_s2_k2,mvtec,2,2,capsule,text_sample_id_sidecar,D:\STUDY\My_github\sci_project\outputs\dynamic_fusion\sidecars\anomalyclip_mvtec_518\capsule.sample_ids.npz,804,1785946549858651000,8c1a7361ca51812ecf2b8f6a962030a81a68bddfa78d52a4e41c052db361f724
20260805_mvtec_final_validation_s2_k2,mvtec,2,2,carpet,visual_prediction,D:\STUDY\My_github\sci_project\outputs\anomalydino\unified_matrix\seed_2_shot_2\predictions\carpet.npz,81670833,1785988866704338400,81027d12aed8adc6f9bfc841f518dda00097c55b3970cdeea467d4f1419be3ed
20260805_mvtec_final_validation_s2_k2,mvtec,2,2,carpet,text_prediction,D:\STUDY\My_github\sci_project\outputs\anomalyclip\mvtec_npz\carpet.npz,109719138,1785299434722809300,c6acafd5bb0c44946c8d77df7917a2617915b8e679c5e45f06610bd9b26c9300
20260805_mvtec_final_validation_s2_k2,mvtec,2,2,carpet,text_sample_id_sidecar,D:\STUDY\My_github\sci_project\outputs\dynamic_fusion\sidecars\anomalyclip_mvtec_518\carpet.sample_ids.npz,748,1785946550299217000,8d2d168638a265b2f92b5d2b40fc697799bd9b710a0222b568a9355eef2cd242
20260805_mvtec_final_validation_s2_k2,mvtec,2,2,grid,visual_prediction,D:\STUDY\My_github\sci_project\outputs\anomalydino\unified_matrix\seed_2_shot_2\predictions\grid.npz,54089192,1785988870729431200,e230dc0daa5af92ef6f9319797860995f499f916f44706faf2898f9392e8bce0
20260805_mvtec_final_validation_s2_k2,mvtec,2,2,grid,text_prediction,D:\STUDY\My_github\sci_project\outputs\anomalyclip\mvtec_npz\grid.npz,74449068,1785299463151146100,3401ebe9b9a1ad4069650e88acae3c30fb92381b04dc32b5606222d7c09b9aa4
20260805_mvtec_final_validation_s2_k2,mvtec,2,2,grid,text_sample_id_sidecar,D:\STUDY\My_github\sci_project\outputs\dynamic_fusion\sidecars\anomalyclip_mvtec_518\grid.sample_ids.npz,627,1785946550713938200,65aeffe03a2e8eb91b0f3ffd4f11cee8922d8ccd4f01a5c1f9e8ad3338bc5179
20260805_mvtec_final_validation_s2_k2,mvtec,2,2,hazelnut,visual_prediction,D:\STUDY\My_github\sci_project\outputs\anomalydino\unified_matrix\seed_2_shot_2\predictions\hazelnut.npz,48105809,1785988874548335700,efc848640b7d00839e0c6dc56a414c492692b5bb76637746f1ee1e81087bb13d
20260805_mvtec_final_validation_s2_k2,mvtec,2,2,hazelnut,text_prediction,D:\STUDY\My_github\sci_project\outputs\anomalyclip\mvtec_npz\hazelnut.npz,104129984,1785299442764357600,a0fb15e55153308d2727a364e3b4a62781596dffefaed4ac22d09fc099e2e3d0
20260805_mvtec_final_validation_s2_k2,mvtec,2,2,hazelnut,text_sample_id_sidecar,D:\STUDY\My_github\sci_project\outputs\dynamic_fusion\sidecars\anomalyclip_mvtec_518\hazelnut.sample_ids.npz,666,1785946551057562200,44085a429de3bf92adbbb02d01191ea0eb7db85e3da97c10e182efa641b9a3ba
20260805_mvtec_final_validation_s2_k2,mvtec,2,2,leather,visual_prediction,D:\STUDY\My_github\sci_project\outputs\anomalydino\unified_matrix\seed_2_shot_2\predictions\leather.npz,86144873,1785988880655388300,9f5c6013b674a0d23fd0542b392aa501a5a5335481b312ab4ca3794002145042
20260805_mvtec_final_validation_s2_k2,mvtec,2,2,leather,text_prediction,D:\STUDY\My_github\sci_project\outputs\anomalyclip\mvtec_npz\leather.npz,117745411,1785299448045567600,c0970e228136d6cc6bfecbd169b8b18443952dbd26df72efb4913292814f85e6
20260805_mvtec_final_validation_s2_k2,mvtec,2,2,leather,text_sample_id_sidecar,D:\STUDY\My_github\sci_project\outputs\dynamic_fusion\sidecars\anomalyclip_mvtec_518\leather.sample_ids.npz,711,1785946551447284500,bcf74766e3392e4611990353264a1708f57967397a9556e48a3d3d57defb3c21
20260805_mvtec_final_validation_s2_k2,mvtec,2,2,metal_nut,visual_prediction,D:\STUDY\My_github\sci_project\outputs\anomalydino\unified_matrix\seed_2_shot_2\predictions\metal_nut.npz,80585256,1785988886110084400,54de45a78ff4ef481647fa14b5b3e8a36060406269ee7d47f2497ba4a907de57
20260805_mvtec_final_validation_s2_k2,mvtec,2,2,metal_nut,text_prediction,D:\STUDY\My_github\sci_project\outputs\anomalyclip\mvtec_npz\metal_nut.npz,111536857,1785299478509590500,7b0be8ad61d09a58d0af7496c08a108b0a192d2fc0c130f19fcbdc6b230617e7
20260805_mvtec_final_validation_s2_k2,mvtec,2,2,metal_nut,text_sample_id_sidecar,D:\STUDY\My_github\sci_project\outputs\dynamic_fusion\sidecars\anomalyclip_mvtec_518\metal_nut.sample_ids.npz,699,1785946551876644800,0c8e19aece6fb40bbde56246265af1332edf6ae0c43bd144fff723bc64df9783
20260805_mvtec_final_validation_s2_k2,mvtec,2,2,pill,visual_prediction,D:\STUDY\My_github\sci_project\outputs\anomalydino\unified_matrix\seed_2_shot_2\predictions\pill.npz,76013697,1785988892074684100,fdf87bc7ffdedca1fe5da8fb81dcbfcba20f1d03978b1ad08db0f9639e9aea86
20260805_mvtec_final_validation_s2_k2,mvtec,2,2,pill,text_prediction,D:\STUDY\My_github\sci_project\outputs\anomalyclip\mvtec_npz\pill.npz,158551016,1785299470083609700,5eccddec199b6945de6c15751a18620d353d29a1f6a226af628bdbb300d58400
20260805_mvtec_final_validation_s2_k2,mvtec,2,2,pill,text_sample_id_sidecar,D:\STUDY\My_github\sci_project\outputs\dynamic_fusion\sidecars\anomalyclip_mvtec_518\pill.sample_ids.npz,963,1785946552347011500,80e11e3247d8a5287c4ce45dcf0371ad5f8d41b3014dc896022232e870558b38
20260805_mvtec_final_validation_s2_k2,mvtec,2,2,screw,visual_prediction,D:\STUDY\My_github\sci_project\outputs\anomalydino\unified_matrix\seed_2_shot_2\predictions\screw.npz,60600916,1785988897321260800,04353bb3ac30258eab505369ea3fa731a6d93c1040513304a6db75bc71abf0b3
20260805_mvtec_final_validation_s2_k2,mvtec,2,2,screw,text_prediction,D:\STUDY\My_github\sci_project\outputs\anomalyclip\mvtec_npz\screw.npz,152991292,1785299485045043100,2e6dd78cd69ca61f4cae05102daa4a212a4e8782ae80109b2b8867efd245321e
20260805_mvtec_final_validation_s2_k2,mvtec,2,2,screw,text_sample_id_sidecar,D:\STUDY\My_github\sci_project\outputs\dynamic_fusion\sidecars\anomalyclip_mvtec_518\screw.sample_ids.npz,944,1785946552975160800,a66f02f2a293b134ad59e2ea6ea29d4883e729986418b15d41e77c39b7fc7e71
20260805_mvtec_final_validation_s2_k2,mvtec,2,2,tile,visual_prediction,D:\STUDY\My_github\sci_project\outputs\anomalydino\unified_matrix\seed_2_shot_2\predictions\tile.npz,80876226,1785988903069969200,a6f29e225991b2dd18ce6b883d4d3a3b1fc26b39bfbd33fbe331548a6bc391a7
20260805_mvtec_final_validation_s2_k2,mvtec,2,2,tile,text_prediction,D:\STUDY\My_github\sci_project\outputs\anomalyclip\mvtec_npz\tile.npz,112304392,1785299497375001300,6486169a3cd3bbb92f48ee6be52b8c0c378bd2eee264e61b1e998856d2143acb
20260805_mvtec_final_validation_s2_k2,mvtec,2,2,tile,text_sample_id_sidecar,D:\STUDY\My_github\sci_project\outputs\dynamic_fusion\sidecars\anomalyclip_mvtec_518\tile.sample_ids.npz,730,1785946553531205500,f25c42abdd09795f83d306fea8ab90a36016a2aacdd9bd200e21a6337f1ccc4f
20260805_mvtec_final_validation_s2_k2,mvtec,2,2,toothbrush,visual_prediction,D:\STUDY\My_github\sci_project\outputs\anomalydino\unified_matrix\seed_2_shot_2\predictions\toothbrush.npz,16800958,1785988904699754500,e2421131daca7fd662020f8254b961fa426f0ef717b79472d69c4b397ceccbe8
20260805_mvtec_final_validation_s2_k2,mvtec,2,2,toothbrush,text_prediction,D:\STUDY\My_github\sci_project\outputs\anomalyclip\mvtec_npz\toothbrush.npz,40392087,1785299486755523400,a37f01caf3ede9155cb5cac05acc980ea055ab3f51feb8825307ee9c347e1384
20260805_mvtec_final_validation_s2_k2,mvtec,2,2,toothbrush,text_sample_id_sidecar,D:\STUDY\My_github\sci_project\outputs\dynamic_fusion\sidecars\anomalyclip_mvtec_518\toothbrush.sample_ids.npz,416,1785946553888846800,71c093b7c35cea96f7f16be71e2dbf278c0da9b32bb115a2ae42406f46f1f9a4
20260805_mvtec_final_validation_s2_k2,mvtec,2,2,transistor,visual_prediction,D:\STUDY\My_github\sci_project\outputs\anomalydino\unified_matrix\seed_2_shot_2\predictions\transistor.npz,69034541,1785988910035351400,2f1cdd0b7fb6e9f84af41937bf232bedba5a6c6de467278fe7e5e7ab7db0c4cd
20260805_mvtec_final_validation_s2_k2,mvtec,2,2,transistor,text_prediction,D:\STUDY\My_github\sci_project\outputs\anomalyclip\mvtec_npz\transistor.npz,96802839,1785299474001434500,69e66925559c0fd155389e12a7544351ae7c30762535f1a47557f515cb346bf2
20260805_mvtec_final_validation_s2_k2,mvtec,2,2,transistor,text_sample_id_sidecar,D:\STUDY\My_github\sci_project\outputs\dynamic_fusion\sidecars\anomalyclip_mvtec_518\transistor.sample_ids.npz,689,1785946554144551400,a6622363a662b5b9655f0992f3ee14cafc3ae774067f556684725a957f640bcb
20260805_mvtec_final_validation_s2_k2,mvtec,2,2,wood,visual_prediction,D:\STUDY\My_github\sci_project\outputs\anomalydino\unified_matrix\seed_2_shot_2\predictions\wood.npz,54307484,1785988914520733800,339c5d72ca62cbb689ec291eb1cb55911448e53bd90747bffeb36e09a5bcdc63
20260805_mvtec_final_validation_s2_k2,mvtec,2,2,wood,text_prediction,D:\STUDY\My_github\sci_project\outputs\anomalyclip\mvtec_npz\wood.npz,75905302,1785299500611027100,28797b146567a590a5bcb1c316e565238e39e4e8e2d608eb62f2096b76f3df8f
20260805_mvtec_final_validation_s2_k2,mvtec,2,2,wood,text_sample_id_sidecar,D:\STUDY\My_github\sci_project\outputs\dynamic_fusion\sidecars\anomalyclip_mvtec_518\wood.sample_ids.npz,565,1785946554505211200,fa5540d48a8685f131fb4a75110b88787edd10c5558e702c45d0a2017af427bb
20260805_mvtec_final_validation_s2_k2,mvtec,2,2,zipper,visual_prediction,D:\STUDY\My_github\sci_project\outputs\anomalydino\unified_matrix\seed_2_shot_2\predictions\zipper.npz,105630740,1785988922403141800,677f30f235387c454e21a2202a188c39c9396b8c50b8f146ddf936a84afca0de
20260805_mvtec_final_validation_s2_k2,mvtec,2,2,zipper,text_prediction,D:\STUDY\My_github\sci_project\outputs\anomalyclip\mvtec_npz\zipper.npz,146032416,1785299492664852100,1025f09c4115f522c92f73dd8a43b7f55155137677d1c2bdc26d992f0891769c
20260805_mvtec_final_validation_s2_k2,mvtec,2,2,zipper,text_sample_id_sidecar,D:\STUDY\My_github\sci_project\outputs\dynamic_fusion\sidecars\anomalyclip_mvtec_518\zipper.sample_ids.npz,900,1785946554909042700,bc7f63eb85561adea674605db2264ac6eb0665f69190cbcbdcbc2a6c2c80f7b6
20260805_mvtec_final_validation_s2_k4,mvtec,2,4,bottle,visual_prediction,D:\STUDY\My_github\sci_project\outputs\anomalydino\unified_matrix\seed_2_shot_4\predictions\bottle.npz,58776375,1785990273563721300,ad8dc31bef6c20351b1a78c0b203e9625e01d5b134582e6844770b176ee9028a
20260805_mvtec_final_validation_s2_k4,mvtec,2,4,bottle,text_prediction,D:\STUDY\My_github\sci_project\outputs\anomalyclip\mvtec_npz\bottle.npz,80395581,1785299438080874700,533e243439559494e3c8ef719fd3e9026e2d812857c25ce729b20881335f2007
20260805_mvtec_final_validation_s2_k4,mvtec,2,4,bottle,text_sample_id_sidecar,D:\STUDY\My_github\sci_project\outputs\dynamic_fusion\sidecars\anomalyclip_mvtec_518\bottle.sample_ids.npz,594,1785946548976158400,74c7ce702c2cbafa781012d3010e47515da68d2a1e362cfcbbfa939e5eccf203
20260805_mvtec_final_validation_s2_k4,mvtec,2,4,cable,visual_prediction,D:\STUDY\My_github\sci_project\outputs\anomalydino\unified_matrix\seed_2_shot_4\predictions\cable.npz,103803411,1785990280512901300,3ef2e9a9772b91544a07b14b53c78d5630253899f9c59b750b533d0edddc51b8
20260805_mvtec_final_validation_s2_k4,mvtec,2,4,cable,text_prediction,D:\STUDY\My_github\sci_project\outputs\anomalyclip\mvtec_npz\cable.npz,144631682,1785299454113058000,97cdea7b527b798e5b32c042e6574a11422f52944f68024a82ef17ed3447ccde
20260805_mvtec_final_validation_s2_k4,mvtec,2,4,cable,text_sample_id_sidecar,D:\STUDY\My_github\sci_project\outputs\dynamic_fusion\sidecars\anomalyclip_mvtec_518\cable.sample_ids.npz,948,1785946549359201900,4b95eaba47d460b29268c6b1e30d27c06c965b59e0c4ef8863ec5b187d101283
20260805_mvtec_final_validation_s2_k4,mvtec,2,4,capsule,visual_prediction,D:\STUDY\My_github\sci_project\outputs\anomalydino\unified_matrix\seed_2_shot_4\predictions\capsule.npz,42873907,1785990284571451500,29c7bed04f1499a3fe7e3d840c38042a430efadaef0778e8dfd1b0e6d0fdc01a
20260805_mvtec_final_validation_s2_k4,mvtec,2,4,capsule,text_prediction,D:\STUDY\My_github\sci_project\outputs\anomalyclip\mvtec_npz\capsule.npz,122777856,1785299459959907600,c83fbed39c6bcea91182f3ee08d605098581d089b2743d557b13e8c02478c8a2
20260805_mvtec_final_validation_s2_k4,mvtec,2,4,capsule,text_sample_id_sidecar,D:\STUDY\My_github\sci_project\outputs\dynamic_fusion\sidecars\anomalyclip_mvtec_518\capsule.sample_ids.npz,804,1785946549858651000,8c1a7361ca51812ecf2b8f6a962030a81a68bddfa78d52a4e41c052db361f724
20260805_mvtec_final_validation_s2_k4,mvtec,2,4,carpet,visual_prediction,D:\STUDY\My_github\sci_project\outputs\anomalydino\unified_matrix\seed_2_shot_4\predictions\carpet.npz,81776259,1785990290119322700,d3bbd1ec680901a6a952ff5b237e1a860d0b6d4f03e4f209c09f215d5956310c
20260805_mvtec_final_validation_s2_k4,mvtec,2,4,carpet,text_prediction,D:\STUDY\My_github\sci_project\outputs\anomalyclip\mvtec_npz\carpet.npz,109719138,1785299434722809300,c6acafd5bb0c44946c8d77df7917a2617915b8e679c5e45f06610bd9b26c9300
20260805_mvtec_final_validation_s2_k4,mvtec,2,4,carpet,text_sample_id_sidecar,D:\STUDY\My_github\sci_project\outputs\dynamic_fusion\sidecars\anomalyclip_mvtec_518\carpet.sample_ids.npz,748,1785946550299217000,8d2d168638a265b2f92b5d2b40fc697799bd9b710a0222b568a9355eef2cd242
20260805_mvtec_final_validation_s2_k4,mvtec,2,4,grid,visual_prediction,D:\STUDY\My_github\sci_project\outputs\anomalydino\unified_matrix\seed_2_shot_4\predictions\grid.npz,54021958,1785990294354525000,fbff3ae5f866309dfb9239a790172c7cdf7821a66b3b6a4add3635821c830cc4
20260805_mvtec_final_validation_s2_k4,mvtec,2,4,grid,text_prediction,D:\STUDY\My_github\sci_project\outputs\anomalyclip\mvtec_npz\grid.npz,74449068,1785299463151146100,3401ebe9b9a1ad4069650e88acae3c30fb92381b04dc32b5606222d7c09b9aa4
20260805_mvtec_final_validation_s2_k4,mvtec,2,4,grid,text_sample_id_sidecar,D:\STUDY\My_github\sci_project\outputs\dynamic_fusion\sidecars\anomalyclip_mvtec_518\grid.sample_ids.npz,627,1785946550713938200,65aeffe03a2e8eb91b0f3ffd4f11cee8922d8ccd4f01a5c1f9e8ad3338bc5179
20260805_mvtec_final_validation_s2_k4,mvtec,2,4,hazelnut,visual_prediction,D:\STUDY\My_github\sci_project\outputs\anomalydino\unified_matrix\seed_2_shot_4\predictions\hazelnut.npz,48070183,1785990298081499600,f6c1258dfc852eff8ce7171064d3afc155f58dbf0329b21c3119df785d22ae32
20260805_mvtec_final_validation_s2_k4,mvtec,2,4,hazelnut,text_prediction,D:\STUDY\My_github\sci_project\outputs\anomalyclip\mvtec_npz\hazelnut.npz,104129984,1785299442764357600,a0fb15e55153308d2727a364e3b4a62781596dffefaed4ac22d09fc099e2e3d0
20260805_mvtec_final_validation_s2_k4,mvtec,2,4,hazelnut,text_sample_id_sidecar,D:\STUDY\My_github\sci_project\outputs\dynamic_fusion\sidecars\anomalyclip_mvtec_518\hazelnut.sample_ids.npz,666,1785946551057562200,44085a429de3bf92adbbb02d01191ea0eb7db85e3da97c10e182efa641b9a3ba
20260805_mvtec_final_validation_s2_k4,mvtec,2,4,leather,visual_prediction,D:\STUDY\My_github\sci_project\outputs\anomalydino\unified_matrix\seed_2_shot_4\predictions\leather.npz,86332138,1785990303887904800,07ced7f9a16e68c35cf6e7d55ebb1f29215602feb2cafe4f2eb6338cd74fda5b
20260805_mvtec_final_validation_s2_k4,mvtec,2,4,leather,text_prediction,D:\STUDY\My_github\sci_project\outputs\anomalyclip\mvtec_npz\leather.npz,117745411,1785299448045567600,c0970e228136d6cc6bfecbd169b8b18443952dbd26df72efb4913292814f85e6
20260805_mvtec_final_validation_s2_k4,mvtec,2,4,leather,text_sample_id_sidecar,D:\STUDY\My_github\sci_project\outputs\dynamic_fusion\sidecars\anomalyclip_mvtec_518\leather.sample_ids.npz,711,1785946551447284500,bcf74766e3392e4611990353264a1708f57967397a9556e48a3d3d57defb3c21
20260805_mvtec_final_validation_s2_k4,mvtec,2,4,metal_nut,visual_prediction,D:\STUDY\My_github\sci_project\outputs\anomalydino\unified_matrix\seed_2_shot_4\predictions\metal_nut.npz,80684932,1785990309195371200,eb487c5b353ce4c34998d2ad5923dac84f0e1b454996005f729fe8d780fbfed4
20260805_mvtec_final_validation_s2_k4,mvtec,2,4,metal_nut,text_prediction,D:\STUDY\My_github\sci_project\outputs\anomalyclip\mvtec_npz\metal_nut.npz,111536857,1785299478509590500,7b0be8ad61d09a58d0af7496c08a108b0a192d2fc0c130f19fcbdc6b230617e7
20260805_mvtec_final_validation_s2_k4,mvtec,2,4,metal_nut,text_sample_id_sidecar,D:\STUDY\My_github\sci_project\outputs\dynamic_fusion\sidecars\anomalyclip_mvtec_518\metal_nut.sample_ids.npz,699,1785946551876644800,0c8e19aece6fb40bbde56246265af1332edf6ae0c43bd144fff723bc64df9783
20260805_mvtec_final_validation_s2_k4,mvtec,2,4,pill,visual_prediction,D:\STUDY\My_github\sci_project\outputs\anomalydino\unified_matrix\seed_2_shot_4\predictions\pill.npz,76110377,1785990315222399400,6c0561eab0bee5f6031e0f0b0ef6504a47a3bb179afd8648a794570a1a6dd6d8
20260805_mvtec_final_validation_s2_k4,mvtec,2,4,pill,text_prediction,D:\STUDY\My_github\sci_project\outputs\anomalyclip\mvtec_npz\pill.npz,158551016,1785299470083609700,5eccddec199b6945de6c15751a18620d353d29a1f6a226af628bdbb300d58400
20260805_mvtec_final_validation_s2_k4,mvtec,2,4,pill,text_sample_id_sidecar,D:\STUDY\My_github\sci_project\outputs\dynamic_fusion\sidecars\anomalyclip_mvtec_518\pill.sample_ids.npz,963,1785946552347011500,80e11e3247d8a5287c4ce45dcf0371ad5f8d41b3014dc896022232e870558b38
20260805_mvtec_final_validation_s2_k4,mvtec,2,4,screw,visual_prediction,D:\STUDY\My_github\sci_project\outputs\anomalydino\unified_matrix\seed_2_shot_4\predictions\screw.npz,60629337,1785990320597671800,854d40c21cfe9c5f10a3411b3c069fec30947deb0d2e16a4b79e29b5c8990b20
20260805_mvtec_final_validation_s2_k4,mvtec,2,4,screw,text_prediction,D:\STUDY\My_github\sci_project\outputs\anomalyclip\mvtec_npz\screw.npz,152991292,1785299485045043100,2e6dd78cd69ca61f4cae05102daa4a212a4e8782ae80109b2b8867efd245321e
20260805_mvtec_final_validation_s2_k4,mvtec,2,4,screw,text_sample_id_sidecar,D:\STUDY\My_github\sci_project\outputs\dynamic_fusion\sidecars\anomalyclip_mvtec_518\screw.sample_ids.npz,944,1785946552975160800,a66f02f2a293b134ad59e2ea6ea29d4883e729986418b15d41e77c39b7fc7e71
20260805_mvtec_final_validation_s2_k4,mvtec,2,4,tile,visual_prediction,D:\STUDY\My_github\sci_project\outputs\anomalydino\unified_matrix\seed_2_shot_4\predictions\tile.npz,80778752,1785990326725815600,c3eb01db8f012ebc865a69e693066cb17f1b8762870911f1f210aa2d41bd1cc4
20260805_mvtec_final_validation_s2_k4,mvtec,2,4,tile,text_prediction,D:\STUDY\My_github\sci_project\outputs\anomalyclip\mvtec_npz\tile.npz,112304392,1785299497375001300,6486169a3cd3bbb92f48ee6be52b8c0c378bd2eee264e61b1e998856d2143acb
20260805_mvtec_final_validation_s2_k4,mvtec,2,4,tile,text_sample_id_sidecar,D:\STUDY\My_github\sci_project\outputs\dynamic_fusion\sidecars\anomalyclip_mvtec_518\tile.sample_ids.npz,730,1785946553531205500,f25c42abdd09795f83d306fea8ab90a36016a2aacdd9bd200e21a6337f1ccc4f
20260805_mvtec_final_validation_s2_k4,mvtec,2,4,toothbrush,visual_prediction,D:\STUDY\My_github\sci_project\outputs\anomalydino\unified_matrix\seed_2_shot_4\predictions\toothbrush.npz,16820505,1785990328395199100,0ef2db70eeadd484290c80ee27150ecacc4eb5b68c96c47e3fec6cc30c1a5555
20260805_mvtec_final_validation_s2_k4,mvtec,2,4,toothbrush,text_prediction,D:\STUDY\My_github\sci_project\outputs\anomalyclip\mvtec_npz\toothbrush.npz,40392087,1785299486755523400,a37f01caf3ede9155cb5cac05acc980ea055ab3f51feb8825307ee9c347e1384
20260805_mvtec_final_validation_s2_k4,mvtec,2,4,toothbrush,text_sample_id_sidecar,D:\STUDY\My_github\sci_project\outputs\dynamic_fusion\sidecars\anomalyclip_mvtec_518\toothbrush.sample_ids.npz,416,1785946553888846800,71c093b7c35cea96f7f16be71e2dbf278c0da9b32bb115a2ae42406f46f1f9a4
20260805_mvtec_final_validation_s2_k4,mvtec,2,4,transistor,visual_prediction,D:\STUDY\My_github\sci_project\outputs\anomalydino\unified_matrix\seed_2_shot_4\predictions\transistor.npz,68872907,1785990333451479500,99018cd99319c413e986f25368e118263a41008360376a6dbd007553ec931ce5
20260805_mvtec_final_validation_s2_k4,mvtec,2,4,transistor,text_prediction,D:\STUDY\My_github\sci_project\outputs\anomalyclip\mvtec_npz\transistor.npz,96802839,1785299474001434500,69e66925559c0fd155389e12a7544351ae7c30762535f1a47557f515cb346bf2
20260805_mvtec_final_validation_s2_k4,mvtec,2,4,transistor,text_sample_id_sidecar,D:\STUDY\My_github\sci_project\outputs\dynamic_fusion\sidecars\anomalyclip_mvtec_518\transistor.sample_ids.npz,689,1785946554144551400,a6622363a662b5b9655f0992f3ee14cafc3ae774067f556684725a957f640bcb
20260805_mvtec_final_validation_s2_k4,mvtec,2,4,wood,visual_prediction,D:\STUDY\My_github\sci_project\outputs\anomalydino\unified_matrix\seed_2_shot_4\predictions\wood.npz,54408994,1785990337651728700,982b2a3dcee07aed599307bc97684028498c5a0ad7725c4d6fda0f6b9c6e16e9
20260805_mvtec_final_validation_s2_k4,mvtec,2,4,wood,text_prediction,D:\STUDY\My_github\sci_project\outputs\anomalyclip\mvtec_npz\wood.npz,75905302,1785299500611027100,28797b146567a590a5bcb1c316e565238e39e4e8e2d608eb62f2096b76f3df8f
20260805_mvtec_final_validation_s2_k4,mvtec,2,4,wood,text_sample_id_sidecar,D:\STUDY\My_github\sci_project\outputs\dynamic_fusion\sidecars\anomalyclip_mvtec_518\wood.sample_ids.npz,565,1785946554505211200,fa5540d48a8685f131fb4a75110b88787edd10c5558e702c45d0a2017af427bb
20260805_mvtec_final_validation_s2_k4,mvtec,2,4,zipper,visual_prediction,D:\STUDY\My_github\sci_project\outputs\anomalydino\unified_matrix\seed_2_shot_4\predictions\zipper.npz,105962156,1785990345230236900,f35107f7733bcf7da068791e6b3de48a0e013ac54815f1fbd0a2f851ceeea42c
20260805_mvtec_final_validation_s2_k4,mvtec,2,4,zipper,text_prediction,D:\STUDY\My_github\sci_project\outputs\anomalyclip\mvtec_npz\zipper.npz,146032416,1785299492664852100,1025f09c4115f522c92f73dd8a43b7f55155137677d1c2bdc26d992f0891769c
20260805_mvtec_final_validation_s2_k4,mvtec,2,4,zipper,text_sample_id_sidecar,D:\STUDY\My_github\sci_project\outputs\dynamic_fusion\sidecars\anomalyclip_mvtec_518\zipper.sample_ids.npz,900,1785946554909042700,bc7f63eb85561adea674605db2264ac6eb0665f69190cbcbdcbc2a6c2c80f7b6
20260805_visa_final_validation_s1_k1,visa,1,1,candle,visual_prediction,D:\STUDY\My_github\sci_project\outputs\anomalydino\unified_matrix\seed_1_shot_1\predictions\candle.npz,111272030,1785253705119956300,679cfc3bb87b811c4ae97b65bcc7ea45497bf4127000a81d9ce19fd4fabbd115
20260805_visa_final_validation_s1_k1,visa,1,1,candle,text_prediction,D:\STUDY\My_github\sci_project\outputs\anomalyclip\visa_all_518_cached\candle.npz,189929765,1784942086047407400,7801b7f77867874b1f90b93c03e663f8fd5480ecc2d7f4e03c08080b7095ef34
20260805_visa_final_validation_s1_k1,visa,1,1,candle,text_sample_id_sidecar,D:\STUDY\My_github\sci_project\outputs\dynamic_fusion\sidecars\anomalyclip_visa_518_verified\candle.sample_ids.npz,960,1785422945181788900,9d3eca28648db2a65c901ac5f24b21472317f3ab6188cda758fd4a04cd8c916d
20260805_visa_final_validation_s1_k1,visa,1,1,capsules,visual_prediction,D:\STUDY\My_github\sci_project\outputs\anomalydino\unified_matrix\seed_1_shot_1\predictions\capsules.npz,64715749,1785253710445713800,e625218acefecb4cc0848d5df7342ffd7cf68f765eeed0288a2d29eb56e9ae46
20260805_visa_final_validation_s1_k1,visa,1,1,capsules,text_prediction,D:\STUDY\My_github\sci_project\outputs\anomalyclip\visa_all_518_cached\capsules.npz,152189645,1784942096404439700,74194f7eee079f30993d6b2ea667756b0fbdbede0da199661b1bed774bea6a04
20260805_visa_final_validation_s1_k1,visa,1,1,capsules,text_sample_id_sidecar,D:\STUDY\My_github\sci_project\outputs\dynamic_fusion\sidecars\anomalyclip_visa_518_verified\capsules.sample_ids.npz,829,1785422946657279200,3eda58db3a24be7b7c37de18cd9272e76f267215949eb04ff49b022def0670a6
20260805_visa_final_validation_s1_k1,visa,1,1,cashew,visual_prediction,D:\STUDY\My_github\sci_project\outputs\anomalydino\unified_matrix\seed_1_shot_1\predictions\cashew.npz,45770515,1785253714953701100,0afbea87f2b4a912a4d0139113977183c555dde4fd0c3e68ff9277076a5e1b35
20260805_visa_final_validation_s1_k1,visa,1,1,cashew,text_prediction,D:\STUDY\My_github\sci_project\outputs\anomalyclip\visa_all_518_cached\cashew.npz,142160161,1784942107716470800,c065d2d5aa7aa28b7b61e952c4cdac410a9e683e5d021905c990066a00a1eef4
20260805_visa_final_validation_s1_k1,visa,1,1,cashew,text_sample_id_sidecar,D:\STUDY\My_github\sci_project\outputs\dynamic_fusion\sidecars\anomalyclip_visa_518_verified\cashew.sample_ids.npz,772,1785422948014320900,6897059955703fae29ae517261723cf75a42a1ddb859744950fd56e24dac6de0
20260805_visa_final_validation_s1_k1,visa,1,1,chewinggum,visual_prediction,D:\STUDY\My_github\sci_project\outputs\anomalydino\unified_matrix\seed_1_shot_1\predictions\chewinggum.npz,44734382,1785253719386036300,9d1664e28d275ad852059e72bc7310d6a8c9cbe6eea7536aa8f29b8d9a3ead82
20260805_visa_final_validation_s1_k1,visa,1,1,chewinggum,text_prediction,D:\STUDY\My_github\sci_project\outputs\anomalyclip\visa_all_518_cached\chewinggum.npz,141410064,1784942117899414300,9a245c167b7450e2cce2b07e07008bd4044ed6cb5c87c48706c8767d81442bc4
20260805_visa_final_validation_s1_k1,visa,1,1,chewinggum,text_sample_id_sidecar,D:\STUDY\My_github\sci_project\outputs\dynamic_fusion\sidecars\anomalyclip_visa_518_verified\chewinggum.sample_ids.npz,802,1785422949373102100,9904232c17e09dc566ba7f71a31b5896a9acf292deb7d665cfd6faf90bc2ddcb
20260805_visa_final_validation_s1_k1,visa,1,1,fryum,visual_prediction,D:\STUDY\My_github\sci_project\outputs\anomalydino\unified_matrix\seed_1_shot_1\predictions\fryum.npz,31030673,1785253723208919200,17dcf13c0807b92a3c8e6fcae347b9df5152600214a9b80e605aea60396c1d9c
20260805_visa_final_validation_s1_k1,visa,1,1,fryum,text_prediction,D:\STUDY\My_github\sci_project\outputs\anomalyclip\visa_all_518_cached\fryum.npz,142952421,1784942128597601400,3d6550a10faf2847571007dcedb95bd93d7fa21597770c71cde3c1ac08a3440d
20260805_visa_final_validation_s1_k1,visa,1,1,fryum,text_sample_id_sidecar,D:\STUDY\My_github\sci_project\outputs\dynamic_fusion\sidecars\anomalyclip_visa_518_verified\fryum.sample_ids.npz,768,1785422950771865200,2b210975ff56f3638e6627ab02557b8331ea4dba6d053df21710d54548933534
20260805_visa_final_validation_s1_k1,visa,1,1,macaroni1,visual_prediction,D:\STUDY\My_github\sci_project\outputs\anomalydino\unified_matrix\seed_1_shot_1\predictions\macaroni1.npz,63209679,1785253728852717300,ffe2fc284d03aa26377d3c25e31f58660b3daa0e944c41c36a6bf16205c3a419
20260805_visa_final_validation_s1_k1,visa,1,1,macaroni1,text_prediction,D:\STUDY\My_github\sci_project\outputs\anomalyclip\visa_all_518_cached\macaroni1.npz,189377396,1784942143620646500,5ac59dc8196204380f857ea6cdd1e13d93ac7448da69666c2f6a0ac0ad4e6c13
20260805_visa_final_validation_s1_k1,visa,1,1,macaroni1,text_sample_id_sidecar,D:\STUDY\My_github\sci_project\outputs\dynamic_fusion\sidecars\anomalyclip_visa_518_verified\macaroni1.sample_ids.npz,990,1785422952134585900,959d7816b21daa77df3de4801b82a8e0a87d8484d63d9268c41ffeb5f5a36a3f
20260805_visa_final_validation_s1_k1,visa,1,1,macaroni2,visual_prediction,D:\STUDY\My_github\sci_project\outputs\anomalydino\unified_matrix\seed_1_shot_1\predictions\macaroni2.npz,68732431,1785253734762270700,f51ac078b36f9effb26db83d0e46abef763af84f3c63f080d1b6a7d5956847c6
20260805_visa_final_validation_s1_k1,visa,1,1,macaroni2,text_prediction,D:\STUDY\My_github\sci_project\outputs\anomalyclip\visa_all_518_cached\macaroni2.npz,190936894,1784942156354684100,1d00eae8e8541bddfb8ec666c888552a10b5453ee0c6d5836db7eb779c5a7648
20260805_visa_final_validation_s1_k1,visa,1,1,macaroni2,text_sample_id_sidecar,D:\STUDY\My_github\sci_project\outputs\dynamic_fusion\sidecars\anomalyclip_visa_518_verified\macaroni2.sample_ids.npz,989,1785422953570930800,8bd64241f788688b910829811e2bd24b6e585af9e99757c82957793cec4d5408
20260805_visa_final_validation_s1_k1,visa,1,1,pcb1,visual_prediction,D:\STUDY\My_github\sci_project\outputs\anomalydino\unified_matrix\seed_1_shot_1\predictions\pcb1.npz,60330848,1785253740774670100,f4815ce9f935ac659bede1e122e8e8314889d6f29326f2511f322308c50f950f
20260805_visa_final_validation_s1_k1,visa,1,1,pcb1,text_prediction,D:\STUDY\My_github\sci_project\outputs\anomalyclip\visa_all_518_cached\pcb1.npz,189785912,1784942171093738900,e34b7a7a1ea8beb8106a3abd109fc6dd9cede842900eaeb751dd9b7c74c69154
20260805_visa_final_validation_s1_k1,visa,1,1,pcb1,text_sample_id_sidecar,D:\STUDY\My_github\sci_project\outputs\dynamic_fusion\sidecars\anomalyclip_visa_518_verified\pcb1.sample_ids.npz,950,1785422955080511900,cc51a4af36b2a7f4fc49254b1d4d84526dc192c835877e6ecf3f94980db298a0
20260805_visa_final_validation_s1_k1,visa,1,1,pcb2,visual_prediction,D:\STUDY\My_github\sci_project\outputs\anomalydino\unified_matrix\seed_1_shot_1\predictions\pcb2.npz,62133154,1785253746827782700,b449c3dbec32b03bbe36a61d1d606590c3ea50c3c3cf3033aef1218313ba6654
20260805_visa_final_validation_s1_k1,visa,1,1,pcb2,text_prediction,D:\STUDY\My_github\sci_project\outputs\anomalyclip\visa_all_518_cached\pcb2.npz,189775159,1784942185481685100,7cf5e19c99ff58fb837513628c65bf225ca19454059b6a4e668afe2e61a3417e
20260805_visa_final_validation_s1_k1,visa,1,1,pcb2,text_sample_id_sidecar,D:\STUDY\My_github\sci_project\outputs\dynamic_fusion\sidecars\anomalyclip_visa_518_verified\pcb2.sample_ids.npz,953,1785422956591218700,f3034ab03d90e211142cd46f5647f83c9ac82f8e1699c6f5b70ec3c545a0d80f
20260805_visa_final_validation_s1_k1,visa,1,1,pcb3,visual_prediction,D:\STUDY\My_github\sci_project\outputs\anomalydino\unified_matrix\seed_1_shot_1\predictions\pcb3.npz,48070528,1785253752073557200,0eb5ac235babe30bc109ae8f75eb9ea9e4576d5e617c989acdc4a96e8042e220
20260805_visa_final_validation_s1_k1,visa,1,1,pcb3,text_prediction,D:\STUDY\My_github\sci_project\outputs\anomalyclip\visa_all_518_cached\pcb3.npz,188598925,1784942201091103800,b970c1208a7690eb4840a4e909f48d5e41e622f25db471e7dbee6fb647e09642
20260805_visa_final_validation_s1_k1,visa,1,1,pcb3,text_sample_id_sidecar,D:\STUDY\My_github\sci_project\outputs\dynamic_fusion\sidecars\anomalyclip_visa_518_verified\pcb3.sample_ids.npz,958,1785422958081991700,fdcfb0b362ecc52ac32c81d0c7d588e377e45b79cb759c8717ff695ff7f1e0ab
20260805_visa_final_validation_s1_k1,visa,1,1,pcb4,visual_prediction,D:\STUDY\My_github\sci_project\outputs\anomalydino\unified_matrix\seed_1_shot_1\predictions\pcb4.npz,62702161,1785253758030269600,86546e956e079df7ba83fd34fc292ed6593a30bc425700a0f2656b7da88b54bb
20260805_visa_final_validation_s1_k1,visa,1,1,pcb4,text_prediction,D:\STUDY\My_github\sci_project\outputs\anomalyclip\visa_all_518_cached\pcb4.npz,191700568,1784942214314847900,1994085978ca463d7e879dbedf2805468eaab0a7263840bc26e27bc853ec4728
20260805_visa_final_validation_s1_k1,visa,1,1,pcb4,text_sample_id_sidecar,D:\STUDY\My_github\sci_project\outputs\dynamic_fusion\sidecars\anomalyclip_visa_518_verified\pcb4.sample_ids.npz,951,1785422959777554700,191d2cec0da17b1032acbedc1c5677bb381bb530a25a78b63af10261e09b79e6
20260805_visa_final_validation_s1_k1,visa,1,1,pipe_fryum,visual_prediction,D:\STUDY\My_github\sci_project\outputs\anomalydino\unified_matrix\seed_1_shot_1\predictions\pipe_fryum.npz,48747058,1785253762623713300,19590683fb2f364f9f95ba549a71eb4a16d9fbed79ea7c525b8bb1f738a3d07b
20260805_visa_final_validation_s1_k1,visa,1,1,pipe_fryum,text_prediction,D:\STUDY\My_github\sci_project\outputs\anomalyclip\visa_all_518_cached\pipe_fryum.npz,141935575,1784942225554523100,bbdc05068b4bdbc4bf2daae2d29cd14ba4cd783d10049e67043636a705556397
20260805_visa_final_validation_s1_k1,visa,1,1,pipe_fryum,text_sample_id_sidecar,D:\STUDY\My_github\sci_project\outputs\dynamic_fusion\sidecars\anomalyclip_visa_518_verified\pipe_fryum.sample_ids.npz,806,1785422961380837400,9be3dcc86c366fe7244cda3c7a4466e52bbac5bf5cd60b88625be0460f36d885
20260805_visa_final_validation_s1_k2,visa,1,2,candle,visual_prediction,D:\STUDY\My_github\sci_project\outputs\anomalydino\unified_matrix\seed_1_shot_2\predictions\candle.npz,111423416,1785254144412775300,05816b89e450bb09ae3d78aca46d7f3440ebf46bb18f3041403e1be1aac79e4f
20260805_visa_final_validation_s1_k2,visa,1,2,candle,text_prediction,D:\STUDY\My_github\sci_project\outputs\anomalyclip\visa_all_518_cached\candle.npz,189929765,1784942086047407400,7801b7f77867874b1f90b93c03e663f8fd5480ecc2d7f4e03c08080b7095ef34
20260805_visa_final_validation_s1_k2,visa,1,2,candle,text_sample_id_sidecar,D:\STUDY\My_github\sci_project\outputs\dynamic_fusion\sidecars\anomalyclip_visa_518_verified\candle.sample_ids.npz,960,1785422945181788900,9d3eca28648db2a65c901ac5f24b21472317f3ab6188cda758fd4a04cd8c916d
20260805_visa_final_validation_s1_k2,visa,1,2,capsules,visual_prediction,D:\STUDY\My_github\sci_project\outputs\anomalydino\unified_matrix\seed_1_shot_2\predictions\capsules.npz,64802307,1785254149715274700,6226e3c9e8e9a4b63888a4d99b990ee64bf9d519add0044a947deab80e7f9349
20260805_visa_final_validation_s1_k2,visa,1,2,capsules,text_prediction,D:\STUDY\My_github\sci_project\outputs\anomalyclip\visa_all_518_cached\capsules.npz,152189645,1784942096404439700,74194f7eee079f30993d6b2ea667756b0fbdbede0da199661b1bed774bea6a04
20260805_visa_final_validation_s1_k2,visa,1,2,capsules,text_sample_id_sidecar,D:\STUDY\My_github\sci_project\outputs\dynamic_fusion\sidecars\anomalyclip_visa_518_verified\capsules.sample_ids.npz,829,1785422946657279200,3eda58db3a24be7b7c37de18cd9272e76f267215949eb04ff49b022def0670a6
20260805_visa_final_validation_s1_k2,visa,1,2,cashew,visual_prediction,D:\STUDY\My_github\sci_project\outputs\anomalydino\unified_matrix\seed_1_shot_2\predictions\cashew.npz,45729680,1785254154222682500,ac10173eeeacf9af5d388194c75eb7a7e76ead29bb8cc24052349698df1b3f4c
20260805_visa_final_validation_s1_k2,visa,1,2,cashew,text_prediction,D:\STUDY\My_github\sci_project\outputs\anomalyclip\visa_all_518_cached\cashew.npz,142160161,1784942107716470800,c065d2d5aa7aa28b7b61e952c4cdac410a9e683e5d021905c990066a00a1eef4
20260805_visa_final_validation_s1_k2,visa,1,2,cashew,text_sample_id_sidecar,D:\STUDY\My_github\sci_project\outputs\dynamic_fusion\sidecars\anomalyclip_visa_518_verified\cashew.sample_ids.npz,772,1785422948014320900,6897059955703fae29ae517261723cf75a42a1ddb859744950fd56e24dac6de0
20260805_visa_final_validation_s1_k2,visa,1,2,chewinggum,visual_prediction,D:\STUDY\My_github\sci_project\outputs\anomalydino\unified_matrix\seed_1_shot_2\predictions\chewinggum.npz,44699034,1785254158685436500,973f33fc8d7e4773ae917452154edbb8131df2a8e29c9e21989e5ac534ff2158
20260805_visa_final_validation_s1_k2,visa,1,2,chewinggum,text_prediction,D:\STUDY\My_github\sci_project\outputs\anomalyclip\visa_all_518_cached\chewinggum.npz,141410064,1784942117899414300,9a245c167b7450e2cce2b07e07008bd4044ed6cb5c87c48706c8767d81442bc4
20260805_visa_final_validation_s1_k2,visa,1,2,chewinggum,text_sample_id_sidecar,D:\STUDY\My_github\sci_project\outputs\dynamic_fusion\sidecars\anomalyclip_visa_518_verified\chewinggum.sample_ids.npz,802,1785422949373102100,9904232c17e09dc566ba7f71a31b5896a9acf292deb7d665cfd6faf90bc2ddcb
20260805_visa_final_validation_s1_k2,visa,1,2,fryum,visual_prediction,D:\STUDY\My_github\sci_project\outputs\anomalydino\unified_matrix\seed_1_shot_2\predictions\fryum.npz,31058162,1785254162526841600,ae1975d9df27a4c1e95bee5c10142c9a61fbde211c3594253ba499c4578ffde0
20260805_visa_final_validation_s1_k2,visa,1,2,fryum,text_prediction,D:\STUDY\My_github\sci_project\outputs\anomalyclip\visa_all_518_cached\fryum.npz,142952421,1784942128597601400,3d6550a10faf2847571007dcedb95bd93d7fa21597770c71cde3c1ac08a3440d
20260805_visa_final_validation_s1_k2,visa,1,2,fryum,text_sample_id_sidecar,D:\STUDY\My_github\sci_project\outputs\dynamic_fusion\sidecars\anomalyclip_visa_518_verified\fryum.sample_ids.npz,768,1785422950771865200,2b210975ff56f3638e6627ab02557b8331ea4dba6d053df21710d54548933534
20260805_visa_final_validation_s1_k2,visa,1,2,macaroni1,visual_prediction,D:\STUDY\My_github\sci_project\outputs\anomalydino\unified_matrix\seed_1_shot_2\predictions\macaroni1.npz,63436382,1785254168164623600,9d3be96454389a12427fcf25c93c40eafa37d941bd26ea66e9ce37b698b42498
20260805_visa_final_validation_s1_k2,visa,1,2,macaroni1,text_prediction,D:\STUDY\My_github\sci_project\outputs\anomalyclip\visa_all_518_cached\macaroni1.npz,189377396,1784942143620646500,5ac59dc8196204380f857ea6cdd1e13d93ac7448da69666c2f6a0ac0ad4e6c13
20260805_visa_final_validation_s1_k2,visa,1,2,macaroni1,text_sample_id_sidecar,D:\STUDY\My_github\sci_project\outputs\dynamic_fusion\sidecars\anomalyclip_visa_518_verified\macaroni1.sample_ids.npz,990,1785422952134585900,959d7816b21daa77df3de4801b82a8e0a87d8484d63d9268c41ffeb5f5a36a3f
20260805_visa_final_validation_s1_k2,visa,1,2,macaroni2,visual_prediction,D:\STUDY\My_github\sci_project\outputs\anomalydino\unified_matrix\seed_1_shot_2\predictions\macaroni2.npz,68524151,1785254174125633500,670fc38de55f65c79f8213f302ade4b36c8727cd9cd67fec2f37109c007921de
20260805_visa_final_validation_s1_k2,visa,1,2,macaroni2,text_prediction,D:\STUDY\My_github\sci_project\outputs\anomalyclip\visa_all_518_cached\macaroni2.npz,190936894,1784942156354684100,1d00eae8e8541bddfb8ec666c888552a10b5453ee0c6d5836db7eb779c5a7648
20260805_visa_final_validation_s1_k2,visa,1,2,macaroni2,text_sample_id_sidecar,D:\STUDY\My_github\sci_project\outputs\dynamic_fusion\sidecars\anomalyclip_visa_518_verified\macaroni2.sample_ids.npz,989,1785422953570930800,8bd64241f788688b910829811e2bd24b6e585af9e99757c82957793cec4d5408
20260805_visa_final_validation_s1_k2,visa,1,2,pcb1,visual_prediction,D:\STUDY\My_github\sci_project\outputs\anomalydino\unified_matrix\seed_1_shot_2\predictions\pcb1.npz,60534073,1785254179889227600,69f0e7f1bc54a73434ac96ac1e74cb4035c674c45d3b26a317f838301131e55a
20260805_visa_final_validation_s1_k2,visa,1,2,pcb1,text_prediction,D:\STUDY\My_github\sci_project\outputs\anomalyclip\visa_all_518_cached\pcb1.npz,189785912,1784942171093738900,e34b7a7a1ea8beb8106a3abd109fc6dd9cede842900eaeb751dd9b7c74c69154
20260805_visa_final_validation_s1_k2,visa,1,2,pcb1,text_sample_id_sidecar,D:\STUDY\My_github\sci_project\outputs\dynamic_fusion\sidecars\anomalyclip_visa_518_verified\pcb1.sample_ids.npz,950,1785422955080511900,cc51a4af36b2a7f4fc49254b1d4d84526dc192c835877e6ecf3f94980db298a0
20260805_visa_final_validation_s1_k2,visa,1,2,pcb2,visual_prediction,D:\STUDY\My_github\sci_project\outputs\anomalydino\unified_matrix\seed_1_shot_2\predictions\pcb2.npz,62403181,1785254185739107400,74a346839dc24f6bea7cf813e39525f096347022d83785677132e820a0e1ac95
20260805_visa_final_validation_s1_k2,visa,1,2,pcb2,text_prediction,D:\STUDY\My_github\sci_project\outputs\anomalyclip\visa_all_518_cached\pcb2.npz,189775159,1784942185481685100,7cf5e19c99ff58fb837513628c65bf225ca19454059b6a4e668afe2e61a3417e
20260805_visa_final_validation_s1_k2,visa,1,2,pcb2,text_sample_id_sidecar,D:\STUDY\My_github\sci_project\outputs\dynamic_fusion\sidecars\anomalyclip_visa_518_verified\pcb2.sample_ids.npz,953,1785422956591218700,f3034ab03d90e211142cd46f5647f83c9ac82f8e1699c6f5b70ec3c545a0d80f
20260805_visa_final_validation_s1_k2,visa,1,2,pcb3,visual_prediction,D:\STUDY\My_github\sci_project\outputs\anomalydino\unified_matrix\seed_1_shot_2\predictions\pcb3.npz,48009733,1785254190941094000,3da031f996fe60f1278d4e2115504f8a22719b185cd936182953dbafdc3c476d
20260805_visa_final_validation_s1_k2,visa,1,2,pcb3,text_prediction,D:\STUDY\My_github\sci_project\outputs\anomalyclip\visa_all_518_cached\pcb3.npz,188598925,1784942201091103800,b970c1208a7690eb4840a4e909f48d5e41e622f25db471e7dbee6fb647e09642
20260805_visa_final_validation_s1_k2,visa,1,2,pcb3,text_sample_id_sidecar,D:\STUDY\My_github\sci_project\outputs\dynamic_fusion\sidecars\anomalyclip_visa_518_verified\pcb3.sample_ids.npz,958,1785422958081991700,fdcfb0b362ecc52ac32c81d0c7d588e377e45b79cb759c8717ff695ff7f1e0ab
20260805_visa_final_validation_s1_k2,visa,1,2,pcb4,visual_prediction,D:\STUDY\My_github\sci_project\outputs\anomalydino\unified_matrix\seed_1_shot_2\predictions\pcb4.npz,62717925,1785254196895935000,9bc654bd51d3f54c964b64a16d19520a080a00e7218e6b4e79d13e837f38d560
20260805_visa_final_validation_s1_k2,visa,1,2,pcb4,text_prediction,D:\STUDY\My_github\sci_project\outputs\anomalyclip\visa_all_518_cached\pcb4.npz,191700568,1784942214314847900,1994085978ca463d7e879dbedf2805468eaab0a7263840bc26e27bc853ec4728
20260805_visa_final_validation_s1_k2,visa,1,2,pcb4,text_sample_id_sidecar,D:\STUDY\My_github\sci_project\outputs\dynamic_fusion\sidecars\anomalyclip_visa_518_verified\pcb4.sample_ids.npz,951,1785422959777554700,191d2cec0da17b1032acbedc1c5677bb381bb530a25a78b63af10261e09b79e6
20260805_visa_final_validation_s1_k2,visa,1,2,pipe_fryum,visual_prediction,D:\STUDY\My_github\sci_project\outputs\anomalydino\unified_matrix\seed_1_shot_2\predictions\pipe_fryum.npz,48729329,1785254201588151300,f34dd4f5c33514678c03c8cc07a57de2246133f4eb36e41582e1130ca218e939
20260805_visa_final_validation_s1_k2,visa,1,2,pipe_fryum,text_prediction,D:\STUDY\My_github\sci_project\outputs\anomalyclip\visa_all_518_cached\pipe_fryum.npz,141935575,1784942225554523100,bbdc05068b4bdbc4bf2daae2d29cd14ba4cd783d10049e67043636a705556397
20260805_visa_final_validation_s1_k2,visa,1,2,pipe_fryum,text_sample_id_sidecar,D:\STUDY\My_github\sci_project\outputs\dynamic_fusion\sidecars\anomalyclip_visa_518_verified\pipe_fryum.sample_ids.npz,806,1785422961380837400,9be3dcc86c366fe7244cda3c7a4466e52bbac5bf5cd60b88625be0460f36d885
20260805_visa_final_validation_s1_k4,visa,1,4,candle,visual_prediction,D:\STUDY\My_github\sci_project\outputs\anomalydino\unified_matrix\seed_1_shot_4\predictions\candle.npz,111734462,1785254687232813100,862a248800eca95b0052fba0983d88b4beda44f7c43767de50b1992360f00f6a
20260805_visa_final_validation_s1_k4,visa,1,4,candle,text_prediction,D:\STUDY\My_github\sci_project\outputs\anomalyclip\visa_all_518_cached\candle.npz,189929765,1784942086047407400,7801b7f77867874b1f90b93c03e663f8fd5480ecc2d7f4e03c08080b7095ef34
20260805_visa_final_validation_s1_k4,visa,1,4,candle,text_sample_id_sidecar,D:\STUDY\My_github\sci_project\outputs\dynamic_fusion\sidecars\anomalyclip_visa_518_verified\candle.sample_ids.npz,960,1785422945181788900,9d3eca28648db2a65c901ac5f24b21472317f3ab6188cda758fd4a04cd8c916d
20260805_visa_final_validation_s1_k4,visa,1,4,capsules,visual_prediction,D:\STUDY\My_github\sci_project\outputs\anomalydino\unified_matrix\seed_1_shot_4\predictions\capsules.npz,64821401,1785254692603368900,939ea226fcdc8ed69924d0acefdb6548eb25055f2c757906a3c94b517e243642
20260805_visa_final_validation_s1_k4,visa,1,4,capsules,text_prediction,D:\STUDY\My_github\sci_project\outputs\anomalyclip\visa_all_518_cached\capsules.npz,152189645,1784942096404439700,74194f7eee079f30993d6b2ea667756b0fbdbede0da199661b1bed774bea6a04
20260805_visa_final_validation_s1_k4,visa,1,4,capsules,text_sample_id_sidecar,D:\STUDY\My_github\sci_project\outputs\dynamic_fusion\sidecars\anomalyclip_visa_518_verified\capsules.sample_ids.npz,829,1785422946657279200,3eda58db3a24be7b7c37de18cd9272e76f267215949eb04ff49b022def0670a6
20260805_visa_final_validation_s1_k4,visa,1,4,cashew,visual_prediction,D:\STUDY\My_github\sci_project\outputs\anomalydino\unified_matrix\seed_1_shot_4\predictions\cashew.npz,45736868,1785254697119827800,b6035eeb4e8c3524f053fcdfdfd53d0590573a6f806ed52027f21ee253d8ea92
20260805_visa_final_validation_s1_k4,visa,1,4,cashew,text_prediction,D:\STUDY\My_github\sci_project\outputs\anomalyclip\visa_all_518_cached\cashew.npz,142160161,1784942107716470800,c065d2d5aa7aa28b7b61e952c4cdac410a9e683e5d021905c990066a00a1eef4
20260805_visa_final_validation_s1_k4,visa,1,4,cashew,text_sample_id_sidecar,D:\STUDY\My_github\sci_project\outputs\dynamic_fusion\sidecars\anomalyclip_visa_518_verified\cashew.sample_ids.npz,772,1785422948014320900,6897059955703fae29ae517261723cf75a42a1ddb859744950fd56e24dac6de0
20260805_visa_final_validation_s1_k4,visa,1,4,chewinggum,visual_prediction,D:\STUDY\My_github\sci_project\outputs\anomalydino\unified_matrix\seed_1_shot_4\predictions\chewinggum.npz,44699624,1785254701655016300,0474e30221db2fe34bc069312c2c9f8e01da84c8a8afaa9f6e42aeb9caa0246f
20260805_visa_final_validation_s1_k4,visa,1,4,chewinggum,text_prediction,D:\STUDY\My_github\sci_project\outputs\anomalyclip\visa_all_518_cached\chewinggum.npz,141410064,1784942117899414300,9a245c167b7450e2cce2b07e07008bd4044ed6cb5c87c48706c8767d81442bc4
20260805_visa_final_validation_s1_k4,visa,1,4,chewinggum,text_sample_id_sidecar,D:\STUDY\My_github\sci_project\outputs\dynamic_fusion\sidecars\anomalyclip_visa_518_verified\chewinggum.sample_ids.npz,802,1785422949373102100,9904232c17e09dc566ba7f71a31b5896a9acf292deb7d665cfd6faf90bc2ddcb
20260805_visa_final_validation_s1_k4,visa,1,4,fryum,visual_prediction,D:\STUDY\My_github\sci_project\outputs\anomalydino\unified_matrix\seed_1_shot_4\predictions\fryum.npz,31092793,1785254705543144600,9ec280fe24fe8b1f2a5bfabbb775f362b5b218ac0f2d589ee6daf0f08e0f3561
20260805_visa_final_validation_s1_k4,visa,1,4,fryum,text_prediction,D:\STUDY\My_github\sci_project\outputs\anomalyclip\visa_all_518_cached\fryum.npz,142952421,1784942128597601400,3d6550a10faf2847571007dcedb95bd93d7fa21597770c71cde3c1ac08a3440d
20260805_visa_final_validation_s1_k4,visa,1,4,fryum,text_sample_id_sidecar,D:\STUDY\My_github\sci_project\outputs\dynamic_fusion\sidecars\anomalyclip_visa_518_verified\fryum.sample_ids.npz,768,1785422950771865200,2b210975ff56f3638e6627ab02557b8331ea4dba6d053df21710d54548933534
20260805_visa_final_validation_s1_k4,visa,1,4,macaroni1,visual_prediction,D:\STUDY\My_github\sci_project\outputs\anomalydino\unified_matrix\seed_1_shot_4\predictions\macaroni1.npz,63622902,1785254711141934000,48315c832b3d697688312ac8b5c066d38619f3ea28db0b932fe05ff7fdb99258
20260805_visa_final_validation_s1_k4,visa,1,4,macaroni1,text_prediction,D:\STUDY\My_github\sci_project\outputs\anomalyclip\visa_all_518_cached\macaroni1.npz,189377396,1784942143620646500,5ac59dc8196204380f857ea6cdd1e13d93ac7448da69666c2f6a0ac0ad4e6c13
20260805_visa_final_validation_s1_k4,visa,1,4,macaroni1,text_sample_id_sidecar,D:\STUDY\My_github\sci_project\outputs\dynamic_fusion\sidecars\anomalyclip_visa_518_verified\macaroni1.sample_ids.npz,990,1785422952134585900,959d7816b21daa77df3de4801b82a8e0a87d8484d63d9268c41ffeb5f5a36a3f
20260805_visa_final_validation_s1_k4,visa,1,4,macaroni2,visual_prediction,D:\STUDY\My_github\sci_project\outputs\anomalydino\unified_matrix\seed_1_shot_4\predictions\macaroni2.npz,68496633,1785254717063534900,c8f577ded58ca16f77f247fa4a37ac614351a2b6b6abf032f85410694df7e5b8
20260805_visa_final_validation_s1_k4,visa,1,4,macaroni2,text_prediction,D:\STUDY\My_github\sci_project\outputs\anomalyclip\visa_all_518_cached\macaroni2.npz,190936894,1784942156354684100,1d00eae8e8541bddfb8ec666c888552a10b5453ee0c6d5836db7eb779c5a7648
20260805_visa_final_validation_s1_k4,visa,1,4,macaroni2,text_sample_id_sidecar,D:\STUDY\My_github\sci_project\outputs\dynamic_fusion\sidecars\anomalyclip_visa_518_verified\macaroni2.sample_ids.npz,989,1785422953570930800,8bd64241f788688b910829811e2bd24b6e585af9e99757c82957793cec4d5408
20260805_visa_final_validation_s1_k4,visa,1,4,pcb1,visual_prediction,D:\STUDY\My_github\sci_project\outputs\anomalydino\unified_matrix\seed_1_shot_4\predictions\pcb1.npz,60848049,1785254722894710500,40ebadf8ec2449c1aa26d9303afc99a12d69731cf4c54488a9e47b38684afba1
20260805_visa_final_validation_s1_k4,visa,1,4,pcb1,text_prediction,D:\STUDY\My_github\sci_project\outputs\anomalyclip\visa_all_518_cached\pcb1.npz,189785912,1784942171093738900,e34b7a7a1ea8beb8106a3abd109fc6dd9cede842900eaeb751dd9b7c74c69154
20260805_visa_final_validation_s1_k4,visa,1,4,pcb1,text_sample_id_sidecar,D:\STUDY\My_github\sci_project\outputs\dynamic_fusion\sidecars\anomalyclip_visa_518_verified\pcb1.sample_ids.npz,950,1785422955080511900,cc51a4af36b2a7f4fc49254b1d4d84526dc192c835877e6ecf3f94980db298a0
20260805_visa_final_validation_s1_k4,visa,1,4,pcb2,visual_prediction,D:\STUDY\My_github\sci_project\outputs\anomalydino\unified_matrix\seed_1_shot_4\predictions\pcb2.npz,62550869,1785254728736800400,b5f8703b58b11158bd15dfe47b6fbf68a52f927859e8e81eb9b6d7cf105b81d6
20260805_visa_final_validation_s1_k4,visa,1,4,pcb2,text_prediction,D:\STUDY\My_github\sci_project\outputs\anomalyclip\visa_all_518_cached\pcb2.npz,189775159,1784942185481685100,7cf5e19c99ff58fb837513628c65bf225ca19454059b6a4e668afe2e61a3417e
20260805_visa_final_validation_s1_k4,visa,1,4,pcb2,text_sample_id_sidecar,D:\STUDY\My_github\sci_project\outputs\dynamic_fusion\sidecars\anomalyclip_visa_518_verified\pcb2.sample_ids.npz,953,1785422956591218700,f3034ab03d90e211142cd46f5647f83c9ac82f8e1699c6f5b70ec3c545a0d80f
20260805_visa_final_validation_s1_k4,visa,1,4,pcb3,visual_prediction,D:\STUDY\My_github\sci_project\outputs\anomalydino\unified_matrix\seed_1_shot_4\predictions\pcb3.npz,48091552,1785254733931182600,974e054c823e14d24431ae1c8603622dfa8471b2f22afc890796be4a1de6a4d2
20260805_visa_final_validation_s1_k4,visa,1,4,pcb3,text_prediction,D:\STUDY\My_github\sci_project\outputs\anomalyclip\visa_all_518_cached\pcb3.npz,188598925,1784942201091103800,b970c1208a7690eb4840a4e909f48d5e41e622f25db471e7dbee6fb647e09642
20260805_visa_final_validation_s1_k4,visa,1,4,pcb3,text_sample_id_sidecar,D:\STUDY\My_github\sci_project\outputs\dynamic_fusion\sidecars\anomalyclip_visa_518_verified\pcb3.sample_ids.npz,958,1785422958081991700,fdcfb0b362ecc52ac32c81d0c7d588e377e45b79cb759c8717ff695ff7f1e0ab
20260805_visa_final_validation_s1_k4,visa,1,4,pcb4,visual_prediction,D:\STUDY\My_github\sci_project\outputs\anomalydino\unified_matrix\seed_1_shot_4\predictions\pcb4.npz,62816586,1785254739776798300,4ef8c826020c306b8d74cc498c979635810e3706125826943768bdd9ffe94c23
20260805_visa_final_validation_s1_k4,visa,1,4,pcb4,text_prediction,D:\STUDY\My_github\sci_project\outputs\anomalyclip\visa_all_518_cached\pcb4.npz,191700568,1784942214314847900,1994085978ca463d7e879dbedf2805468eaab0a7263840bc26e27bc853ec4728
20260805_visa_final_validation_s1_k4,visa,1,4,pcb4,text_sample_id_sidecar,D:\STUDY\My_github\sci_project\outputs\dynamic_fusion\sidecars\anomalyclip_visa_518_verified\pcb4.sample_ids.npz,951,1785422959777554700,191d2cec0da17b1032acbedc1c5677bb381bb530a25a78b63af10261e09b79e6
20260805_visa_final_validation_s1_k4,visa,1,4,pipe_fryum,visual_prediction,D:\STUDY\My_github\sci_project\outputs\anomalydino\unified_matrix\seed_1_shot_4\predictions\pipe_fryum.npz,48684768,1785254744400165200,4587b05f98c9afe0125dd522ddaba112d1ca2ccd80afae0333952f14f5e02159
20260805_visa_final_validation_s1_k4,visa,1,4,pipe_fryum,text_prediction,D:\STUDY\My_github\sci_project\outputs\anomalyclip\visa_all_518_cached\pipe_fryum.npz,141935575,1784942225554523100,bbdc05068b4bdbc4bf2daae2d29cd14ba4cd783d10049e67043636a705556397
20260805_visa_final_validation_s1_k4,visa,1,4,pipe_fryum,text_sample_id_sidecar,D:\STUDY\My_github\sci_project\outputs\dynamic_fusion\sidecars\anomalyclip_visa_518_verified\pipe_fryum.sample_ids.npz,806,1785422961380837400,9be3dcc86c366fe7244cda3c7a4466e52bbac5bf5cd60b88625be0460f36d885
20260805_visa_final_validation_s2_k1,visa,2,1,candle,visual_prediction,D:\STUDY\My_github\sci_project\outputs\anomalydino\unified_matrix\seed_2_shot_1\predictions\candle.npz,111489243,1785255076784115000,2ba2feb554c326aa8e80c08b5073627de1d64d4d0465998e14682191a1779764
20260805_visa_final_validation_s2_k1,visa,2,1,candle,text_prediction,D:\STUDY\My_github\sci_project\outputs\anomalyclip\visa_all_518_cached\candle.npz,189929765,1784942086047407400,7801b7f77867874b1f90b93c03e663f8fd5480ecc2d7f4e03c08080b7095ef34
20260805_visa_final_validation_s2_k1,visa,2,1,candle,text_sample_id_sidecar,D:\STUDY\My_github\sci_project\outputs\dynamic_fusion\sidecars\anomalyclip_visa_518_verified\candle.sample_ids.npz,960,1785422945181788900,9d3eca28648db2a65c901ac5f24b21472317f3ab6188cda758fd4a04cd8c916d
20260805_visa_final_validation_s2_k1,visa,2,1,capsules,visual_prediction,D:\STUDY\My_github\sci_project\outputs\anomalydino\unified_matrix\seed_2_shot_1\predictions\capsules.npz,64739417,1785255082114226300,46797c58fd8a5ae0faa9d74980a82099d11922c379a7edcfac20a18828eb5722
20260805_visa_final_validation_s2_k1,visa,2,1,capsules,text_prediction,D:\STUDY\My_github\sci_project\outputs\anomalyclip\visa_all_518_cached\capsules.npz,152189645,1784942096404439700,74194f7eee079f30993d6b2ea667756b0fbdbede0da199661b1bed774bea6a04
20260805_visa_final_validation_s2_k1,visa,2,1,capsules,text_sample_id_sidecar,D:\STUDY\My_github\sci_project\outputs\dynamic_fusion\sidecars\anomalyclip_visa_518_verified\capsules.sample_ids.npz,829,1785422946657279200,3eda58db3a24be7b7c37de18cd9272e76f267215949eb04ff49b022def0670a6
20260805_visa_final_validation_s2_k1,visa,2,1,cashew,visual_prediction,D:\STUDY\My_github\sci_project\outputs\anomalydino\unified_matrix\seed_2_shot_1\predictions\cashew.npz,45756206,1785255086635851400,c77d3c8ef1e2c70df33bc87f6084905933b1acc6708ccd97ec3d0c2b03f7e394
20260805_visa_final_validation_s2_k1,visa,2,1,cashew,text_prediction,D:\STUDY\My_github\sci_project\outputs\anomalyclip\visa_all_518_cached\cashew.npz,142160161,1784942107716470800,c065d2d5aa7aa28b7b61e952c4cdac410a9e683e5d021905c990066a00a1eef4
20260805_visa_final_validation_s2_k1,visa,2,1,cashew,text_sample_id_sidecar,D:\STUDY\My_github\sci_project\outputs\dynamic_fusion\sidecars\anomalyclip_visa_518_verified\cashew.sample_ids.npz,772,1785422948014320900,6897059955703fae29ae517261723cf75a42a1ddb859744950fd56e24dac6de0
20260805_visa_final_validation_s2_k1,visa,2,1,chewinggum,visual_prediction,D:\STUDY\My_github\sci_project\outputs\anomalydino\unified_matrix\seed_2_shot_1\predictions\chewinggum.npz,44705450,1785255091098854100,6470e3de8eebb13fa61a56566cc0255aaf4654a443ee76e8bb73dfc99b0d3a9c
20260805_visa_final_validation_s2_k1,visa,2,1,chewinggum,text_prediction,D:\STUDY\My_github\sci_project\outputs\anomalyclip\visa_all_518_cached\chewinggum.npz,141410064,1784942117899414300,9a245c167b7450e2cce2b07e07008bd4044ed6cb5c87c48706c8767d81442bc4
20260805_visa_final_validation_s2_k1,visa,2,1,chewinggum,text_sample_id_sidecar,D:\STUDY\My_github\sci_project\outputs\dynamic_fusion\sidecars\anomalyclip_visa_518_verified\chewinggum.sample_ids.npz,802,1785422949373102100,9904232c17e09dc566ba7f71a31b5896a9acf292deb7d665cfd6faf90bc2ddcb
20260805_visa_final_validation_s2_k1,visa,2,1,fryum,visual_prediction,D:\STUDY\My_github\sci_project\outputs\anomalydino\unified_matrix\seed_2_shot_1\predictions\fryum.npz,31044885,1785255094901601700,3445a27de19db88d794bfada7a928c5a1513cd468b9d2402516ec4156fbf690e
20260805_visa_final_validation_s2_k1,visa,2,1,fryum,text_prediction,D:\STUDY\My_github\sci_project\outputs\anomalyclip\visa_all_518_cached\fryum.npz,142952421,1784942128597601400,3d6550a10faf2847571007dcedb95bd93d7fa21597770c71cde3c1ac08a3440d
20260805_visa_final_validation_s2_k1,visa,2,1,fryum,text_sample_id_sidecar,D:\STUDY\My_github\sci_project\outputs\dynamic_fusion\sidecars\anomalyclip_visa_518_verified\fryum.sample_ids.npz,768,1785422950771865200,2b210975ff56f3638e6627ab02557b8331ea4dba6d053df21710d54548933534
20260805_visa_final_validation_s2_k1,visa,2,1,macaroni1,visual_prediction,D:\STUDY\My_github\sci_project\outputs\anomalydino\unified_matrix\seed_2_shot_1\predictions\macaroni1.npz,63320929,1785255100512698600,5ed25a6d9be86aa102891e7c135ba7dd13e7bfa0e1387eabcdf5a5fc5a16068c
20260805_visa_final_validation_s2_k1,visa,2,1,macaroni1,text_prediction,D:\STUDY\My_github\sci_project\outputs\anomalyclip\visa_all_518_cached\macaroni1.npz,189377396,1784942143620646500,5ac59dc8196204380f857ea6cdd1e13d93ac7448da69666c2f6a0ac0ad4e6c13
20260805_visa_final_validation_s2_k1,visa,2,1,macaroni1,text_sample_id_sidecar,D:\STUDY\My_github\sci_project\outputs\dynamic_fusion\sidecars\anomalyclip_visa_518_verified\macaroni1.sample_ids.npz,990,1785422952134585900,959d7816b21daa77df3de4801b82a8e0a87d8484d63d9268c41ffeb5f5a36a3f
20260805_visa_final_validation_s2_k1,visa,2,1,macaroni2,visual_prediction,D:\STUDY\My_github\sci_project\outputs\anomalydino\unified_matrix\seed_2_shot_1\predictions\macaroni2.npz,68845170,1785255106373082500,5935d61bbd07f4dcb8ef0bbae532cbf611a03b4726cbeeaf8321c67edbaa9f5f
20260805_visa_final_validation_s2_k1,visa,2,1,macaroni2,text_prediction,D:\STUDY\My_github\sci_project\outputs\anomalyclip\visa_all_518_cached\macaroni2.npz,190936894,1784942156354684100,1d00eae8e8541bddfb8ec666c888552a10b5453ee0c6d5836db7eb779c5a7648
20260805_visa_final_validation_s2_k1,visa,2,1,macaroni2,text_sample_id_sidecar,D:\STUDY\My_github\sci_project\outputs\dynamic_fusion\sidecars\anomalyclip_visa_518_verified\macaroni2.sample_ids.npz,989,1785422953570930800,8bd64241f788688b910829811e2bd24b6e585af9e99757c82957793cec4d5408
20260805_visa_final_validation_s2_k1,visa,2,1,pcb1,visual_prediction,D:\STUDY\My_github\sci_project\outputs\anomalydino\unified_matrix\seed_2_shot_1\predictions\pcb1.npz,60464288,1785255112158713900,d9de0078d7f0e6f7bf05ba79ce854edde59a53c507f388a9a2296a98446c41bc
20260805_visa_final_validation_s2_k1,visa,2,1,pcb1,text_prediction,D:\STUDY\My_github\sci_project\outputs\anomalyclip\visa_all_518_cached\pcb1.npz,189785912,1784942171093738900,e34b7a7a1ea8beb8106a3abd109fc6dd9cede842900eaeb751dd9b7c74c69154
20260805_visa_final_validation_s2_k1,visa,2,1,pcb1,text_sample_id_sidecar,D:\STUDY\My_github\sci_project\outputs\dynamic_fusion\sidecars\anomalyclip_visa_518_verified\pcb1.sample_ids.npz,950,1785422955080511900,cc51a4af36b2a7f4fc49254b1d4d84526dc192c835877e6ecf3f94980db298a0
20260805_visa_final_validation_s2_k1,visa,2,1,pcb2,visual_prediction,D:\STUDY\My_github\sci_project\outputs\anomalydino\unified_matrix\seed_2_shot_1\predictions\pcb2.npz,61927006,1785255118021858500,0e442daa2cb94b70aa884186486cd22c82225cd70995deff21273f0c90ef89e0
20260805_visa_final_validation_s2_k1,visa,2,1,pcb2,text_prediction,D:\STUDY\My_github\sci_project\outputs\anomalyclip\visa_all_518_cached\pcb2.npz,189775159,1784942185481685100,7cf5e19c99ff58fb837513628c65bf225ca19454059b6a4e668afe2e61a3417e
20260805_visa_final_validation_s2_k1,visa,2,1,pcb2,text_sample_id_sidecar,D:\STUDY\My_github\sci_project\outputs\dynamic_fusion\sidecars\anomalyclip_visa_518_verified\pcb2.sample_ids.npz,953,1785422956591218700,f3034ab03d90e211142cd46f5647f83c9ac82f8e1699c6f5b70ec3c545a0d80f
20260805_visa_final_validation_s2_k1,visa,2,1,pcb3,visual_prediction,D:\STUDY\My_github\sci_project\outputs\anomalydino\unified_matrix\seed_2_shot_1\predictions\pcb3.npz,48066673,1785255123310401300,bfc2aebe6739ff88f7c868d16a836b9a6f25d370f413683ee55fa7e3779ff535
20260805_visa_final_validation_s2_k1,visa,2,1,pcb3,text_prediction,D:\STUDY\My_github\sci_project\outputs\anomalyclip\visa_all_518_cached\pcb3.npz,188598925,1784942201091103800,b970c1208a7690eb4840a4e909f48d5e41e622f25db471e7dbee6fb647e09642
20260805_visa_final_validation_s2_k1,visa,2,1,pcb3,text_sample_id_sidecar,D:\STUDY\My_github\sci_project\outputs\dynamic_fusion\sidecars\anomalyclip_visa_518_verified\pcb3.sample_ids.npz,958,1785422958081991700,fdcfb0b362ecc52ac32c81d0c7d588e377e45b79cb759c8717ff695ff7f1e0ab
20260805_visa_final_validation_s2_k1,visa,2,1,pcb4,visual_prediction,D:\STUDY\My_github\sci_project\outputs\anomalydino\unified_matrix\seed_2_shot_1\predictions\pcb4.npz,62708616,1785255129183484300,86ff7cb7f520a043cfabe828d9996efe58402e6535113e20dc670aed5dcb7f5a
20260805_visa_final_validation_s2_k1,visa,2,1,pcb4,text_prediction,D:\STUDY\My_github\sci_project\outputs\anomalyclip\visa_all_518_cached\pcb4.npz,191700568,1784942214314847900,1994085978ca463d7e879dbedf2805468eaab0a7263840bc26e27bc853ec4728
20260805_visa_final_validation_s2_k1,visa,2,1,pcb4,text_sample_id_sidecar,D:\STUDY\My_github\sci_project\outputs\dynamic_fusion\sidecars\anomalyclip_visa_518_verified\pcb4.sample_ids.npz,951,1785422959777554700,191d2cec0da17b1032acbedc1c5677bb381bb530a25a78b63af10261e09b79e6
20260805_visa_final_validation_s2_k1,visa,2,1,pipe_fryum,visual_prediction,D:\STUDY\My_github\sci_project\outputs\anomalydino\unified_matrix\seed_2_shot_1\predictions\pipe_fryum.npz,48689049,1785255133866205200,e6ce83bbab737068c925f3f23063cc936929f7f55b95100c30a0fe99282b1b24
20260805_visa_final_validation_s2_k1,visa,2,1,pipe_fryum,text_prediction,D:\STUDY\My_github\sci_project\outputs\anomalyclip\visa_all_518_cached\pipe_fryum.npz,141935575,1784942225554523100,bbdc05068b4bdbc4bf2daae2d29cd14ba4cd783d10049e67043636a705556397
20260805_visa_final_validation_s2_k1,visa,2,1,pipe_fryum,text_sample_id_sidecar,D:\STUDY\My_github\sci_project\outputs\dynamic_fusion\sidecars\anomalyclip_visa_518_verified\pipe_fryum.sample_ids.npz,806,1785422961380837400,9be3dcc86c366fe7244cda3c7a4466e52bbac5bf5cd60b88625be0460f36d885
20260805_visa_final_validation_s2_k2,visa,2,2,candle,visual_prediction,D:\STUDY\My_github\sci_project\outputs\anomalydino\unified_matrix\seed_2_shot_2\predictions\candle.npz,111571308,1785255516621917400,bdf583c4da040459ab25cb6215fda0e5f64cde6534ff4441cfc20ea532b0fa1a
20260805_visa_final_validation_s2_k2,visa,2,2,candle,text_prediction,D:\STUDY\My_github\sci_project\outputs\anomalyclip\visa_all_518_cached\candle.npz,189929765,1784942086047407400,7801b7f77867874b1f90b93c03e663f8fd5480ecc2d7f4e03c08080b7095ef34
20260805_visa_final_validation_s2_k2,visa,2,2,candle,text_sample_id_sidecar,D:\STUDY\My_github\sci_project\outputs\dynamic_fusion\sidecars\anomalyclip_visa_518_verified\candle.sample_ids.npz,960,1785422945181788900,9d3eca28648db2a65c901ac5f24b21472317f3ab6188cda758fd4a04cd8c916d
20260805_visa_final_validation_s2_k2,visa,2,2,capsules,visual_prediction,D:\STUDY\My_github\sci_project\outputs\anomalydino\unified_matrix\seed_2_shot_2\predictions\capsules.npz,64759645,1785255522165704900,5deebf8c36685c18757d823e0273349e969253c292763f4bd46bee05315368ef
20260805_visa_final_validation_s2_k2,visa,2,2,capsules,text_prediction,D:\STUDY\My_github\sci_project\outputs\anomalyclip\visa_all_518_cached\capsules.npz,152189645,1784942096404439700,74194f7eee079f30993d6b2ea667756b0fbdbede0da199661b1bed774bea6a04
20260805_visa_final_validation_s2_k2,visa,2,2,capsules,text_sample_id_sidecar,D:\STUDY\My_github\sci_project\outputs\dynamic_fusion\sidecars\anomalyclip_visa_518_verified\capsules.sample_ids.npz,829,1785422946657279200,3eda58db3a24be7b7c37de18cd9272e76f267215949eb04ff49b022def0670a6
20260805_visa_final_validation_s2_k2,visa,2,2,cashew,visual_prediction,D:\STUDY\My_github\sci_project\outputs\anomalydino\unified_matrix\seed_2_shot_2\predictions\cashew.npz,45759999,1785255526791430900,326c60e5be1a08e230f4db51991e2bc697f968148903561594b0e2d314015a7b
20260805_visa_final_validation_s2_k2,visa,2,2,cashew,text_prediction,D:\STUDY\My_github\sci_project\outputs\anomalyclip\visa_all_518_cached\cashew.npz,142160161,1784942107716470800,c065d2d5aa7aa28b7b61e952c4cdac410a9e683e5d021905c990066a00a1eef4
20260805_visa_final_validation_s2_k2,visa,2,2,cashew,text_sample_id_sidecar,D:\STUDY\My_github\sci_project\outputs\dynamic_fusion\sidecars\anomalyclip_visa_518_verified\cashew.sample_ids.npz,772,1785422948014320900,6897059955703fae29ae517261723cf75a42a1ddb859744950fd56e24dac6de0
20260805_visa_final_validation_s2_k2,visa,2,2,chewinggum,visual_prediction,D:\STUDY\My_github\sci_project\outputs\anomalydino\unified_matrix\seed_2_shot_2\predictions\chewinggum.npz,44712113,1785255531381874100,ba029ca7e01265773845d00c7367c281cb1436a45be101b4f20377e38ad60f01
20260805_visa_final_validation_s2_k2,visa,2,2,chewinggum,text_prediction,D:\STUDY\My_github\sci_project\outputs\anomalyclip\visa_all_518_cached\chewinggum.npz,141410064,1784942117899414300,9a245c167b7450e2cce2b07e07008bd4044ed6cb5c87c48706c8767d81442bc4
20260805_visa_final_validation_s2_k2,visa,2,2,chewinggum,text_sample_id_sidecar,D:\STUDY\My_github\sci_project\outputs\dynamic_fusion\sidecars\anomalyclip_visa_518_verified\chewinggum.sample_ids.npz,802,1785422949373102100,9904232c17e09dc566ba7f71a31b5896a9acf292deb7d665cfd6faf90bc2ddcb
20260805_visa_final_validation_s2_k2,visa,2,2,fryum,visual_prediction,D:\STUDY\My_github\sci_project\outputs\anomalydino\unified_matrix\seed_2_shot_2\predictions\fryum.npz,31035847,1785255535244371500,ffb8c4947f7fad9a07dcce299771dbef54161bde301f939c9c4a754678119a81
20260805_visa_final_validation_s2_k2,visa,2,2,fryum,text_prediction,D:\STUDY\My_github\sci_project\outputs\anomalyclip\visa_all_518_cached\fryum.npz,142952421,1784942128597601400,3d6550a10faf2847571007dcedb95bd93d7fa21597770c71cde3c1ac08a3440d
20260805_visa_final_validation_s2_k2,visa,2,2,fryum,text_sample_id_sidecar,D:\STUDY\My_github\sci_project\outputs\dynamic_fusion\sidecars\anomalyclip_visa_518_verified\fryum.sample_ids.npz,768,1785422950771865200,2b210975ff56f3638e6627ab02557b8331ea4dba6d053df21710d54548933534
20260805_visa_final_validation_s2_k2,visa,2,2,macaroni1,visual_prediction,D:\STUDY\My_github\sci_project\outputs\anomalydino\unified_matrix\seed_2_shot_2\predictions\macaroni1.npz,63484854,1785255540959563800,819b504ba2eea70f0792a2b07269c76d7ae80d6c8ba4cd44e54b70f02b2120df
20260805_visa_final_validation_s2_k2,visa,2,2,macaroni1,text_prediction,D:\STUDY\My_github\sci_project\outputs\anomalyclip\visa_all_518_cached\macaroni1.npz,189377396,1784942143620646500,5ac59dc8196204380f857ea6cdd1e13d93ac7448da69666c2f6a0ac0ad4e6c13
20260805_visa_final_validation_s2_k2,visa,2,2,macaroni1,text_sample_id_sidecar,D:\STUDY\My_github\sci_project\outputs\dynamic_fusion\sidecars\anomalyclip_visa_518_verified\macaroni1.sample_ids.npz,990,1785422952134585900,959d7816b21daa77df3de4801b82a8e0a87d8484d63d9268c41ffeb5f5a36a3f
20260805_visa_final_validation_s2_k2,visa,2,2,macaroni2,visual_prediction,D:\STUDY\My_github\sci_project\outputs\anomalydino\unified_matrix\seed_2_shot_2\predictions\macaroni2.npz,68489684,1785255547176800600,baa108f5c408996c1531383ad8bdedf0a22a87c2324e7b69d8748cf9d14f70f2
20260805_visa_final_validation_s2_k2,visa,2,2,macaroni2,text_prediction,D:\STUDY\My_github\sci_project\outputs\anomalyclip\visa_all_518_cached\macaroni2.npz,190936894,1784942156354684100,1d00eae8e8541bddfb8ec666c888552a10b5453ee0c6d5836db7eb779c5a7648
20260805_visa_final_validation_s2_k2,visa,2,2,macaroni2,text_sample_id_sidecar,D:\STUDY\My_github\sci_project\outputs\dynamic_fusion\sidecars\anomalyclip_visa_518_verified\macaroni2.sample_ids.npz,989,1785422953570930800,8bd64241f788688b910829811e2bd24b6e585af9e99757c82957793cec4d5408
20260805_visa_final_validation_s2_k2,visa,2,2,pcb1,visual_prediction,D:\STUDY\My_github\sci_project\outputs\anomalydino\unified_matrix\seed_2_shot_2\predictions\pcb1.npz,60626216,1785255553112614300,f1c3a1be6da57cf5a360180c20269104e8c57d66f0fc3c9e76fdaae05f665dea
20260805_visa_final_validation_s2_k2,visa,2,2,pcb1,text_prediction,D:\STUDY\My_github\sci_project\outputs\anomalyclip\visa_all_518_cached\pcb1.npz,189785912,1784942171093738900,e34b7a7a1ea8beb8106a3abd109fc6dd9cede842900eaeb751dd9b7c74c69154
20260805_visa_final_validation_s2_k2,visa,2,2,pcb1,text_sample_id_sidecar,D:\STUDY\My_github\sci_project\outputs\dynamic_fusion\sidecars\anomalyclip_visa_518_verified\pcb1.sample_ids.npz,950,1785422955080511900,cc51a4af36b2a7f4fc49254b1d4d84526dc192c835877e6ecf3f94980db298a0
20260805_visa_final_validation_s2_k2,visa,2,2,pcb2,visual_prediction,D:\STUDY\My_github\sci_project\outputs\anomalydino\unified_matrix\seed_2_shot_2\predictions\pcb2.npz,62217236,1785255559238113200,a958c7b5e7c0168d9f138aa906644c42f275aa24aa5e3c127fcb8e6bd3ea5bab
20260805_visa_final_validation_s2_k2,visa,2,2,pcb2,text_prediction,D:\STUDY\My_github\sci_project\outputs\anomalyclip\visa_all_518_cached\pcb2.npz,189775159,1784942185481685100,7cf5e19c99ff58fb837513628c65bf225ca19454059b6a4e668afe2e61a3417e
20260805_visa_final_validation_s2_k2,visa,2,2,pcb2,text_sample_id_sidecar,D:\STUDY\My_github\sci_project\outputs\dynamic_fusion\sidecars\anomalyclip_visa_518_verified\pcb2.sample_ids.npz,953,1785422956591218700,f3034ab03d90e211142cd46f5647f83c9ac82f8e1699c6f5b70ec3c545a0d80f
20260805_visa_final_validation_s2_k2,visa,2,2,pcb3,visual_prediction,D:\STUDY\My_github\sci_project\outputs\anomalydino\unified_matrix\seed_2_shot_2\predictions\pcb3.npz,47996590,1785255564619692200,cda085b68d9340ece7bda3defabd3299192f8ed1151a47f746de203a680fcd69
20260805_visa_final_validation_s2_k2,visa,2,2,pcb3,text_prediction,D:\STUDY\My_github\sci_project\outputs\anomalyclip\visa_all_518_cached\pcb3.npz,188598925,1784942201091103800,b970c1208a7690eb4840a4e909f48d5e41e622f25db471e7dbee6fb647e09642
20260805_visa_final_validation_s2_k2,visa,2,2,pcb3,text_sample_id_sidecar,D:\STUDY\My_github\sci_project\outputs\dynamic_fusion\sidecars\anomalyclip_visa_518_verified\pcb3.sample_ids.npz,958,1785422958081991700,fdcfb0b362ecc52ac32c81d0c7d588e377e45b79cb759c8717ff695ff7f1e0ab
20260805_visa_final_validation_s2_k2,visa,2,2,pcb4,visual_prediction,D:\STUDY\My_github\sci_project\outputs\anomalydino\unified_matrix\seed_2_shot_2\predictions\pcb4.npz,62751719,1785255570602172100,3eeaafc079ccd78e78cab49641e223ec3ded3693f2a0e9835cd3c002c26a9465
20260805_visa_final_validation_s2_k2,visa,2,2,pcb4,text_prediction,D:\STUDY\My_github\sci_project\outputs\anomalyclip\visa_all_518_cached\pcb4.npz,191700568,1784942214314847900,1994085978ca463d7e879dbedf2805468eaab0a7263840bc26e27bc853ec4728
20260805_visa_final_validation_s2_k2,visa,2,2,pcb4,text_sample_id_sidecar,D:\STUDY\My_github\sci_project\outputs\dynamic_fusion\sidecars\anomalyclip_visa_518_verified\pcb4.sample_ids.npz,951,1785422959777554700,191d2cec0da17b1032acbedc1c5677bb381bb530a25a78b63af10261e09b79e6
20260805_visa_final_validation_s2_k2,visa,2,2,pipe_fryum,visual_prediction,D:\STUDY\My_github\sci_project\outputs\anomalydino\unified_matrix\seed_2_shot_2\predictions\pipe_fryum.npz,48679000,1785255575468928700,dca2c00f010b661dd2dd81800240eccd3fe0b352aa9a74e36da45b53d89c90c6
20260805_visa_final_validation_s2_k2,visa,2,2,pipe_fryum,text_prediction,D:\STUDY\My_github\sci_project\outputs\anomalyclip\visa_all_518_cached\pipe_fryum.npz,141935575,1784942225554523100,bbdc05068b4bdbc4bf2daae2d29cd14ba4cd783d10049e67043636a705556397
20260805_visa_final_validation_s2_k2,visa,2,2,pipe_fryum,text_sample_id_sidecar,D:\STUDY\My_github\sci_project\outputs\dynamic_fusion\sidecars\anomalyclip_visa_518_verified\pipe_fryum.sample_ids.npz,806,1785422961380837400,9be3dcc86c366fe7244cda3c7a4466e52bbac5bf5cd60b88625be0460f36d885
20260805_visa_final_validation_s2_k4,visa,2,4,candle,visual_prediction,D:\STUDY\My_github\sci_project\outputs\anomalydino\unified_matrix\seed_2_shot_4\predictions\candle.npz,111724230,1785256105627164400,96c37436badfcec18129d085dce2195aaa35a8384df17fdc00d61200677a36c1
20260805_visa_final_validation_s2_k4,visa,2,4,candle,text_prediction,D:\STUDY\My_github\sci_project\outputs\anomalyclip\visa_all_518_cached\candle.npz,189929765,1784942086047407400,7801b7f77867874b1f90b93c03e663f8fd5480ecc2d7f4e03c08080b7095ef34
20260805_visa_final_validation_s2_k4,visa,2,4,candle,text_sample_id_sidecar,D:\STUDY\My_github\sci_project\outputs\dynamic_fusion\sidecars\anomalyclip_visa_518_verified\candle.sample_ids.npz,960,1785422945181788900,9d3eca28648db2a65c901ac5f24b21472317f3ab6188cda758fd4a04cd8c916d
20260805_visa_final_validation_s2_k4,visa,2,4,capsules,visual_prediction,D:\STUDY\My_github\sci_project\outputs\anomalydino\unified_matrix\seed_2_shot_4\predictions\capsules.npz,64821270,1785256111030710500,e2cb33ac7545ab9c27b3307ebdb6689a5e987ba241caee9e5d3ebd6128733d4a
20260805_visa_final_validation_s2_k4,visa,2,4,capsules,text_prediction,D:\STUDY\My_github\sci_project\outputs\anomalyclip\visa_all_518_cached\capsules.npz,152189645,1784942096404439700,74194f7eee079f30993d6b2ea667756b0fbdbede0da199661b1bed774bea6a04
20260805_visa_final_validation_s2_k4,visa,2,4,capsules,text_sample_id_sidecar,D:\STUDY\My_github\sci_project\outputs\dynamic_fusion\sidecars\anomalyclip_visa_518_verified\capsules.sample_ids.npz,829,1785422946657279200,3eda58db3a24be7b7c37de18cd9272e76f267215949eb04ff49b022def0670a6
20260805_visa_final_validation_s2_k4,visa,2,4,cashew,visual_prediction,D:\STUDY\My_github\sci_project\outputs\anomalydino\unified_matrix\seed_2_shot_4\predictions\cashew.npz,45766694,1785256115792930500,2dc6fb34216a20742dc23a29b8d003b208fdf33959b5113d49f15504d1fce23f
20260805_visa_final_validation_s2_k4,visa,2,4,cashew,text_prediction,D:\STUDY\My_github\sci_project\outputs\anomalyclip\visa_all_518_cached\cashew.npz,142160161,1784942107716470800,c065d2d5aa7aa28b7b61e952c4cdac410a9e683e5d021905c990066a00a1eef4
20260805_visa_final_validation_s2_k4,visa,2,4,cashew,text_sample_id_sidecar,D:\STUDY\My_github\sci_project\outputs\dynamic_fusion\sidecars\anomalyclip_visa_518_verified\cashew.sample_ids.npz,772,1785422948014320900,6897059955703fae29ae517261723cf75a42a1ddb859744950fd56e24dac6de0
20260805_visa_final_validation_s2_k4,visa,2,4,chewinggum,visual_prediction,D:\STUDY\My_github\sci_project\outputs\anomalydino\unified_matrix\seed_2_shot_4\predictions\chewinggum.npz,44718986,1785256120123854200,12741dd97602f99dbfb5c203171d78bc22a8f1d8f6c36c887c30dc47a611d4e2
20260805_visa_final_validation_s2_k4,visa,2,4,chewinggum,text_prediction,D:\STUDY\My_github\sci_project\outputs\anomalyclip\visa_all_518_cached\chewinggum.npz,141410064,1784942117899414300,9a245c167b7450e2cce2b07e07008bd4044ed6cb5c87c48706c8767d81442bc4
20260805_visa_final_validation_s2_k4,visa,2,4,chewinggum,text_sample_id_sidecar,D:\STUDY\My_github\sci_project\outputs\dynamic_fusion\sidecars\anomalyclip_visa_518_verified\chewinggum.sample_ids.npz,802,1785422949373102100,9904232c17e09dc566ba7f71a31b5896a9acf292deb7d665cfd6faf90bc2ddcb
20260805_visa_final_validation_s2_k4,visa,2,4,fryum,visual_prediction,D:\STUDY\My_github\sci_project\outputs\anomalydino\unified_matrix\seed_2_shot_4\predictions\fryum.npz,31074345,1785256123877772500,a8a88aecd6651edb4c2ba57dbf5b1ed295aaf5b6b3e119ad4e16ea0633dcfa2a
20260805_visa_final_validation_s2_k4,visa,2,4,fryum,text_prediction,D:\STUDY\My_github\sci_project\outputs\anomalyclip\visa_all_518_cached\fryum.npz,142952421,1784942128597601400,3d6550a10faf2847571007dcedb95bd93d7fa21597770c71cde3c1ac08a3440d
20260805_visa_final_validation_s2_k4,visa,2,4,fryum,text_sample_id_sidecar,D:\STUDY\My_github\sci_project\outputs\dynamic_fusion\sidecars\anomalyclip_visa_518_verified\fryum.sample_ids.npz,768,1785422950771865200,2b210975ff56f3638e6627ab02557b8331ea4dba6d053df21710d54548933534
20260805_visa_final_validation_s2_k4,visa,2,4,macaroni1,visual_prediction,D:\STUDY\My_github\sci_project\outputs\anomalydino\unified_matrix\seed_2_shot_4\predictions\macaroni1.npz,63652180,1785256129320535000,77cac98798c2297a530f3d240623a6ab9a7cea9bc9862e088617dcd3ed444373
20260805_visa_final_validation_s2_k4,visa,2,4,macaroni1,text_prediction,D:\STUDY\My_github\sci_project\outputs\anomalyclip\visa_all_518_cached\macaroni1.npz,189377396,1784942143620646500,5ac59dc8196204380f857ea6cdd1e13d93ac7448da69666c2f6a0ac0ad4e6c13
20260805_visa_final_validation_s2_k4,visa,2,4,macaroni1,text_sample_id_sidecar,D:\STUDY\My_github\sci_project\outputs\dynamic_fusion\sidecars\anomalyclip_visa_518_verified\macaroni1.sample_ids.npz,990,1785422952134585900,959d7816b21daa77df3de4801b82a8e0a87d8484d63d9268c41ffeb5f5a36a3f
20260805_visa_final_validation_s2_k4,visa,2,4,macaroni2,visual_prediction,D:\STUDY\My_github\sci_project\outputs\anomalydino\unified_matrix\seed_2_shot_4\predictions\macaroni2.npz,68430076,1785256135485635900,54c33162f4d651190ee8247208c2984d397ddbdba0c68f5804c35d7daa298541
20260805_visa_final_validation_s2_k4,visa,2,4,macaroni2,text_prediction,D:\STUDY\My_github\sci_project\outputs\anomalyclip\visa_all_518_cached\macaroni2.npz,190936894,1784942156354684100,1d00eae8e8541bddfb8ec666c888552a10b5453ee0c6d5836db7eb779c5a7648
20260805_visa_final_validation_s2_k4,visa,2,4,macaroni2,text_sample_id_sidecar,D:\STUDY\My_github\sci_project\outputs\dynamic_fusion\sidecars\anomalyclip_visa_518_verified\macaroni2.sample_ids.npz,989,1785422953570930800,8bd64241f788688b910829811e2bd24b6e585af9e99757c82957793cec4d5408
20260805_visa_final_validation_s2_k4,visa,2,4,pcb1,visual_prediction,D:\STUDY\My_github\sci_project\outputs\anomalydino\unified_matrix\seed_2_shot_4\predictions\pcb1.npz,60769068,1785256141481966600,4afe1964afa4249c5793f6e776518cd42428e475b0a874ca68bf55491f2526ad
20260805_visa_final_validation_s2_k4,visa,2,4,pcb1,text_prediction,D:\STUDY\My_github\sci_project\outputs\anomalyclip\visa_all_518_cached\pcb1.npz,189785912,1784942171093738900,e34b7a7a1ea8beb8106a3abd109fc6dd9cede842900eaeb751dd9b7c74c69154
20260805_visa_final_validation_s2_k4,visa,2,4,pcb1,text_sample_id_sidecar,D:\STUDY\My_github\sci_project\outputs\dynamic_fusion\sidecars\anomalyclip_visa_518_verified\pcb1.sample_ids.npz,950,1785422955080511900,cc51a4af36b2a7f4fc49254b1d4d84526dc192c835877e6ecf3f94980db298a0
20260805_visa_final_validation_s2_k4,visa,2,4,pcb2,visual_prediction,D:\STUDY\My_github\sci_project\outputs\anomalydino\unified_matrix\seed_2_shot_4\predictions\pcb2.npz,62495666,1785256147317111300,83aea6e5098fd63b4c735ee3c2f40cc0f87ed7bcf2a5e9e3ffeb9583551be323
20260805_visa_final_validation_s2_k4,visa,2,4,pcb2,text_prediction,D:\STUDY\My_github\sci_project\outputs\anomalyclip\visa_all_518_cached\pcb2.npz,189775159,1784942185481685100,7cf5e19c99ff58fb837513628c65bf225ca19454059b6a4e668afe2e61a3417e
20260805_visa_final_validation_s2_k4,visa,2,4,pcb2,text_sample_id_sidecar,D:\STUDY\My_github\sci_project\outputs\dynamic_fusion\sidecars\anomalyclip_visa_518_verified\pcb2.sample_ids.npz,953,1785422956591218700,f3034ab03d90e211142cd46f5647f83c9ac82f8e1699c6f5b70ec3c545a0d80f
20260805_visa_final_validation_s2_k4,visa,2,4,pcb3,visual_prediction,D:\STUDY\My_github\sci_project\outputs\anomalydino\unified_matrix\seed_2_shot_4\predictions\pcb3.npz,48070046,1785256152347173400,1f3846e5772375cc85e60688cee1decc808a9bb4f107e8f5bb60efac3a1288bd
20260805_visa_final_validation_s2_k4,visa,2,4,pcb3,text_prediction,D:\STUDY\My_github\sci_project\outputs\anomalyclip\visa_all_518_cached\pcb3.npz,188598925,1784942201091103800,b970c1208a7690eb4840a4e909f48d5e41e622f25db471e7dbee6fb647e09642
20260805_visa_final_validation_s2_k4,visa,2,4,pcb3,text_sample_id_sidecar,D:\STUDY\My_github\sci_project\outputs\dynamic_fusion\sidecars\anomalyclip_visa_518_verified\pcb3.sample_ids.npz,958,1785422958081991700,fdcfb0b362ecc52ac32c81d0c7d588e377e45b79cb759c8717ff695ff7f1e0ab
20260805_visa_final_validation_s2_k4,visa,2,4,pcb4,visual_prediction,D:\STUDY\My_github\sci_project\outputs\anomalydino\unified_matrix\seed_2_shot_4\predictions\pcb4.npz,62851595,1785256158605678800,26057290d1858b7184d232ccb55e52ea6c134d2169c2aeee20c7be0e20fb09cb
20260805_visa_final_validation_s2_k4,visa,2,4,pcb4,text_prediction,D:\STUDY\My_github\sci_project\outputs\anomalyclip\visa_all_518_cached\pcb4.npz,191700568,1784942214314847900,1994085978ca463d7e879dbedf2805468eaab0a7263840bc26e27bc853ec4728
20260805_visa_final_validation_s2_k4,visa,2,4,pcb4,text_sample_id_sidecar,D:\STUDY\My_github\sci_project\outputs\dynamic_fusion\sidecars\anomalyclip_visa_518_verified\pcb4.sample_ids.npz,951,1785422959777554700,191d2cec0da17b1032acbedc1c5677bb381bb530a25a78b63af10261e09b79e6
20260805_visa_final_validation_s2_k4,visa,2,4,pipe_fryum,visual_prediction,D:\STUDY\My_github\sci_project\outputs\anomalydino\unified_matrix\seed_2_shot_4\predictions\pipe_fryum.npz,48678559,1785256163442232500,e86d6f140f0dfe54c1ff0e83ea1a63544372db592477e84bb1970bb312e814a0
20260805_visa_final_validation_s2_k4,visa,2,4,pipe_fryum,text_prediction,D:\STUDY\My_github\sci_project\outputs\anomalyclip\visa_all_518_cached\pipe_fryum.npz,141935575,1784942225554523100,bbdc05068b4bdbc4bf2daae2d29cd14ba4cd783d10049e67043636a705556397
20260805_visa_final_validation_s2_k4,visa,2,4,pipe_fryum,text_sample_id_sidecar,D:\STUDY\My_github\sci_project\outputs\dynamic_fusion\sidecars\anomalyclip_visa_518_verified\pipe_fryum.sample_ids.npz,806,1785422961380837400,9be3dcc86c366fe7244cda3c7a4466e52bbac5bf5cd60b88625be0460f36d885
20260806_visa_final_validation_s0_k2,visa,0,2,candle,visual_prediction,D:\STUDY\My_github\sci_project\outputs\anomalydino\unified_matrix\seed_0_shot_2\predictions\candle.npz,111515468,1785252380700510500,1f1d7b4355097d8710eaf45d693a144b9066df17a1a8e6aa16f6b7fdbe542a70
20260806_visa_final_validation_s0_k2,visa,0,2,candle,text_prediction,D:\STUDY\My_github\sci_project\outputs\anomalyclip\visa_all_518_cached\candle.npz,189929765,1784942086047407400,7801b7f77867874b1f90b93c03e663f8fd5480ecc2d7f4e03c08080b7095ef34
20260806_visa_final_validation_s0_k2,visa,0,2,candle,text_sample_id_sidecar,D:\STUDY\My_github\sci_project\outputs\dynamic_fusion\sidecars\anomalyclip_visa_518_verified\candle.sample_ids.npz,960,1785422945181788900,9d3eca28648db2a65c901ac5f24b21472317f3ab6188cda758fd4a04cd8c916d
20260806_visa_final_validation_s0_k2,visa,0,2,capsules,visual_prediction,D:\STUDY\My_github\sci_project\outputs\anomalydino\unified_matrix\seed_0_shot_2\predictions\capsules.npz,64736704,1785252387002524900,e838256701341f93e930e242eb1cd91912779dae3d1eae7ba3bdf5fed1bcab4d
20260806_visa_final_validation_s0_k2,visa,0,2,capsules,text_prediction,D:\STUDY\My_github\sci_project\outputs\anomalyclip\visa_all_518_cached\capsules.npz,152189645,1784942096404439700,74194f7eee079f30993d6b2ea667756b0fbdbede0da199661b1bed774bea6a04
20260806_visa_final_validation_s0_k2,visa,0,2,capsules,text_sample_id_sidecar,D:\STUDY\My_github\sci_project\outputs\dynamic_fusion\sidecars\anomalyclip_visa_518_verified\capsules.sample_ids.npz,829,1785422946657279200,3eda58db3a24be7b7c37de18cd9272e76f267215949eb04ff49b022def0670a6
20260806_visa_final_validation_s0_k2,visa,0,2,cashew,visual_prediction,D:\STUDY\My_github\sci_project\outputs\anomalydino\unified_matrix\seed_0_shot_2\predictions\cashew.npz,45735437,1785252393104612700,e915db5526983ed319156c9cb3bfae914285382e3007cf47801355e816d39cf2
20260806_visa_final_validation_s0_k2,visa,0,2,cashew,text_prediction,D:\STUDY\My_github\sci_project\outputs\anomalyclip\visa_all_518_cached\cashew.npz,142160161,1784942107716470800,c065d2d5aa7aa28b7b61e952c4cdac410a9e683e5d021905c990066a00a1eef4
20260806_visa_final_validation_s0_k2,visa,0,2,cashew,text_sample_id_sidecar,D:\STUDY\My_github\sci_project\outputs\dynamic_fusion\sidecars\anomalyclip_visa_518_verified\cashew.sample_ids.npz,772,1785422948014320900,6897059955703fae29ae517261723cf75a42a1ddb859744950fd56e24dac6de0
20260806_visa_final_validation_s0_k2,visa,0,2,chewinggum,visual_prediction,D:\STUDY\My_github\sci_project\outputs\anomalydino\unified_matrix\seed_0_shot_2\predictions\chewinggum.npz,44666582,1785252401457009200,abcfec8ef7aa40641bce900111a32c26b22abdef0ecda9fb67d0e535c2a39d60
20260806_visa_final_validation_s0_k2,visa,0,2,chewinggum,text_prediction,D:\STUDY\My_github\sci_project\outputs\anomalyclip\visa_all_518_cached\chewinggum.npz,141410064,1784942117899414300,9a245c167b7450e2cce2b07e07008bd4044ed6cb5c87c48706c8767d81442bc4
20260806_visa_final_validation_s0_k2,visa,0,2,chewinggum,text_sample_id_sidecar,D:\STUDY\My_github\sci_project\outputs\dynamic_fusion\sidecars\anomalyclip_visa_518_verified\chewinggum.sample_ids.npz,802,1785422949373102100,9904232c17e09dc566ba7f71a31b5896a9acf292deb7d665cfd6faf90bc2ddcb
20260806_visa_final_validation_s0_k2,visa,0,2,fryum,visual_prediction,D:\STUDY\My_github\sci_project\outputs\anomalydino\unified_matrix\seed_0_shot_2\predictions\fryum.npz,31044690,1785252408913886100,f3df38ed0deb39fc9563d65379974b08eb3de8d0edcb7a1cf189b28ab6cc0b54
20260806_visa_final_validation_s0_k2,visa,0,2,fryum,text_prediction,D:\STUDY\My_github\sci_project\outputs\anomalyclip\visa_all_518_cached\fryum.npz,142952421,1784942128597601400,3d6550a10faf2847571007dcedb95bd93d7fa21597770c71cde3c1ac08a3440d
20260806_visa_final_validation_s0_k2,visa,0,2,fryum,text_sample_id_sidecar,D:\STUDY\My_github\sci_project\outputs\dynamic_fusion\sidecars\anomalyclip_visa_518_verified\fryum.sample_ids.npz,768,1785422950771865200,2b210975ff56f3638e6627ab02557b8331ea4dba6d053df21710d54548933534
20260806_visa_final_validation_s0_k2,visa,0,2,macaroni1,visual_prediction,D:\STUDY\My_github\sci_project\outputs\anomalydino\unified_matrix\seed_0_shot_2\predictions\macaroni1.npz,63385094,1785252416499734300,a1fe6f324a76a9253bfcdd6f7750e8ce273363215eb066e1d6a64b3242a62b62
20260806_visa_final_validation_s0_k2,visa,0,2,macaroni1,text_prediction,D:\STUDY\My_github\sci_project\outputs\anomalyclip\visa_all_518_cached\macaroni1.npz,189377396,1784942143620646500,5ac59dc8196204380f857ea6cdd1e13d93ac7448da69666c2f6a0ac0ad4e6c13
20260806_visa_final_validation_s0_k2,visa,0,2,macaroni1,text_sample_id_sidecar,D:\STUDY\My_github\sci_project\outputs\dynamic_fusion\sidecars\anomalyclip_visa_518_verified\macaroni1.sample_ids.npz,990,1785422952134585900,959d7816b21daa77df3de4801b82a8e0a87d8484d63d9268c41ffeb5f5a36a3f
20260806_visa_final_validation_s0_k2,visa,0,2,macaroni2,visual_prediction,D:\STUDY\My_github\sci_project\outputs\anomalydino\unified_matrix\seed_0_shot_2\predictions\macaroni2.npz,68457710,1785252426985883500,006676b969f6b330fda24d937fff9428af0db56489e9c31c44e8cc9331917219
20260806_visa_final_validation_s0_k2,visa,0,2,macaroni2,text_prediction,D:\STUDY\My_github\sci_project\outputs\anomalyclip\visa_all_518_cached\macaroni2.npz,190936894,1784942156354684100,1d00eae8e8541bddfb8ec666c888552a10b5453ee0c6d5836db7eb779c5a7648
20260806_visa_final_validation_s0_k2,visa,0,2,macaroni2,text_sample_id_sidecar,D:\STUDY\My_github\sci_project\outputs\dynamic_fusion\sidecars\anomalyclip_visa_518_verified\macaroni2.sample_ids.npz,989,1785422953570930800,8bd64241f788688b910829811e2bd24b6e585af9e99757c82957793cec4d5408
20260806_visa_final_validation_s0_k2,visa,0,2,pcb1,visual_prediction,D:\STUDY\My_github\sci_project\outputs\anomalydino\unified_matrix\seed_0_shot_2\predictions\pcb1.npz,60669932,1785252435274967300,767a8d8bdf9666da42f385ed810fa74e2f58a8e72e453374988a1a1b8ad43fb6
20260806_visa_final_validation_s0_k2,visa,0,2,pcb1,text_prediction,D:\STUDY\My_github\sci_project\outputs\anomalyclip\visa_all_518_cached\pcb1.npz,189785912,1784942171093738900,e34b7a7a1ea8beb8106a3abd109fc6dd9cede842900eaeb751dd9b7c74c69154
20260806_visa_final_validation_s0_k2,visa,0,2,pcb1,text_sample_id_sidecar,D:\STUDY\My_github\sci_project\outputs\dynamic_fusion\sidecars\anomalyclip_visa_518_verified\pcb1.sample_ids.npz,950,1785422955080511900,cc51a4af36b2a7f4fc49254b1d4d84526dc192c835877e6ecf3f94980db298a0
20260806_visa_final_validation_s0_k2,visa,0,2,pcb2,visual_prediction,D:\STUDY\My_github\sci_project\outputs\anomalydino\unified_matrix\seed_0_shot_2\predictions\pcb2.npz,62258583,1785252443500128900,b418b79e31f08ed324f065d47ba171e2568ef7422d5d3bad216a4910d2597d73
20260806_visa_final_validation_s0_k2,visa,0,2,pcb2,text_prediction,D:\STUDY\My_github\sci_project\outputs\anomalyclip\visa_all_518_cached\pcb2.npz,189775159,1784942185481685100,7cf5e19c99ff58fb837513628c65bf225ca19454059b6a4e668afe2e61a3417e
20260806_visa_final_validation_s0_k2,visa,0,2,pcb2,text_sample_id_sidecar,D:\STUDY\My_github\sci_project\outputs\dynamic_fusion\sidecars\anomalyclip_visa_518_verified\pcb2.sample_ids.npz,953,1785422956591218700,f3034ab03d90e211142cd46f5647f83c9ac82f8e1699c6f5b70ec3c545a0d80f
20260806_visa_final_validation_s0_k2,visa,0,2,pcb3,visual_prediction,D:\STUDY\My_github\sci_project\outputs\anomalydino\unified_matrix\seed_0_shot_2\predictions\pcb3.npz,48039648,1785252451600106700,b1805b1d89d966118c340fe286296dab241d2ff3134b05470c5133c126a55cc2
20260806_visa_final_validation_s0_k2,visa,0,2,pcb3,text_prediction,D:\STUDY\My_github\sci_project\outputs\anomalyclip\visa_all_518_cached\pcb3.npz,188598925,1784942201091103800,b970c1208a7690eb4840a4e909f48d5e41e622f25db471e7dbee6fb647e09642
20260806_visa_final_validation_s0_k2,visa,0,2,pcb3,text_sample_id_sidecar,D:\STUDY\My_github\sci_project\outputs\dynamic_fusion\sidecars\anomalyclip_visa_518_verified\pcb3.sample_ids.npz,958,1785422958081991700,fdcfb0b362ecc52ac32c81d0c7d588e377e45b79cb759c8717ff695ff7f1e0ab
20260806_visa_final_validation_s0_k2,visa,0,2,pcb4,visual_prediction,D:\STUDY\My_github\sci_project\outputs\anomalydino\unified_matrix\seed_0_shot_2\predictions\pcb4.npz,62786448,1785252459074727400,2be3170cfcb9c2906f6db2794e2fc31baf38b033624876a4dd744692d6456be4
20260806_visa_final_validation_s0_k2,visa,0,2,pcb4,text_prediction,D:\STUDY\My_github\sci_project\outputs\anomalyclip\visa_all_518_cached\pcb4.npz,191700568,1784942214314847900,1994085978ca463d7e879dbedf2805468eaab0a7263840bc26e27bc853ec4728
20260806_visa_final_validation_s0_k2,visa,0,2,pcb4,text_sample_id_sidecar,D:\STUDY\My_github\sci_project\outputs\dynamic_fusion\sidecars\anomalyclip_visa_518_verified\pcb4.sample_ids.npz,951,1785422959777554700,191d2cec0da17b1032acbedc1c5677bb381bb530a25a78b63af10261e09b79e6
20260806_visa_final_validation_s0_k2,visa,0,2,pipe_fryum,visual_prediction,D:\STUDY\My_github\sci_project\outputs\anomalydino\unified_matrix\seed_0_shot_2\predictions\pipe_fryum.npz,48661996,1785252464946566500,0f3ec9d5a5138667edb6be46e4fbe9a1bbe86d78a14d798c7b90717cee3e8070
20260806_visa_final_validation_s0_k2,visa,0,2,pipe_fryum,text_prediction,D:\STUDY\My_github\sci_project\outputs\anomalyclip\visa_all_518_cached\pipe_fryum.npz,141935575,1784942225554523100,bbdc05068b4bdbc4bf2daae2d29cd14ba4cd783d10049e67043636a705556397
20260806_visa_final_validation_s0_k2,visa,0,2,pipe_fryum,text_sample_id_sidecar,D:\STUDY\My_github\sci_project\outputs\dynamic_fusion\sidecars\anomalyclip_visa_518_verified\pipe_fryum.sample_ids.npz,806,1785422961380837400,9be3dcc86c366fe7244cda3c7a4466e52bbac5bf5cd60b88625be0460f36d885
20260806_visa_final_validation_s0_k4,visa,0,4,candle,visual_prediction,D:\STUDY\My_github\sci_project\outputs\anomalydino\unified_matrix\seed_0_shot_4\predictions\candle.npz,111716598,1785253298897104700,212611a32dbc83facf23e51896f137614c8cfbd4ac7653cde85296987b16c6fc
20260806_visa_final_validation_s0_k4,visa,0,4,candle,text_prediction,D:\STUDY\My_github\sci_project\outputs\anomalyclip\visa_all_518_cached\candle.npz,189929765,1784942086047407400,7801b7f77867874b1f90b93c03e663f8fd5480ecc2d7f4e03c08080b7095ef34
20260806_visa_final_validation_s0_k4,visa,0,4,candle,text_sample_id_sidecar,D:\STUDY\My_github\sci_project\outputs\dynamic_fusion\sidecars\anomalyclip_visa_518_verified\candle.sample_ids.npz,960,1785422945181788900,9d3eca28648db2a65c901ac5f24b21472317f3ab6188cda758fd4a04cd8c916d
20260806_visa_final_validation_s0_k4,visa,0,4,capsules,visual_prediction,D:\STUDY\My_github\sci_project\outputs\anomalydino\unified_matrix\seed_0_shot_4\predictions\capsules.npz,64810073,1785253304609449100,f09e0c07966d486c8ff8a665b34c6081bf2fa4c74724e52a93f30c77f1af2fe9
20260806_visa_final_validation_s0_k4,visa,0,4,capsules,text_prediction,D:\STUDY\My_github\sci_project\outputs\anomalyclip\visa_all_518_cached\capsules.npz,152189645,1784942096404439700,74194f7eee079f30993d6b2ea667756b0fbdbede0da199661b1bed774bea6a04
20260806_visa_final_validation_s0_k4,visa,0,4,capsules,text_sample_id_sidecar,D:\STUDY\My_github\sci_project\outputs\dynamic_fusion\sidecars\anomalyclip_visa_518_verified\capsules.sample_ids.npz,829,1785422946657279200,3eda58db3a24be7b7c37de18cd9272e76f267215949eb04ff49b022def0670a6
20260806_visa_final_validation_s0_k4,visa,0,4,cashew,visual_prediction,D:\STUDY\My_github\sci_project\outputs\anomalydino\unified_matrix\seed_0_shot_4\predictions\cashew.npz,45781876,1785253309428182600,eb6006f59e0379f448038f590dc6c3971e4b399d9fe1c36307caf6a656ccfd0d
20260806_visa_final_validation_s0_k4,visa,0,4,cashew,text_prediction,D:\STUDY\My_github\sci_project\outputs\anomalyclip\visa_all_518_cached\cashew.npz,142160161,1784942107716470800,c065d2d5aa7aa28b7b61e952c4cdac410a9e683e5d021905c990066a00a1eef4
20260806_visa_final_validation_s0_k4,visa,0,4,cashew,text_sample_id_sidecar,D:\STUDY\My_github\sci_project\outputs\dynamic_fusion\sidecars\anomalyclip_visa_518_verified\cashew.sample_ids.npz,772,1785422948014320900,6897059955703fae29ae517261723cf75a42a1ddb859744950fd56e24dac6de0
20260806_visa_final_validation_s0_k4,visa,0,4,chewinggum,visual_prediction,D:\STUDY\My_github\sci_project\outputs\anomalydino\unified_matrix\seed_0_shot_4\predictions\chewinggum.npz,44651852,1785253314358726700,512beb8cdad41a712945e2d1f47b6a45de46b8c6b66edb87829eabca6bd15d6e
20260806_visa_final_validation_s0_k4,visa,0,4,chewinggum,text_prediction,D:\STUDY\My_github\sci_project\outputs\anomalyclip\visa_all_518_cached\chewinggum.npz,141410064,1784942117899414300,9a245c167b7450e2cce2b07e07008bd4044ed6cb5c87c48706c8767d81442bc4
20260806_visa_final_validation_s0_k4,visa,0,4,chewinggum,text_sample_id_sidecar,D:\STUDY\My_github\sci_project\outputs\dynamic_fusion\sidecars\anomalyclip_visa_518_verified\chewinggum.sample_ids.npz,802,1785422949373102100,9904232c17e09dc566ba7f71a31b5896a9acf292deb7d665cfd6faf90bc2ddcb
20260806_visa_final_validation_s0_k4,visa,0,4,fryum,visual_prediction,D:\STUDY\My_github\sci_project\outputs\anomalydino\unified_matrix\seed_0_shot_4\predictions\fryum.npz,31058841,1785253318645167300,c2621298cfb7fdfc52c3c3f97e2a8da3fbc95289db57df3174432eb85e8850a2
20260806_visa_final_validation_s0_k4,visa,0,4,fryum,text_prediction,D:\STUDY\My_github\sci_project\outputs\anomalyclip\visa_all_518_cached\fryum.npz,142952421,1784942128597601400,3d6550a10faf2847571007dcedb95bd93d7fa21597770c71cde3c1ac08a3440d
20260806_visa_final_validation_s0_k4,visa,0,4,fryum,text_sample_id_sidecar,D:\STUDY\My_github\sci_project\outputs\dynamic_fusion\sidecars\anomalyclip_visa_518_verified\fryum.sample_ids.npz,768,1785422950771865200,2b210975ff56f3638e6627ab02557b8331ea4dba6d053df21710d54548933534
20260806_visa_final_validation_s0_k4,visa,0,4,macaroni1,visual_prediction,D:\STUDY\My_github\sci_project\outputs\anomalydino\unified_matrix\seed_0_shot_4\predictions\macaroni1.npz,63663642,1785253324562202400,966b3c314563eb9a5e7c9f6a88abcf35b62e537eb695c9de9797e311ec93b2da
20260806_visa_final_validation_s0_k4,visa,0,4,macaroni1,text_prediction,D:\STUDY\My_github\sci_project\outputs\anomalyclip\visa_all_518_cached\macaroni1.npz,189377396,1784942143620646500,5ac59dc8196204380f857ea6cdd1e13d93ac7448da69666c2f6a0ac0ad4e6c13
20260806_visa_final_validation_s0_k4,visa,0,4,macaroni1,text_sample_id_sidecar,D:\STUDY\My_github\sci_project\outputs\dynamic_fusion\sidecars\anomalyclip_visa_518_verified\macaroni1.sample_ids.npz,990,1785422952134585900,959d7816b21daa77df3de4801b82a8e0a87d8484d63d9268c41ffeb5f5a36a3f
20260806_visa_final_validation_s0_k4,visa,0,4,macaroni2,visual_prediction,D:\STUDY\My_github\sci_project\outputs\anomalydino\unified_matrix\seed_0_shot_4\predictions\macaroni2.npz,68459890,1785253330886335000,65ff1df090f9d87346fcc2788e408ac4082be275e8ab3b476c2a4a96f1e3e8f4
20260806_visa_final_validation_s0_k4,visa,0,4,macaroni2,text_prediction,D:\STUDY\My_github\sci_project\outputs\anomalyclip\visa_all_518_cached\macaroni2.npz,190936894,1784942156354684100,1d00eae8e8541bddfb8ec666c888552a10b5453ee0c6d5836db7eb779c5a7648
20260806_visa_final_validation_s0_k4,visa,0,4,macaroni2,text_sample_id_sidecar,D:\STUDY\My_github\sci_project\outputs\dynamic_fusion\sidecars\anomalyclip_visa_518_verified\macaroni2.sample_ids.npz,989,1785422953570930800,8bd64241f788688b910829811e2bd24b6e585af9e99757c82957793cec4d5408
20260806_visa_final_validation_s0_k4,visa,0,4,pcb1,visual_prediction,D:\STUDY\My_github\sci_project\outputs\anomalydino\unified_matrix\seed_0_shot_4\predictions\pcb1.npz,60840565,1785253336993640900,20d8b4642c56c8062693b9047af1748b749b23009edf318f601c67e3c3bb2e7f
20260806_visa_final_validation_s0_k4,visa,0,4,pcb1,text_prediction,D:\STUDY\My_github\sci_project\outputs\anomalyclip\visa_all_518_cached\pcb1.npz,189785912,1784942171093738900,e34b7a7a1ea8beb8106a3abd109fc6dd9cede842900eaeb751dd9b7c74c69154
20260806_visa_final_validation_s0_k4,visa,0,4,pcb1,text_sample_id_sidecar,D:\STUDY\My_github\sci_project\outputs\dynamic_fusion\sidecars\anomalyclip_visa_518_verified\pcb1.sample_ids.npz,950,1785422955080511900,cc51a4af36b2a7f4fc49254b1d4d84526dc192c835877e6ecf3f94980db298a0
20260806_visa_final_validation_s0_k4,visa,0,4,pcb2,visual_prediction,D:\STUDY\My_github\sci_project\outputs\anomalydino\unified_matrix\seed_0_shot_4\predictions\pcb2.npz,62456136,1785253343195772400,0e430c77e5e55b3ecbb7224ba838963d0c2101ff23fbf984effb29f9f76eb0da
20260806_visa_final_validation_s0_k4,visa,0,4,pcb2,text_prediction,D:\STUDY\My_github\sci_project\outputs\anomalyclip\visa_all_518_cached\pcb2.npz,189775159,1784942185481685100,7cf5e19c99ff58fb837513628c65bf225ca19454059b6a4e668afe2e61a3417e
20260806_visa_final_validation_s0_k4,visa,0,4,pcb2,text_sample_id_sidecar,D:\STUDY\My_github\sci_project\outputs\dynamic_fusion\sidecars\anomalyclip_visa_518_verified\pcb2.sample_ids.npz,953,1785422956591218700,f3034ab03d90e211142cd46f5647f83c9ac82f8e1699c6f5b70ec3c545a0d80f
20260806_visa_final_validation_s0_k4,visa,0,4,pcb3,visual_prediction,D:\STUDY\My_github\sci_project\outputs\anomalydino\unified_matrix\seed_0_shot_4\predictions\pcb3.npz,48111131,1785253348674292000,29d4b8b5a083a01115588d51bc087efd8ad7343dc94391e4e4e1380343163e9b
20260806_visa_final_validation_s0_k4,visa,0,4,pcb3,text_prediction,D:\STUDY\My_github\sci_project\outputs\anomalyclip\visa_all_518_cached\pcb3.npz,188598925,1784942201091103800,b970c1208a7690eb4840a4e909f48d5e41e622f25db471e7dbee6fb647e09642
20260806_visa_final_validation_s0_k4,visa,0,4,pcb3,text_sample_id_sidecar,D:\STUDY\My_github\sci_project\outputs\dynamic_fusion\sidecars\anomalyclip_visa_518_verified\pcb3.sample_ids.npz,958,1785422958081991700,fdcfb0b362ecc52ac32c81d0c7d588e377e45b79cb759c8717ff695ff7f1e0ab
20260806_visa_final_validation_s0_k4,visa,0,4,pcb4,visual_prediction,D:\STUDY\My_github\sci_project\outputs\anomalydino\unified_matrix\seed_0_shot_4\predictions\pcb4.npz,62909233,1785253354889869700,3866012e3ca7feecab6b448fd81fa969450e43da1b67c04dab9e95e395d34885
20260806_visa_final_validation_s0_k4,visa,0,4,pcb4,text_prediction,D:\STUDY\My_github\sci_project\outputs\anomalyclip\visa_all_518_cached\pcb4.npz,191700568,1784942214314847900,1994085978ca463d7e879dbedf2805468eaab0a7263840bc26e27bc853ec4728
20260806_visa_final_validation_s0_k4,visa,0,4,pcb4,text_sample_id_sidecar,D:\STUDY\My_github\sci_project\outputs\dynamic_fusion\sidecars\anomalyclip_visa_518_verified\pcb4.sample_ids.npz,951,1785422959777554700,191d2cec0da17b1032acbedc1c5677bb381bb530a25a78b63af10261e09b79e6
20260806_visa_final_validation_s0_k4,visa,0,4,pipe_fryum,visual_prediction,D:\STUDY\My_github\sci_project\outputs\anomalydino\unified_matrix\seed_0_shot_4\predictions\pipe_fryum.npz,48661043,1785253360002302200,0ec431cec5ad0add7a09fbdd56d2c25bbd7ddd0a1c1171a4b0e27d1575262360
20260806_visa_final_validation_s0_k4,visa,0,4,pipe_fryum,text_prediction,D:\STUDY\My_github\sci_project\outputs\anomalyclip\visa_all_518_cached\pipe_fryum.npz,141935575,1784942225554523100,bbdc05068b4bdbc4bf2daae2d29cd14ba4cd783d10049e67043636a705556397
20260806_visa_final_validation_s0_k4,visa,0,4,pipe_fryum,text_sample_id_sidecar,D:\STUDY\My_github\sci_project\outputs\dynamic_fusion\sidecars\anomalyclip_visa_518_verified\pipe_fryum.sample_ids.npz,806,1785422961380837400,9be3dcc86c366fe7244cda3c7a4466e52bbac5bf5cd60b88625be0460f36d885
